year,Name,population,gdp,co2
1951,Afghanistan,7879343,9.69228E+09,0.092
1952,Afghanistan,7987783,1.00173251E+10,0.092
1953,Afghanistan,8096703,1.063052E+10,0.106
1954,Afghanistan,8207953,1.086636E+10,0.106
1955,Afghanistan,8326981,1.1078186E+10,0.154
1956,Afghanistan,8454302,1.15812362E+10,0.183
1957,Afghanistan,8588340,1.15789732E+10,0.293
1958,Afghanistan,8723412,1.22388419E+10,0.33
1959,Afghanistan,8869271,1.25798748E+10,0.385
1960,Afghanistan,9035048,1.30332539E+10,0.414
1961,Afghanistan,9214082,1.31462871E+10,0.491
1962,Afghanistan,9404411,1.33676339E+10,0.689
1963,Afghanistan,9604491,1.36302981E+10,0.707
1964,Afghanistan,9814318,1.38705039E+10,0.839
1965,Afghanistan,10036003,1.418742E+10,1.007
1966,Afghanistan,10266397,1.43252644E+10,1.091
1967,Afghanistan,10505961,1.47340257E+10,1.282
1968,Afghanistan,10756924,1.525425E+10,1.223
1969,Afghanistan,11017417,1.54931937E+10,0.941
1970,Afghanistan,11290135,1.58122322E+10,1.67
1971,Afghanistan,11567672,1.57705134E+10,1.894
1972,Afghanistan,11853697,1.31705528E+10,1.53
1973,Afghanistan,12158000,1.35686308E+10,1.635
1974,Afghanistan,12469127,1.43091077E+10,1.913
1975,Afghanistan,12773967,1.51777679E+10,2.121
1976,Afghanistan,13059861,1.60236052E+10,1.981
1977,Afghanistan,13340758,1.520736E+10,2.384
1978,Afghanistan,13611445,1.633783E+10,2.153
1979,Afghanistan,13655572,1.59137884E+10,2.233
1980,Afghanistan,13169312,1.5329836E+10,1.756
1981,Afghanistan,11937587,1.56453437E+10,1.978
1982,Afghanistan,10991382,1.598041E+10,2.095
1983,Afghanistan,10917986,1.67553331E+10,2.52
1984,Afghanistan,11190220,1.70721526E+10,2.822
1985,Afghanistan,11426855,1.710848E+10,3.501
1986,Afghanistan,11420074,1.7641345E+10,3.134
1987,Afghanistan,11387824,1.5810816E+10,3.114
1988,Afghanistan,11523299,1.44990689E+10,2.857
1989,Afghanistan,11874088,1.34894971E+10,2.765
1990,Afghanistan,12045664,1.3065984E+10,2.024
1991,Afghanistan,12238879,1.2047362E+10,1.914
1992,Afghanistan,13278982,1.267754E+10,1.482
1993,Afghanistan,14943174,9.834582E+09,1.487
1994,Afghanistan,16250799,7.91985664E+09,1.454
1995,Afghanistan,17065836,1.23075256E+10,1.417
1996,Afghanistan,17763265,1.20701256E+10,1.37
1997,Afghanistan,18452100,1.1850753E+10,1.304
1998,Afghanistan,19159996,1.16921713E+10,1.279
1999,Afghanistan,19887791,1.15173161E+10,1.092
2000,Afghanistan,20130334,1.12837939E+10,1.047
2001,Afghanistan,20284303,1.10212731E+10,1.069
2002,Afghanistan,21378123,1.88048712E+10,1.341
2003,Afghanistan,22733054,2.10743439E+10,1.56
2004,Afghanistan,23560656,2.233257E+10,1.237
2005,Afghanistan,24404574,2.53976863E+10,1.89
2006,Afghanistan,25424100,2.87044E+10,2.159
2007,Afghanistan,25909852,3.450753E+10,2.8
2008,Afghanistan,26482629,3.65610435E+10,4.254
2009,Afghanistan,27466101,4.435872E+10,6.392
2010,Afghanistan,28284088,4.7399424E+10,8.365
2011,Afghanistan,29347709,5.3326336E+10,11.838
2012,Afghanistan,30560036,5.91669E+10,10.035
2013,Afghanistan,31622708,6.29937E+10,9.229
2014,Afghanistan,32792527,6.43461079E+10,9.086
2015,Afghanistan,33831765,6.27833938E+10,9.67
2016,Afghanistan,34700614,6.43722158E+10,8.906
2017,Afghanistan,35688942,6.516928E+10,9.677
2018,Afghanistan,36743040,6.599674E+10,10.602
2019,Afghanistan,37856126,7.308571E+10,10.825
2020,Afghanistan,39068978,7.141771E+10,11.606
2021,Afghanistan,40000411,5.663885E+10,10.272
2022,Afghanistan,40578846,5.33034721E+10,10.558
1951,Albania,1276364,2.0893623E+09,0.403
1952,Albania,1308369,2.13825587E+09,0.374
1953,Albania,1343582,2.28215962E+09,0.414
1954,Albania,1381087,2.41507277E+09,0.502
1955,Albania,1418855,2.62005274E+09,0.663
1956,Albania,1456823,2.72837325E+09,0.839
1957,Albania,1497952,2.9869696E+09,1.506
1958,Albania,1543981,3.21627546E+09,1.201
1959,Albania,1595023,3.45849523E+09,1.443
1960,Albania,1649393,3.75426278E+09,2.022
1961,Albania,1698800,3.90991283E+09,2.279
1962,Albania,1743738,4.163082E+09,2.462
1963,Albania,1791289,4.43327027E+09,2.081
1964,Albania,1841445,4.71996365E+09,2.015
1965,Albania,1894318,5.029351E+09,2.172
1966,Albania,1950047,5.35430758E+09,2.55
1967,Albania,2008523,5.70615654E+09,2.677
1968,Albania,2068849,6.07328154E+09,3.069
1969,Albania,2126885,6.46881E+09,3.241
1970,Albania,2181227,6.88821862E+09,3.739
1971,Albania,2234994,7.33736448E+09,4.348
1972,Albania,2289267,7.81152461E+09,5.638
1973,Albania,2344108,8.31728845E+09,5.286
1974,Albania,2399398,8.53939968E+09,4.342
1975,Albania,2454864,8.761643E+09,4.591
1976,Albania,2510582,8.99693E+09,4.947
1977,Albania,2566601,9.235805E+09,5.717
1978,Albania,2624621,9.474237E+09,6.491
1979,Albania,2681391,9.727295E+09,7.584
1980,Albania,2735423,9.993753E+09,5.171
1981,Albania,2790413,1.02487112E+10,7.34
1982,Albania,2846910,1.05171067E+10,7.308
1983,Albania,2905129,1.07959839E+10,7.631
1984,Albania,2964961,1.10800886E+10,7.826
1985,Albania,3026245,1.13714565E+10,7.882
1986,Albania,3087659,1.16697446E+10,8.058
1987,Albania,3148843,1.19753E+10,7.447
1988,Albania,3212924,1.22964244E+10,7.329
1989,Albania,3260370,1.26170184E+10,8.986
1990,Albania,3277964,1.29478492E+10,5.521
1991,Albania,3282607,9.375857E+09,4.29
1992,Albania,3282506,8.745675E+09,2.517
1993,Albania,3277830,9.636342E+09,2.338
1994,Albania,3269417,1.05961144E+10,1.924
1995,Albania,3258571,1.16007322E+10,2.089
1996,Albania,3245681,1.24688681E+10,2.018
1997,Albania,3229665,1.10201375E+10,1.543
1998,Albania,3210133,1.2026242E+10,1.755
1999,Albania,3188596,1.36736932E+10,2.986
2000,Albania,3166147,1.47368356E+10,3.025
2001,Albania,3147941,1.61039043E+10,3.221
2002,Albania,3134094,1.70372792E+10,3.748
2003,Albania,3118092,1.81710766E+10,4.303
2004,Albania,3098663,1.9346602E+10,4.177
2005,Albania,3076155,2.05628518E+10,4.261
2006,Albania,3050804,2.18899743E+10,3.911
2007,Albania,3022887,2.32592835E+10,3.949
2008,Albania,2992933,2.500623E+10,4.397
2009,Albania,2961487,2.582155E+10,4.407
2010,Albania,2928730,2.674782E+10,4.784
2011,Albania,2911500,2.74310472E+10,5.315
2012,Albania,2910003,2.78198129E+10,4.85
2013,Albania,2907570,2.8098562E+10,5.287
2014,Albania,2903748,2.85971681E+10,6
2015,Albania,2898634,2.92316652E+10,4.712
2016,Albania,2897868,3.02006927E+10,4.632
2017,Albania,2898247,3.13489756E+10,5.293
2018,Albania,2894231,3.26090015E+10,4.895
2019,Albania,2885012,3.32897464E+10,4.827
2020,Albania,2871951,3.21307259E+10,4.711
2021,Albania,2849643,3.48669747E+10,5.134
2022,Albania,2827615,3.6171006E+10,5.173
1951,Algeria,9269869,1.94803835E+10,4.131
1952,Algeria,9521212,2.035E+10,3.889
1953,Algeria,9772646,2.07981916E+10,3.999
1954,Algeria,10014393,2.20190147E+10,4.152
1955,Algeria,10247428,2.26657833E+10,4.607
1956,Algeria,10482183,2.48914043E+10,4.995
1957,Algeria,10717503,2.772104E+10,5.537
1958,Algeria,10953641,2.87286948E+10,5.214
1959,Algeria,11189621,3.39931464E+10,5.657
1960,Algeria,11424930,3.630613E+10,6.151
1961,Algeria,11628876,3.18968771E+10,6.056
1962,Algeria,11800768,2.51261645E+10,5.661
1963,Algeria,11982120,3.176697E+10,5.419
1964,Algeria,12179807,3.34334177E+10,5.643
1965,Algeria,12365980,3.56619756E+10,6.589
1966,Algeria,12590068,3.39326341E+10,8.421
1967,Algeria,12876116,3.709477E+10,8.432
1968,Algeria,13172615,4.142389E+10,9.05
1969,Algeria,13475958,4.538746E+10,11.263
1970,Algeria,13783725,4.994567E+10,15.059
1971,Algeria,14098938,4.570122E+10,18.65
1972,Algeria,14427076,5.52939069E+10,28.323
1973,Algeria,14771151,5.709785E+10,38.277
1974,Algeria,15133507,6.05778821E+10,31.877
1975,Algeria,15678601,6.48838144E+10,32.001
1976,Algeria,16409170,6.91501056E+10,39.131
1977,Algeria,17015987,7.543803E+10,41.845
1978,Algeria,17506978,8.510392E+10,62.455
1979,Algeria,18036655,9.27538954E+10,45.546
1980,Algeria,18607175,9.44816456E+10,66.416
1981,Algeria,19220708,9.686052E+10,46.342
1982,Algeria,19872354,1.03074E+11,39.173
1983,Algeria,20558121,1.0843E+11,52.504
1984,Algeria,21271969,1.14407E+11,70.947
1985,Algeria,22008541,1.20364E+11,72.609
1986,Algeria,22745500,1.19145E+11,76.08
1987,Algeria,23443628,1.18321E+11,83.883
1988,Algeria,24109537,1.15822E+11,83.708
1989,Algeria,24754488,1.19762E+11,79.808
1990,Algeria,25375816,1.17843E+11,76.738
1991,Algeria,25987937,1.21105E+11,78.807
1992,Algeria,26628568,1.27983E+11,79.883
1993,Algeria,27277040,1.30276E+11,81.944
1994,Algeria,27887276,1.3428E+11,88.608
1995,Algeria,28470194,1.45055E+11,96.777
1996,Algeria,29033045,1.56579E+11,100.039
1997,Algeria,29579300,1.64644E+11,88.369
1998,Algeria,30054135,1.79963E+11,106.537
1999,Algeria,30474359,1.9318E+11,91.449
2000,Algeria,30903895,2.08554E+11,85.399
2001,Algeria,31331226,2.2342E+11,86.839
2002,Algeria,31750833,2.45361E+11,90.692
2003,Algeria,32175813,2.73569E+11,94.581
2004,Algeria,32628286,2.96774E+11,91.714
2005,Algeria,33109258,3.26854E+11,110.993
2006,Algeria,33623505,3.45705E+11,105.896
2007,Algeria,34189420,3.71665E+11,109.889
2008,Algeria,34816962,3.95659E+11,111.087
2009,Algeria,35490443,4.18248E+11,118.856
2010,Algeria,36188236,4.50706E+11,118.353
2011,Algeria,36903375,4.82029E+11,125.095
2012,Algeria,37646164,4.98418E+11,135.674
2013,Algeria,38414176,5.12373E+11,140.786
2014,Algeria,39205035,5.31844E+11,151.283
2015,Algeria,40019528,5.51522E+11,160.087
2016,Algeria,40850720,5.6917E+11,158.482
2017,Algeria,41689304,5.77139E+11,165.174
2018,Algeria,42505033,5.84064E+11,172.705
2019,Algeria,43294550,5.89905E+11,179.907
2020,Algeria,44042093,5.5982E+11,168.178
2021,Algeria,44761101,5.78854E+11,179.596
2022,Algeria,45477391,5.9582E+11,184.558
1951,Angola,4602567,7.15685837E+09,0.249
1952,Angola,4651693,7.427327E+09,0.311
1953,Angola,4706358,7.70744269E+09,0.275
1954,Angola,4766716,7.4949463E+09,0.348
1955,Angola,4832774,8.0944983E+09,0.414
1956,Angola,4904275,7.94456474E+09,0.502
1957,Angola,4980651,8.703076E+09,0.619
1958,Angola,5061138,9.169781E+09,0.593
1959,Angola,5145106,9.207762E+09,0.619
1960,Angola,5231664,9.580296E+09,0.549
1961,Angola,5301584,1.05742879E+10,0.454
1962,Angola,5354314,1.026976E+10,1.179
1963,Angola,5408335,1.08230892E+10,1.15
1964,Angola,5464187,1.20976876E+10,1.223
1965,Angola,5521983,1.30629765E+10,1.186
1966,Angola,5581392,1.37625078E+10,1.552
1967,Angola,5641809,1.44462817E+10,0.992
1968,Angola,5702705,1.4258773E+10,1.67
1969,Angola,5763693,1.47460721E+10,2.783
1970,Angola,5852791,1.57966541E+10,3.578
1971,Angola,5991114,1.58436434E+10,3.405
1972,Angola,6174269,1.60880333E+10,4.501
1973,Angola,6388534,1.71871867E+10,4.874
1974,Angola,6613370,1.63278909E+10,4.866
1975,Angola,6842951,1.0064128E+10,4.409
1976,Angola,7074668,9.040012E+09,3.28
1977,Angola,7317836,9.245571E+09,3.528
1978,Angola,7576742,9.619385E+09,5.4
1979,Angola,7847208,9.853038E+09,5.489
1980,Angola,8133868,1.03303987E+10,5.334
1981,Angola,8435604,1.01198531E+10,5.267
1982,Angola,8751653,9.643454E+09,4.635
1983,Angola,9082985,9.325809E+09,5.101
1984,Angola,9425922,9.370042E+09,4.986
1985,Angola,9779125,9.420208E+09,4.676
1986,Angola,10139458,8.569987E+09,4.634
1987,Angola,10497864,9.540738E+09,5.786
1988,Angola,10861301,1.09118106E+10,5.049
1989,Angola,11238562,1.10892278E+10,4.923
1990,Angola,11626359,1.14825032E+10,5.09
1991,Angola,12023533,1.23411569E+10,5.064
1992,Angola,12423717,1.23634207E+10,5.164
1993,Angola,12827135,9.985478E+09,5.748
1994,Angola,13249762,1.07608146E+10,11.353
1995,Angola,13699780,1.314377E+10,12.617
1996,Angola,14170973,1.58198374E+10,15.249
1997,Angola,14660420,1.79722957E+10,15.884
1998,Angola,15159377,1.99050445E+10,16.513
1999,Angola,15667234,2.15274783E+10,17.261
2000,Angola,16194872,2.35121828E+10,15.995
2001,Angola,16747204,2.60150211E+10,15.908
2002,Angola,17327701,3.13898086E+10,16.08
2003,Angola,17943717,3.50813676E+10,17.484
2004,Angola,18600426,4.13072343E+10,17.016
2005,Angola,19291161,5.19676641E+10,15.387
2006,Angola,20015280,6.674958E+10,17.145
2007,Angola,20778569,8.708636E+10,17.588
2008,Angola,21578655,1.05593E+11,18.75
2009,Angola,22414774,1.15248E+11,20.668
2010,Angola,23294821,1.26984E+11,22.983
2011,Angola,24218358,1.40477E+11,23.397
2012,Angola,25177399,1.52477E+11,25.941
2013,Angola,26165616,1.60032E+11,25.71
2014,Angola,27160766,1.6775E+11,26.09
2015,Angola,28157801,1.69334E+11,27.507
2016,Angola,29183072,1.64965E+11,25.466
2017,Angola,30234837,1.64718E+11,23.595
2018,Angola,31297160,1.6255E+11,23.305
2019,Angola,32375632,1.61409E+11,22.047
2020,Angola,33451140,1.52309E+11,16.533
2021,Angola,34532427,1.53972E+11,19.196
2022,Angola,35635028,1.58346E+11,20.25
1951,Argentina,17356465,1.41645E+11,34.963
1952,Argentina,17698882,1.34417E+11,36.095
1953,Argentina,18041299,1.41635E+11,35.135
1954,Argentina,18381211,1.47492E+11,36.75
1955,Argentina,18716035,1.58009E+11,39.56
1956,Argentina,19049972,1.62343E+11,44.297
1957,Argentina,19383045,1.7071E+11,47.608
1958,Argentina,19714264,1.81174E+11,44.193
1959,Argentina,20049605,1.69429E+11,48.949
1960,Argentina,20386054,1.82678E+11,48.764
1961,Argentina,20726278,1.95762E+11,51.127
1962,Argentina,21072543,1.92597E+11,53.64
1963,Argentina,21421703,1.87955E+11,50.033
1964,Argentina,21769451,2.07333E+11,55.67
1965,Argentina,22112635,2.26285E+11,58.805
1966,Argentina,22453898,2.27835E+11,63.073
1967,Argentina,22799062,2.33929E+11,65.476
1968,Argentina,23150579,2.43886E+11,69.009
1969,Argentina,23508715,2.64721E+11,77.249
1970,Argentina,23878331,2.78897E+11,82.648
1971,Argentina,24257211,2.92439E+11,88.847
1972,Argentina,24644332,3.0157E+11,90.067
1973,Argentina,25046008,3.19938E+11,93.976
1974,Argentina,25461353,3.40686E+11,95.48
1975,Argentina,25874106,3.37656E+11,94.845
1976,Argentina,26282282,3.36841E+11,99.699
1977,Argentina,26701814,3.57158E+11,100.706
1978,Argentina,27132164,3.41467E+11,102.556
1979,Argentina,27568894,3.65906E+11,110.616
1980,Argentina,28011596,3.71077E+11,108.656
1981,Argentina,28463957,3.49782E+11,101.969
1982,Argentina,28924269,3.38762E+11,103.351
1983,Argentina,29391333,3.50707E+11,105.142
1984,Argentina,29863091,3.57844E+11,106.452
1985,Argentina,30336448,3.34171E+11,100.531
1986,Argentina,30811983,3.58635E+11,104.15
1987,Argentina,31291764,3.67894E+11,114.877
1988,Argentina,31780533,3.60921E+11,121.405
1989,Argentina,32270958,3.38521E+11,117.02
1990,Argentina,32755907,3.38751E+11,112.149
1991,Argentina,33230292,3.76058E+11,117.755
1992,Argentina,33693532,4.1668E+11,121.535
1993,Argentina,34152718,4.4478E+11,118.001
1994,Argentina,34613491,4.72927E+11,118.469
1995,Argentina,35070016,4.61601E+11,125.277
1996,Argentina,35513794,4.89406E+11,131.15
1997,Argentina,35947790,5.31526E+11,136.553
1998,Argentina,36372863,5.54567E+11,139.32
1999,Argentina,36794686,5.38271E+11,148.304
2000,Argentina,37213985,5.36481E+11,143.469
2001,Argentina,37624818,5.14867E+11,135.137
2002,Argentina,38029346,4.60559E+11,124.931
2003,Argentina,38424284,5.03104E+11,134.481
2004,Argentina,38815915,5.50306E+11,157.049
2005,Argentina,39216787,6.0105E+11,161.589
2006,Argentina,39622113,6.52297E+11,174.309
2007,Argentina,40016766,7.14725E+11,173.581
2008,Argentina,40424149,7.47157E+11,187.342
2009,Argentina,40854832,7.05921E+11,178.181
2010,Argentina,41288694,7.85785E+11,185.946
2011,Argentina,41730655,8.37743E+11,189.775
2012,Argentina,42161718,8.29147E+11,191.362
2013,Argentina,42582454,8.49088E+11,189.538
2014,Argentina,43024072,8.27751E+11,188.397
2015,Argentina,43477009,8.50357E+11,191.744
2016,Argentina,43900312,8.32669E+11,189.92
2017,Argentina,44288898,8.56142E+11,186.899
2018,Argentina,44654876,8.33737E+11,180.599
2019,Argentina,44973468,8.17054E+11,178.508
2020,Argentina,45191960,7.35814E+11,165.121
2021,Argentina,45312283,8.12324E+11,191.108
2022,Argentina,45407904,8.54914E+11,204.081
1973,Armenia,2630860,2.660365E+10,6.064
1980,Armenia,3107420,2.894415E+10,7.73
1981,Armenia,3135355,3.02299034E+10,7.596
1982,Armenia,3163145,3.157214E+10,7.741
1983,Armenia,3191547,3.226006E+10,7.857
1984,Armenia,3224549,3.38252943E+10,7.931
1985,Armenia,3260440,3.53714831E+10,8.546
1986,Armenia,3294858,3.55680379E+10,8.138
1987,Armenia,3328525,3.395664E+10,8.165
1988,Armenia,3355124,3.26987264E+10,9.294
1989,Armenia,3443095,3.50060667E+10,9.414
1990,Armenia,3552129,3.26501151E+10,8.999
1991,Armenia,3613977,2.79598E+10,7.38
1992,Armenia,3571869,1.57777684E+10,5.724
1993,Armenia,3453338,1.31531151E+10,2.51
1994,Armenia,3364620,1.344164E+10,2.685
1995,Armenia,3307585,1.4085548E+10,3.363
1996,Armenia,3278738,1.43631626E+10,2.5
1997,Armenia,3246292,1.44022241E+10,3.253
1998,Armenia,3208400,1.48419768E+10,3.419
1999,Armenia,3167282,1.48506941E+10,3.04
2000,Armenia,3125630,1.52448256E+10,3.491
2001,Armenia,3084350,1.61841377E+10,3.533
2002,Armenia,3055635,1.80181135E+10,3.077
2003,Armenia,3038976,1.99287726E+10,3.456
2004,Armenia,3022544,2.135096E+10,3.691
2005,Armenia,3006360,2.362654E+10,4.376
2006,Armenia,2990371,2.5937836E+10,4.402
2007,Armenia,2974825,2.86103654E+10,5.1
2008,Armenia,2959996,2.96724685E+10,5.575
2009,Armenia,2945518,2.47047373E+10,4.363
2010,Armenia,2931083,2.448567E+10,4.253
2011,Armenia,2923267,2.486052E+10,4.969
2012,Armenia,2922528,2.66340659E+10,5.748
2013,Armenia,2922528,2.7542825E+10,5.535
2014,Armenia,2922433,2.85362913E+10,5.604
2015,Armenia,2921179,2.94648648E+10,5.469
2016,Armenia,2918795,2.95223214E+10,5.203
2017,Armenia,2914967,3.17418045E+10,5.54
2018,Armenia,2909970,3.340032E+10,5.822
2019,Armenia,2903975,3.59490929E+10,6.284
2020,Armenia,2890894,3.33783777E+10,6.795
2021,Armenia,2870339,3.52755958E+10,7.417
2022,Armenia,2880883,3.97217341E+10,7.165
1951,Australia,8418614,1.01838E+11,61.122
1952,Australia,8630704,1.02765E+11,62.447
1953,Australia,8816084,1.05967E+11,63.036
1954,Australia,8999382,1.12566E+11,67.943
1955,Australia,9205190,1.187E+11,71.968
1956,Australia,9424661,1.22786E+11,75.482
1957,Australia,9638771,1.25244E+11,75.479
1958,Australia,9847636,1.31258E+11,77.936
1959,Australia,10060034,1.39342E+11,83.072
1960,Australia,10280815,1.45193E+11,87.444
1961,Australia,10500443,1.46189E+11,87.01
1962,Australia,10707235,1.55329E+11,90.909
1963,Australia,10913271,1.64835E+11,95.996
1964,Australia,11128257,1.76116E+11,103.545
1965,Australia,11357478,1.85112E+11,113.605
1966,Australia,11592486,1.90258E+11,115.736
1967,Australia,11810519,2.03111E+11,122.281
1968,Australia,12030011,2.15047E+11,128.768
1969,Australia,12272387,2.28127E+11,136.414
1970,Australia,12599414,2.42645E+11,147.861
1971,Australia,12997962,2.5344E+11,151.116
1972,Australia,13304896,2.60536E+11,153.598
1973,Australia,13518687,2.74659E+11,170.144
1974,Australia,13719499,2.81474E+11,166.183
1975,Australia,13893985,2.89103E+11,173.102
1976,Australia,14046757,3.00756E+11,169.803
1977,Australia,14203512,3.03888E+11,181.915
1978,Australia,14367097,3.12728E+11,191.052
1979,Australia,14533034,3.29194E+11,192.322
1980,Australia,14721343,3.35756E+11,204.37
1981,Australia,14949209,3.48727E+11,213.81
1982,Australia,15192485,3.48301E+11,218.001
1983,Australia,15414891,3.48354E+11,207.645
1984,Australia,15620650,3.7238E+11,217.516
1985,Australia,15835742,3.91229E+11,224.556
1986,Australia,16069630,3.99344E+11,224.04
1987,Australia,16322272,4.19094E+11,234.6
1988,Australia,16594102,4.37913E+11,240.737
1989,Australia,16869361,4.57176E+11,256.837
1990,Australia,17126301,4.64137E+11,278.16
1991,Australia,17353191,4.61302E+11,279.534
1992,Australia,17549282,4.78634E+11,284.529
1993,Australia,17722905,5.01525E+11,288.874
1994,Australia,17897430,5.27993E+11,293.701
1995,Australia,18095338,5.49039E+11,305.056
1996,Australia,18305299,5.74766E+11,311.941
1997,Australia,18504909,6.01473E+11,320.333
1998,Australia,18701707,6.34847E+11,334.136
1999,Australia,18909979,6.64521E+11,343.959
2000,Australia,19132473,6.92059E+11,350.008
2001,Australia,19365437,7.1389E+11,357.784
2002,Australia,19595357,7.47066E+11,362.537
2003,Australia,19819450,7.74451E+11,369.63
2004,Australia,20046680,8.09792E+11,383.159
2005,Australia,20294490,8.40092E+11,386.176
2006,Australia,20590565,8.66679E+11,392.36
2007,Australia,20954545,9.11251E+11,399.475
2008,Australia,21370595,9.3789E+11,404.84
2009,Australia,21783014,9.6313E+11,407.094
2010,Australia,22141583,9.93854E+11,405.131
2011,Australia,22479778,1.024E+12,403.858
2012,Australia,22852649,1.06266E+12,406.197
2013,Australia,23236271,1.08607E+12,399.068
2014,Australia,23595599,1.11389E+12,392.729
2015,Australia,23947998,1.1393E+12,401.497
2016,Australia,24329961,1.16997E+12,410.388
2017,Australia,24731044,1.19783E+12,413.818
2018,Australia,25119700,1.23158E+12,415.591
2019,Australia,25482714,1.25551E+12,415.77
2020,Australia,25743787,1.23226E+12,399.184
2021,Australia,25956416,1.29671E+12,389.02
2022,Australia,26200987,1.34425E+12,384.362
1951,Austria,6930485,4.376963E+10,23.264
1952,Austria,6927254,4.38043034E+10,22.07
1953,Austria,6932082,4.57127936E+10,21.715
1954,Austria,6939893,5.039286E+10,24.506
1955,Austria,6946661,5.59502131E+10,29.07
1956,Austria,6952266,5.98111437E+10,28.205
1957,Austria,6965837,6.346595E+10,29.179
1958,Austria,6987344,6.57929626E+10,28.087
1959,Austria,7014269,6.76532224E+10,27.91
1960,Austria,7047274,7.322992E+10,30.784
1961,Austria,7086061,7.711311E+10,31.824
1962,Austria,7129580,7.89846344E+10,33.865
1963,Austria,7175502,8.219174E+10,36.949
1964,Austria,7223393,8.713349E+10,38.896
1965,Austria,7270413,8.963552E+10,38.141
1966,Austria,7321523,9.467431E+10,39.209
1967,Austria,7376293,9.75608E+10,39.916
1968,Austria,7414628,1.01902E+11,42.297
1969,Austria,7440308,1.08305E+11,44.638
1970,Austria,7466321,1.16016E+11,50.632
1971,Austria,7499636,1.2195E+11,52.069
1972,Austria,7543264,1.29526E+11,56.071
1973,Austria,7585107,1.35852E+11,60.016
1974,Austria,7597963,1.41213E+11,57.294
1975,Austria,7577832,1.40695E+11,54.214
1976,Austria,7564457,1.47134E+11,58.204
1977,Austria,7567332,1.54018E+11,55.994
1978,Austria,7561204,1.53462E+11,57.226
1979,Austria,7548345,1.61829E+11,61.321
1980,Austria,7548405,1.65574E+11,52.025
1981,Austria,7567550,1.65408E+11,55.833
1982,Austria,7573077,1.68565E+11,53.565
1983,Austria,7561166,1.73294E+11,51.668
1984,Austria,7560716,1.73866E+11,54.214
1985,Austria,7564311,1.77761E+11,54.366
1986,Austria,7569397,1.81933E+11,53.729
1987,Austria,7574314,1.84993E+11,57.374
1988,Austria,7585347,1.90846E+11,52.937
1989,Austria,7620406,1.98919E+11,53.696
1990,Austria,7679626,2.07979E+11,62.184
1991,Austria,7757140,2.15993E+11,65.782
1992,Austria,7842716,2.21401E+11,60.283
1993,Austria,7907492,2.23463E+11,60.709
1994,Austria,7938156,2.29749E+11,61.083
1995,Austria,7950322,2.36824E+11,64.061
1996,Austria,7960918,2.43481E+11,67.405
1997,Austria,7969802,2.49847E+11,67.302
1998,Austria,7978465,2.59776E+11,66.937
1999,Austria,7993895,2.70186E+11,65.668
2000,Austria,8012929,2.8041E+11,66.177
2001,Austria,8042232,2.85336E+11,70.166
2002,Austria,8081638,2.91231E+11,71.969
2003,Austria,8122605,2.94489E+11,77.396
2004,Austria,8173494,3.03692E+11,77.694
2005,Austria,8229204,3.11441E+11,79.092
2006,Austria,8269902,3.23237E+11,76.812
2007,Austria,8296949,3.36304E+11,74.112
2008,Austria,8323250,3.42893E+11,73.49
2009,Austria,8345072,3.31119E+11,67.307
2010,Austria,8365087,3.38832E+11,72.008
2011,Austria,8393272,3.49713E+11,69.901
2012,Austria,8431598,3.52093E+11,67.274
2013,Austria,8481411,3.52183E+11,67.767
2014,Austria,8547812,3.54512E+11,64.166
2015,Austria,8644037,3.58108E+11,66.357
2016,Austria,8737920,3.65233E+11,67.217
2017,Austria,8798780,3.73482E+11,69.598
2018,Austria,8841652,3.8254E+11,66.562
2019,Austria,8880875,3.88345E+11,67.946
2020,Austria,8921402,3.63281E+11,62.176
2021,Austria,8967053,3.79835E+11,65.757
2022,Austria,9064679,3.98815E+11,61.489
1973,Azerbaijan,5476614,3.885827E+10,36.484
1980,Azerbaijan,6284707,4.423213E+10,46.399
1981,Azerbaijan,6385606,4.69662761E+10,45.545
1982,Azerbaijan,6491435,4.987668E+10,46.407
1983,Azerbaijan,6602332,5.182691E+10,47.077
1984,Azerbaijan,6706289,5.49996134E+10,47.504
1985,Azerbaijan,6799822,5.71818762E+10,51.216
1986,Azerbaijan,6891349,5.87045847E+10,53.339
1987,Azerbaijan,6977657,6.183143E+10,50.559
1988,Azerbaijan,7081403,6.50702438E+10,51.568
1989,Azerbaijan,7167583,5.980371E+10,51.56
1990,Azerbaijan,7231085,5.32356E+10,51.318
1991,Azerbaijan,7314314,5.34266225E+10,50.047
1992,Azerbaijan,7405779,4.17952932E+10,56.174
1993,Azerbaijan,7504118,3.24864389E+10,48.406
1994,Azerbaijan,7608896,2.6372096E+10,41.945
1995,Azerbaijan,7719283,2.31882752E+10,33.309
1996,Azerbaijan,7830982,2.402638E+10,31.242
1997,Azerbaijan,7936220,2.64369336E+10,29.843
1998,Azerbaijan,8025808,2.832846E+10,31.785
1999,Azerbaijan,8100472,3.18985748E+10,28.822
2000,Azerbaijan,8174783,3.42557061E+10,29.765
2001,Azerbaijan,8251776,3.68621773E+10,28.415
2002,Azerbaijan,8326141,4.02952151E+10,28.57
2003,Azerbaijan,8400529,4.49946378E+10,30.488
2004,Azerbaijan,8489875,5.010748E+10,32.253
2005,Azerbaijan,8597248,6.40191734E+10,34.194
2006,Azerbaijan,8711380,8.702641E+10,34.522
2007,Azerbaijan,8828316,1.09944E+11,30.037
2008,Azerbaijan,8942637,1.2313E+11,33.037
2009,Azerbaijan,9046336,1.3602E+11,29.103
2010,Azerbaijan,9146852,1.44297E+11,27.549
2011,Azerbaijan,9256154,1.4598E+11,30.21
2012,Azerbaijan,9376181,1.49196E+11,32.773
2013,Azerbaijan,9504417,1.57914E+11,33.555
2014,Azerbaijan,9631136,1.62332E+11,34.348
2015,Azerbaijan,9752859,1.64037E+11,34.683
2016,Azerbaijan,9868434,1.59011E+11,34.727
2017,Azerbaijan,9968511,1.59256E+11,34.699
2018,Azerbaijan,10039778,1.61645E+11,34.569
2019,Azerbaijan,10110486,1.65653E+11,37.746
2020,Azerbaijan,10181736,1.58698E+11,36.233
2021,Azerbaijan,10234373,1.67585E+11,38.293
2022,Azerbaijan,10295307,1.75371E+11,40.391
1951,Bahrain,120765,409531136,1.176
1952,Bahrain,124465,435295456,1.286
1953,Bahrain,128386,462638336,0.997
1954,Bahrain,132575,492007168,1.044
1955,Bahrain,137081,5.228356E+08,1.403
1956,Bahrain,141931,5.557512E+08,1.055
1957,Bahrain,147163,5.909476E+08,0.755
1958,Bahrain,152823,6.278221E+08,1.29
1959,Bahrain,158935,667520448,1.312
1960,Bahrain,165490,7.099287E+08,0.575
1961,Bahrain,172358,7.549504E+08,1.77
1962,Bahrain,179361,802943936,1.59
1963,Bahrain,186510,854703360,1.194
1964,Bahrain,193830,9.095145E+08,1.598
1965,Bahrain,200877,967989952,1.227
1966,Bahrain,207550,1.0293625E+09,0.649
1967,Bahrain,214198,1.096433E+09,1.004
1968,Bahrain,219348,1.16602752E+09,1.103
1969,Bahrain,222480,1.2414199E+09,1.271
1970,Bahrain,224816,1.32560064E+09,2.59
1971,Bahrain,230745,1.43090586E+09,3.037
1972,Bahrain,242128,1.54451354E+09,3.679
1973,Bahrain,255334,1.66686451E+09,5.518
1974,Bahrain,269047,1.8106688E+09,5.401
1975,Bahrain,283251,1.6179488E+09,5.749
1976,Bahrain,297870,1.88141939E+09,6.57
1977,Bahrain,312826,2.10685248E+09,7.464
1978,Bahrain,328059,2.26967885E+09,7.76
1979,Bahrain,343460,2.261751E+09,8.127
1980,Bahrain,358991,2.4308905E+09,7.881
1981,Bahrain,373532,2.49856051E+09,8.519
1982,Bahrain,386990,2.65937587E+09,9.831
1983,Bahrain,400722,2.84547917E+09,8.222
1984,Bahrain,415165,2.96576051E+09,9.2
1985,Bahrain,430365,2.95577933E+09,10.186
1986,Bahrain,446290,3.02414541E+09,11.003
1987,Bahrain,462864,3.084997E+09,11.421
1988,Bahrain,479931,3.19343027E+09,12.077
1989,Bahrain,497329,3.272824E+09,11.652
1990,Bahrain,514800,3.274114E+09,11.494
1991,Bahrain,531883,3.651057E+09,11.329
1992,Bahrain,547754,4.256668E+09,10.402
1993,Bahrain,562820,4.9784663E+09,16.748
1994,Bahrain,577960,5.580194E+09,14.352
1995,Bahrain,593228,6.161509E+09,14.744
1996,Bahrain,608595,6.8720425E+09,15.942
1997,Bahrain,624020,7.57428838E+09,17.221
1998,Bahrain,639391,8.524456E+09,18.276
1999,Bahrain,654621,9.667912E+09,18.254
2000,Bahrain,669590,1.10322893E+10,19.199
2001,Bahrain,699964,1.20749875E+10,19.679
2002,Bahrain,752206,1.37874534E+10,20.112
2003,Bahrain,811278,1.65352878E+10,20.976
2004,Bahrain,871449,1.96334653E+10,21.204
2005,Bahrain,932619,2.28733256E+10,24.487
2006,Bahrain,994626,2.61497979E+10,24.036
2007,Bahrain,1057418,3.01195182E+10,26.626
2008,Bahrain,1120717,3.354885E+10,29.525
2009,Bahrain,1183616,3.59372227E+10,28.098
2010,Bahrain,1213250,3.977805E+10,29.075
2011,Bahrain,1206734,4.3727147E+10,28.468
2012,Bahrain,1216308,4.535729E+10,27.119
2013,Bahrain,1257206,4.781384E+10,31.158
2014,Bahrain,1312858,4.989423E+10,30.9
2015,Bahrain,1369656,5.11340954E+10,32.46
2016,Bahrain,1429609,5.295345E+10,31.56
2017,Bahrain,1482004,5.522621E+10,32.835
2018,Bahrain,1497634,5.63914834E+10,32.633
2019,Bahrain,1485675,5.7613484E+10,37.58
2020,Bahrain,1483081,5.49373379E+10,37.396
2021,Bahrain,1501762,5.640417E+10,36.196
2022,Bahrain,1533459,5.876976E+10,35.652
1951,Bangladesh,42022310,3.9781163E+10,1.226
1952,Bangladesh,42893013,4.09747825E+10,1.295
1953,Bangladesh,43791389,4.155335E+10,1.318
1954,Bangladesh,44741297,4.23730872E+10,1.339
1955,Bangladesh,45767687,4.016661E+10,1.379
1956,Bangladesh,46854418,4.430539E+10,1.634
1957,Bangladesh,48004665,4.338775E+10,1.689
1958,Bangladesh,49184052,4.258251E+10,1.896
1959,Bangladesh,50441766,4.479877E+10,1.84
1960,Bangladesh,51828663,4.74410148E+10,2.212
1961,Bangladesh,53310344,5.008229E+10,2.29
1962,Bangladesh,54881155,4.98164244E+10,2.517
1963,Bangladesh,56504405,5.51022223E+10,2.893
1964,Bangladesh,58178373,5.57377E+10,2.975
1965,Bangladesh,59902521,5.84154522E+10,3.121
1966,Bangladesh,61669811,5.9220693E+10,3.176
1967,Bangladesh,63510933,5.78069463E+10,3.371
1968,Bangladesh,65408278,6.323903E+10,3.866
1969,Bangladesh,67294130,6.41084457E+10,3.749
1970,Bangladesh,69058900,6.760068E+10,3.803
1971,Bangladesh,70276759,6.45857731E+10,3.606
1972,Bangladesh,71641525,5.70363331E+10,3.506
1973,Bangladesh,73722297,5.73270958E+10,4.55
1974,Bangladesh,75839350,6.503783E+10,4.653
1975,Bangladesh,77854353,6.419658E+10,4.857
1976,Bangladesh,79855319,6.7082027E+10,5.556
1977,Bangladesh,81867267,6.770429E+10,5.785
1978,Bangladesh,83889659,7.27096E+10,5.984
1979,Bangladesh,85935069,7.631289E+10,6.613
1980,Bangladesh,88016436,7.694517E+10,7.597
1981,Bangladesh,90303105,7.947432E+10,7.886
1982,Bangladesh,92814506,8.049242E+10,8.552
1983,Bangladesh,95335162,8.44562E+10,8.188
1984,Bangladesh,97814966,8.900451E+10,9.077
1985,Bangladesh,100253825,9.171761E+10,10.189
1986,Bangladesh,102635570,9.575752E+10,11.406
1987,Bangladesh,104959291,9.966304E+10,11.8
1988,Bangladesh,107216011,1.02457E+11,13.478
1989,Bangladesh,109433805,1.05142E+11,13.382
1990,Bangladesh,111633723,1.12105E+11,14.082
1991,Bangladesh,113787112,1.17332E+11,14.753
1992,Bangladesh,115952198,1.23425E+11,15.391
1993,Bangladesh,118132363,1.29907E+11,16.074
1994,Bangladesh,120343183,1.37433E+11,17.553
1995,Bangladesh,122600371,1.45833E+11,21.056
1996,Bangladesh,124862185,1.55029E+11,21.507
1997,Bangladesh,127198069,1.6533E+11,23.144
1998,Bangladesh,129622333,1.75901E+11,23.216
1999,Bangladesh,132108064,1.87795E+11,25.093
2000,Bangladesh,134544303,2.00824E+11,26.539
2001,Bangladesh,136805812,2.13165E+11,31.064
2002,Bangladesh,138933659,2.26285E+11,32.007
2003,Bangladesh,140970356,2.42326E+11,33.496
2004,Bangladesh,142902855,2.60373E+11,35.982
2005,Bangladesh,144715789,2.80264E+11,37.717
2006,Bangladesh,146405982,3.03255E+11,41.726
2007,Bangladesh,147989283,3.27073E+11,42.675
2008,Bangladesh,149474264,3.49461E+11,45.341
2009,Bangladesh,150873716,3.72693E+11,49.188
2010,Bangladesh,152201977,4.00088E+11,54.036
2011,Bangladesh,153591075,4.31419E+11,55.593
2012,Bangladesh,155070111,4.58457E+11,59.704
2013,Bangladesh,156532135,4.86135E+11,64.763
2014,Bangladesh,157964931,5.16794E+11,67.552
2015,Bangladesh,159383180,5.52105E+11,76.949
2016,Bangladesh,160811935,5.89933E+11,81.762
2017,Bangladesh,162186147,6.30958E+11,86.53
2018,Bangladesh,163523108,6.78912E+11,86.611
2019,Bangladesh,164913060,7.17215E+11,94.808
2020,Bangladesh,166298024,7.54358E+11,95.454
2021,Bangladesh,167658855,8.07308E+11,107.621
2022,Bangladesh,169384890,8.58144E+11,113.863
1951,Barbados,213410,7.55295E+08,0.11
1952,Barbados,216516,7.9679E+08,0.088
1953,Barbados,219243,8.40463E+08,0.11
1954,Barbados,221568,8.88075E+08,0.114
1955,Barbados,223298,9.38191E+08,0.128
1956,Barbados,224520,9.9214E+08,0.128
1957,Barbados,225804,1.049996E+09,0.136
1958,Barbados,227267,1.10694E+09,0.15
1959,Barbados,228789,1.167243E+09,0.15
1960,Barbados,230901,1.233312E+09,0.172
1961,Barbados,233155,1.30709E+09,0.194
1962,Barbados,235236,1.356367E+09,0.26
1963,Barbados,237566,1.393623E+09,0.191
1964,Barbados,239969,1.480715E+09,0.18
1965,Barbados,242420,1.51998E+09,0.205
1966,Barbados,245010,1.622028E+09,0.267
1967,Barbados,247099,1.783096E+09,0.337
1968,Barbados,248554,2.02296E+09,0.44
1969,Barbados,249443,2.210033E+09,0.48
1970,Barbados,249398,2.437083E+09,0.429
1971,Barbados,249177,2.533874E+09,0.484
1972,Barbados,249663,2.557214E+09,0.502
1973,Barbados,250331,2.59494E+09,0.48
1974,Barbados,250787,2.47968E+09,0.491
1975,Barbados,251188,2.426775E+09,0.568
1976,Barbados,251455,2.535056E+09,0.531
1977,Barbados,251631,2.624709E+09,0.59
1978,Barbados,251566,2.7535E+09,0.63
1979,Barbados,251276,2.971087E+09,0.601
1980,Barbados,251532,3.104136E+09,0.674
1981,Barbados,252274,3.04038E+09,0.685
1982,Barbados,253097,2.890272E+09,0.645
1983,Barbados,253992,2.911845E+09,0.685
1984,Barbados,254930,3.013632E+09,0.747
1985,Barbados,255831,3.044936E+09,0.846
1986,Barbados,256628,3.200232E+09,0.915
1987,Barbados,257286,3.284897E+09,0.941
1988,Barbados,257768,3.40262E+09,0.945
1989,Barbados,258111,3.522978E+09,0.989
1990,Barbados,258581,3.404428E+09,1.026
1991,Barbados,259382,3.234507E+09,1.184
1992,Barbados,260273,3.02822554E+09,1.164
1993,Barbados,261034,3.017397E+09,0.932
1994,Barbados,261627,3.04528435E+09,0.933
1995,Barbados,262044,3.07499443E+09,1.019
1996,Barbados,262290,3.163662E+09,1.042
1997,Barbados,262404,3.27361741E+09,1.152
1998,Barbados,262437,3.35627034E+09,1.224
1999,Barbados,262521,3.34095974E+09,1.294
2000,Barbados,262069,3.45240627E+09,1.305
2001,Barbados,262428,3.33084979E+09,1.304
2002,Barbados,264151,3.31903078E+09,1.317
2003,Barbados,265787,3.36235981E+09,1.359
2004,Barbados,267296,3.369967E+09,1.383
2005,Barbados,268719,3.46624614E+09,1.429
2006,Barbados,270010,3.62205542E+09,1.467
2007,Barbados,271296,3.642718E+09,1.473
2008,Barbados,272718,3.61846835E+09,1.733
2009,Barbados,274137,3.4468823E+09,1.7
2010,Barbados,275250,3.418936E+09,1.563
2011,Barbados,276149,3.40669E+09,1.626
2012,Barbados,276947,3.41568E+09,1.551
2013,Barbados,277670,3.412801E+09,1.533
2014,Barbados,278355,3.4162E+09,1.382
2015,Barbados,278997,3.448059E+09,1.368
2016,Barbados,279604,3.5282857E+09,1.408
2017,Barbados,280176,3.55402E+09,1.388
2018,Barbados,280715,3.52629171E+09,1.476
2019,Barbados,281216,3.53558682E+09,1.429
2020,Barbados,281705,3.08522445E+09,1.237
2021,Barbados,282156,3.061072E+09,1.176
2022,Barbados,282324,3.408006E+09,1.143
1973,Belarus,9205708,7.704135E+10,76.569
1980,Belarus,9603173,9.148984E+10,97.138
1981,Belarus,9678047,9.561242E+10,95.309
1982,Belarus,9748285,9.99098E+10,97.079
1983,Belarus,9815555,1.05018E+11,98.436
1984,Belarus,9881697,1.08631E+11,99.274
1985,Belarus,9944185,1.09799E+11,106.993
1986,Belarus,10004288,1.12796E+11,121.419
1987,Belarus,10057608,1.14071E+11,111.763
1988,Belarus,10107636,1.13655E+11,114.796
1989,Belarus,10158780,1.21119E+11,109.11
1990,Belarus,10186257,1.16975E+11,108.345
1991,Belarus,10193888,1.14006E+11,104.072
1992,Belarus,10217561,1.01881E+11,93.483
1993,Belarus,10241320,9.305021E+10,80.562
1994,Belarus,10230192,8.121266E+10,67.879
1995,Belarus,10197466,7.137334E+10,60.906
1996,Belarus,10164023,7.250413E+10,61.735
1997,Belarus,10122364,7.986808E+10,61.588
1998,Belarus,10080580,8.560247E+10,60.073
1999,Belarus,10039223,8.745501E+10,57.966
2000,Belarus,9991311,9.14191155E+10,54.906
2001,Belarus,9938068,9.462412E+10,54.003
2002,Belarus,9873451,9.826326E+10,53.844
2003,Belarus,9803174,1.03938E+11,55.088
2004,Belarus,9735090,1.14486E+11,58.254
2005,Belarus,9667831,1.23858E+11,59.31
2006,Belarus,9608041,1.34674E+11,61.744
2007,Belarus,9563136,1.44616E+11,60.218
2008,Belarus,9529357,1.57577E+11,62.836
2009,Belarus,9507334,1.5601E+11,60.578
2010,Belarus,9490752,1.6624E+11,62.445
2011,Belarus,9472737,1.7312E+11,61.308
2012,Belarus,9463075,1.7594E+11,62.545
2013,Belarus,9464454,1.77633E+11,64.126
2014,Belarus,9472704,1.80628E+11,63.649
2015,Belarus,9487288,1.7371E+11,58.799
2016,Belarus,9499067,1.69305E+11,58.134
2017,Belarus,9495792,1.73607E+11,59.382
2018,Belarus,9480033,1.79054E+11,62.157
2019,Belarus,9435414,1.81643E+11,62.096
2020,Belarus,9350943,1.80421E+11,59.056
2021,Belarus,9251367,1.84522E+11,60.938
2022,Belarus,9173241,1.75774E+11,59.384
1951,Belgium,8655757,7.95027E+10,89.45
1952,Belgium,8696641,7.887921E+10,83.464
1953,Belgium,8741858,8.140599E+10,82.374
1954,Belgium,8788384,8.475424E+10,85.735
1955,Belgium,8835490,8.87734354E+10,92.017
1956,Belgium,8882162,9.13534E+10,96.78
1957,Belgium,8931863,9.30642657E+10,96.487
1958,Belgium,8986122,9.29532E+10,87.685
1959,Belgium,9045746,9.588958E+10,88.31
1960,Belgium,9102170,1.01044E+11,90.908
1961,Belgium,9158207,1.05966E+11,92.698
1962,Belgium,9217669,1.11423E+11,98.018
1963,Belgium,9275198,1.16336E+11,105.676
1964,Belgium,9337682,1.24534E+11,103.554
1965,Belgium,9399852,1.289E+11,105.331
1966,Belgium,9455001,1.33005E+11,105.097
1967,Belgium,9505921,1.38197E+11,107.361
1968,Belgium,9549700,1.43933E+11,118.438
1969,Belgium,9589187,1.53505E+11,123.492
1970,Belgium,9630508,1.63014E+11,125.49
1971,Belgium,9666524,1.69133E+11,121.371
1972,Belgium,9694851,1.78026E+11,130.638
1973,Belgium,9718032,1.88915E+11,138.639
1974,Belgium,9735810,1.9685E+11,134.95
1975,Belgium,9748475,1.94241E+11,121.823
1976,Belgium,9758905,2.05207E+11,129.678
1977,Belgium,9774018,2.06503E+11,126.199
1978,Belgium,9791813,2.12371E+11,135.45
1979,Belgium,9811367,2.17343E+11,139.787
1980,Belgium,9833093,2.27067E+11,134.836
1981,Belgium,9850674,2.24241E+11,123.574
1982,Belgium,9862330,2.27395E+11,117.102
1983,Belgium,9869136,2.27377E+11,101.202
1984,Belgium,9874586,2.33019E+11,104.967
1985,Belgium,9880337,2.35345E+11,104.004
1986,Belgium,9886981,2.38863E+11,102.367
1987,Belgium,9899150,2.44505E+11,102.589
1988,Belgium,9916567,2.56045E+11,99.743
1989,Belgium,9936574,2.65237E+11,106.792
1990,Belgium,9960969,2.73279E+11,120.297
1991,Belgium,9998961,2.78687E+11,123.367
1992,Belgium,10045987,2.83358E+11,122.492
1993,Belgium,10084932,2.81005E+11,121.427
1994,Belgium,10116005,2.90433E+11,124.8
1995,Belgium,10137264,2.97764E+11,125.939
1996,Belgium,10156973,3.02924E+11,129.481
1997,Belgium,10181465,3.14576E+11,123.993
1998,Belgium,10203186,3.2124E+11,130.225
1999,Belgium,10226681,3.33122E+11,124.683
2000,Belgium,10251719,3.45707E+11,126.723
2001,Belgium,10287004,3.49015E+11,126.067
2002,Belgium,10332978,3.55706E+11,126.864
2003,Belgium,10376260,3.58937E+11,128.249
2004,Belgium,10421298,3.72499E+11,128.782
2005,Belgium,10478883,3.8084E+11,125.64
2006,Belgium,10548446,3.90875E+11,123.884
2007,Belgium,10625490,4.04722E+11,120.481
2008,Belgium,10709710,4.08291E+11,120.18
2009,Belgium,10812936,3.9949E+11,107.78
2010,Belgium,10936620,4.11262E+11,114.49
2011,Belgium,11038627,4.20934E+11,105.098
2012,Belgium,11107524,4.24046E+11,102.435
2013,Belgium,11160277,4.25993E+11,102.762
2014,Belgium,11210111,4.32718E+11,97.034
2015,Belgium,11275332,4.41551E+11,101.275
2016,Belgium,11332704,4.47144E+11,99.742
2017,Belgium,11376583,4.54386E+11,99.192
2018,Belgium,11428609,4.62533E+11,100.159
2019,Belgium,11490622,4.72898E+11,99.684
2020,Belgium,11540103,4.47544E+11,91.228
2021,Belgium,11570842,4.74996E+11,94.886
2022,Belgium,11641813,4.89678E+11,89.002
1951,Benin,2267310,2.724089E+09,0.115
1952,Benin,2285781,2.723139E+09,0.129
1953,Benin,2306205,2.64906982E+09,0.107
1954,Benin,2328786,2.7277463E+09,0.126
1955,Benin,2353653,2.72795827E+09,0.126
1956,Benin,2380893,2.72994842E+09,0.146
1957,Benin,2410775,2.73157786E+09,0.149
1958,Benin,2443430,2.83350221E+09,0.125
1959,Benin,2478921,2.94179379E+09,0.103
1960,Benin,2517290,3.03172966E+09,0.161
1961,Benin,2559229,3.13182618E+09,0.128
1962,Benin,2604667,3.03047782E+09,0.136
1963,Benin,2652912,3.17016422E+09,0.121
1964,Benin,2704005,3.388838E+09,0.143
1965,Benin,2757937,3.56621414E+09,0.15
1966,Benin,2814321,3.69692083E+09,0.114
1967,Benin,2873000,3.73275E+09,0.143
1968,Benin,2934261,3.879617E+09,0.154
1969,Benin,2998230,3.99711462E+09,0.202
1970,Benin,3065060,4.08230579E+09,0.282
1971,Benin,3134769,4.17086822E+09,0.293
1972,Benin,3207548,4.577952E+09,0.388
1973,Benin,3283498,4.77904947E+09,0.381
1974,Benin,3362628,5.11066573E+09,0.407
1975,Benin,3445407,4.76125747E+09,0.443
1976,Benin,3532200,4.82959258E+09,0.26
1977,Benin,3623198,5.040642E+09,0.297
1978,Benin,3718308,5.020204E+09,0.363
1979,Benin,3818536,5.424331E+09,0.366
1980,Benin,3925258,5.93549773E+09,0.48
1981,Benin,4038310,6.276125E+09,0.387
1982,Benin,4156593,6.957657E+09,0.443
1983,Benin,4278981,6.66236467E+09,0.404
1984,Benin,4405901,7.197474E+09,0.448
1985,Benin,4538016,7.74678067E+09,0.686
1986,Benin,4675420,7.91709542E+09,0.624
1987,Benin,4818487,7.79929549E+09,0.474
1988,Benin,4967342,8.04068352E+09,0.508
1989,Benin,5121658,7.99817165E+09,0.57
1990,Benin,5281485,8.723575E+09,0.579
1991,Benin,5446934,9.020547E+09,0.62
1992,Benin,5617849,9.209669E+09,0.671
1993,Benin,5872707,9.663859E+09,0.807
1994,Benin,6096510,9.706567E+09,0.912
1995,Benin,6226774,1.05004616E+10,0.956
1996,Benin,6391859,1.08104694E+10,1.184
1997,Benin,6583375,1.13079E+10,1.224
1998,Benin,6789491,1.16474276E+10,1.114
1999,Benin,7002819,1.21574308E+10,1.462
2000,Benin,7221618,1.27462257E+10,1.473
2001,Benin,7445599,1.33069036E+10,1.689
2002,Benin,7675428,1.37930557E+10,2.11
2003,Benin,7913074,1.41277338E+10,2.394
2004,Benin,8159100,1.45998111E+10,2.594
2005,Benin,8426146,1.47035658E+10,2.49
2006,Benin,8693241,1.513003E+10,3.351
2007,Benin,8953973,1.58749809E+10,3.931
2008,Benin,9228469,1.65197148E+10,3.919
2009,Benin,9509432,1.6780075E+10,4.225
2010,Benin,9797488,1.70231962E+10,4.679
2011,Benin,10093626,1.741624E+10,4.48
2012,Benin,10397662,1.83059354E+10,4.403
2013,Benin,10708831,1.96514181E+10,4.566
2014,Benin,11030008,2.10431775E+10,4.796
2015,Benin,11360681,2.22797087E+10,5.333
2016,Benin,11697845,2.31347057E+10,5.336
2017,Benin,12039777,2.45682749E+10,5.581
2018,Benin,12383349,2.63465452E+10,5.669
2019,Benin,12726761,2.815541E+10,5.262
2020,Benin,13070170,2.923904E+10,5.518
2021,Benin,13413423,3.13312338E+10,5.759
2022,Benin,13759507,3.32903629E+10,5.792
1951,Bolivia,3137299,9.061148E+09,0.462
1952,Bolivia,3187539,9.333291E+09,0.513
1953,Bolivia,3240969,8.449113E+09,0.538
1954,Bolivia,3297841,8.628765E+09,0.788
1955,Bolivia,3358007,9.081515E+09,0.931
1956,Bolivia,3421346,8.54309274E+09,1.106
1957,Bolivia,3487566,8.263802E+09,1.004
1958,Bolivia,3556556,8.458587E+09,0.916
1959,Bolivia,3628188,8.43118746E+09,0.949
1960,Bolivia,3702323,8.791226E+09,1.004
1961,Bolivia,3778735,8.975158E+09,1.04
1962,Bolivia,3857496,9.473568E+09,1.099
1963,Bolivia,3938913,1.00840806E+10,1.213
1964,Bolivia,4023009,1.05732639E+10,1.48
1965,Bolivia,4109799,1.10936934E+10,1.509
1966,Bolivia,4199555,1.18916588E+10,1.689
1967,Bolivia,4292573,1.263516E+10,1.89
1968,Bolivia,4388949,1.37168742E+10,2.176
1969,Bolivia,4488234,1.43299062E+10,2.546
1970,Bolivia,4590008,1.507703E+10,2.484
1971,Bolivia,4694351,1.56493046E+10,3.059
1972,Bolivia,4800986,1.644627E+10,3.568
1973,Bolivia,4910200,1.75824712E+10,3.454
1974,Bolivia,5022480,1.848471E+10,3.513
1975,Bolivia,5137540,1.97064069E+10,4.055
1976,Bolivia,5256495,2.09082839E+10,4.575
1977,Bolivia,5379168,2.17869025E+10,4.475
1978,Bolivia,5504131,2.25256038E+10,5.02
1979,Bolivia,5630853,2.251715E+10,4.73
1980,Bolivia,5758905,2.23093228E+10,4.659
1981,Bolivia,5888113,2.25136087E+10,4.781
1982,Bolivia,6018091,2.15307264E+10,4.338
1983,Bolivia,6149065,2.05687E+10,4.278
1984,Bolivia,6281868,2.07759176E+10,4.029
1985,Bolivia,6416194,2.06298337E+10,4.11
1986,Bolivia,6552481,1.99727022E+10,3.764
1987,Bolivia,6692169,2.050071E+10,4.012
1988,Bolivia,6835508,2.1274794E+10,4.287
1989,Bolivia,6981771,2.18900439E+10,4.968
1990,Bolivia,7130142,2.30217974E+10,10.007
1991,Bolivia,7280293,2.430099E+10,10.495
1992,Bolivia,7430337,2.47622144E+10,11.014
1993,Bolivia,7579196,2.58722038E+10,11.55
1994,Bolivia,7727321,2.71291372E+10,9.638
1995,Bolivia,7874676,2.845693E+10,9.017
1996,Bolivia,8021742,2.97701581E+10,10.016
1997,Bolivia,8167910,3.1321346E+10,11.721
1998,Bolivia,8313399,3.29739469E+10,11.252
1999,Bolivia,8459812,3.31990917E+10,10.94
2000,Bolivia,8606331,3.41262356E+10,8.434
2001,Bolivia,8752740,3.47949548E+10,8.743
2002,Bolivia,8900357,3.577013E+10,10.403
2003,Bolivia,9050704,3.684959E+10,10.968
2004,Bolivia,9204297,3.85182147E+10,11.032
2005,Bolivia,9360758,4.03660677E+10,12.313
2006,Bolivia,9521685,4.24672256E+10,12.332
2007,Bolivia,9685962,4.457739E+10,12.695
2008,Bolivia,9850858,4.750061E+10,12.965
2009,Bolivia,10016280,4.929012E+10,13.538
2010,Bolivia,10182345,5.1541504E+10,14.719
2011,Bolivia,10348932,5.44370278E+10,15.949
2012,Bolivia,10515813,5.722529E+10,17.535
2013,Bolivia,10682612,6.11143229E+10,17.769
2014,Bolivia,10848889,6.445177E+10,19.888
2015,Bolivia,11014707,6.75821978E+10,19.887
2016,Bolivia,11180019,7.04639E+10,21.239
2017,Bolivia,11344592,7.341986E+10,22.171
2018,Bolivia,11508370,7.652112E+10,22.498
2019,Bolivia,11671386,7.82175846E+10,22.605
2020,Bolivia,11816300,7.138293E+10,18.312
2021,Bolivia,11937369,7.57415854E+10,21.756
2022,Bolivia,12077155,7.816531E+10,22.378
1952,Bosnia and Herzegovina,2774689,5.286154E+09,2.592
1953,Bosnia and Herzegovina,2829228,5.376714E+09,2.574
1954,Bosnia and Herzegovina,2890206,5.385852E+09,3.07
1955,Bosnia and Herzegovina,2952172,6.73611E+09,3.516
1956,Bosnia and Herzegovina,3015557,5.8443E+09,4.019
1957,Bosnia and Herzegovina,3079942,6.810264E+09,4.365
1958,Bosnia and Herzegovina,3145429,7.139784E+09,4.302
1959,Bosnia and Herzegovina,3212372,8.494395E+09,4.931
1960,Bosnia and Herzegovina,3281387,9.30204E+09,5.387
1961,Bosnia and Herzegovina,3348040,9.649575E+09,5.646
1962,Bosnia and Herzegovina,3407536,9.604932E+09,5.794
1963,Bosnia and Herzegovina,3461944,1.07884257E+10,6.445
1964,Bosnia and Herzegovina,3513444,1.19507046E+10,7.302
1965,Bosnia and Herzegovina,3562843,1.2466517E+10,7.513
1966,Bosnia and Herzegovina,3610569,1.349121E+10,7.445
1967,Bosnia and Herzegovina,3656227,1.335054E+10,7.52
1968,Bosnia and Herzegovina,3698804,1.39603231E+10,8.043
1969,Bosnia and Herzegovina,3737769,1.51603077E+10,8.34
1970,Bosnia and Herzegovina,3773247,1.57414533E+10,10.898
1971,Bosnia and Herzegovina,3809388,1.688689E+10,11.745
1972,Bosnia and Herzegovina,3848277,1.780036E+10,11.008
1973,Bosnia and Herzegovina,3887374,1.85894728E+10,13.149
1974,Bosnia and Herzegovina,3926472,2.00646E+10,13.205
1975,Bosnia and Herzegovina,3965749,2.088306E+10,13.778
1976,Bosnia and Herzegovina,4004560,2.12458435E+10,14.22
1977,Bosnia and Herzegovina,4042136,2.30736425E+10,13.827
1978,Bosnia and Herzegovina,4078246,2.47148954E+10,15.451
1979,Bosnia and Herzegovina,4113302,2.66580562E+10,16.804
1980,Bosnia and Herzegovina,4148428,2.69580964E+10,16.523
1981,Bosnia and Herzegovina,4184221,2.79658967E+10,17.982
1982,Bosnia and Herzegovina,4221104,2.854539E+10,16.518
1983,Bosnia and Herzegovina,4258735,2.8495874E+10,17.787
1984,Bosnia and Herzegovina,4295539,2.90239078E+10,18.758
1985,Bosnia and Herzegovina,4330362,2.9393066E+10,19.134
1986,Bosnia and Herzegovina,4362114,3.0438103E+10,19.982
1987,Bosnia and Herzegovina,4390248,2.98781962E+10,19.508
1988,Bosnia and Herzegovina,4414409,2.91384525E+10,20.129
1989,Bosnia and Herzegovina,4433986,2.95171379E+10,20.067
1990,Bosnia and Herzegovina,4448659,2.60685455E+10,19.871
1991,Bosnia and Herzegovina,4458350,2.27594629E+10,14.059
1992,Bosnia and Herzegovina,4234620,1.62138911E+10,15.029
1993,Bosnia and Herzegovina,3904484,1.10770074E+10,12.581
1994,Bosnia and Herzegovina,3725411,1.12429445E+10,3.205
1995,Bosnia and Herzegovina,3715565,1.17708175E+10,3.402
1996,Bosnia and Herzegovina,3875246,1.79347436E+10,4.24
1997,Bosnia and Herzegovina,4018228,2.176688E+10,8.366
1998,Bosnia and Herzegovina,4089357,2.447042E+10,10.551
1999,Bosnia and Herzegovina,4130312,2.677507E+10,10.333
2000,Bosnia and Herzegovina,4159785,2.762971E+10,13.702
2001,Bosnia and Herzegovina,4179446,2.79375E+10,13.263
2002,Bosnia and Herzegovina,4188007,2.89974374E+10,14.173
2003,Bosnia and Herzegovina,4178524,2.97489981E+10,14.358
2004,Bosnia and Herzegovina,4140990,3.12295424E+10,15.462
2005,Bosnia and Herzegovina,4096494,3.215958E+10,16.046
2006,Bosnia and Herzegovina,4063271,3.35802061E+10,17.387
2007,Bosnia and Herzegovina,4013421,3.515827E+10,17.474
2008,Bosnia and Herzegovina,3947546,3.667663E+10,19.959
2009,Bosnia and Herzegovina,3879798,3.59373947E+10,20.537
2010,Bosnia and Herzegovina,3811480,3.57744353E+10,21.146
2011,Bosnia and Herzegovina,3741800,3.56640645E+10,23.761
2012,Bosnia and Herzegovina,3670108,3.53710531E+10,22.134
2013,Bosnia and Herzegovina,3610858,3.6202156E+10,21.801
2014,Bosnia and Herzegovina,3564831,3.66199521E+10,19.312
2015,Bosnia and Herzegovina,3518541,3.81999E+10,18.46
2016,Bosnia and Herzegovina,3472997,3.94385039E+10,21.73
2017,Bosnia and Herzegovina,3428684,4.07179141E+10,22.156
2018,Bosnia and Herzegovina,3386999,4.22770074E+10,22.075
2019,Bosnia and Herzegovina,3345534,4.34971238E+10,20.81
2020,Bosnia and Herzegovina,3299352,4.21856256E+10,20.832
2021,Bosnia and Herzegovina,3244909,4.53038E+10,21.264
2022,Bosnia and Herzegovina,3204805,4.706914E+10,20.963
1972,Botswana,622416,8.429367E+08,0.022
1973,Botswana,652418,1.02184774E+09,0.051
1974,Botswana,685455,1.11244941E+09,0.088
1975,Botswana,720389,1.20625984E+09,0.187
1976,Botswana,758514,1.3350327E+09,0.594
1977,Botswana,799586,1.47620058E+09,0.78
1978,Botswana,849246,1.64860518E+09,0.832
1979,Botswana,901754,1.88392282E+09,0.942
1980,Botswana,937493,2.1143177E+09,1.403
1981,Botswana,970002,2.3622592E+09,1.408
1982,Botswana,1009271,2.56251853E+09,1.399
1983,Botswana,1046147,2.86798438E+09,1.33
1984,Botswana,1083665,3.25956915E+09,1.344
1985,Botswana,1121954,3.56406323E+09,1.658
1986,Botswana,1160655,3.82927462E+09,1.566
1987,Botswana,1199181,4.14839526E+09,1.838
1988,Botswana,1235487,4.660649E+09,2.001
1989,Botswana,1270281,6.213535E+09,2.229
1990,Botswana,1305699,6.66071142E+09,2.7
1991,Botswana,1341767,7.31502336E+09,2.634
1992,Botswana,1380038,7.702501E+09,2.777
1993,Botswana,1420120,8.026901E+09,3.195
1994,Botswana,1460030,8.50523443E+09,3.03
1995,Botswana,1498843,9.306926E+09,3.045
1996,Botswana,1535918,1.006944E+10,2.755
1997,Botswana,1571699,1.11227341E+10,2.799
1998,Botswana,1606906,1.14526054E+10,3.342
1999,Botswana,1642006,1.28415713E+10,3.158
2000,Botswana,1677384,1.33910026E+10,3.778
2001,Botswana,1712264,1.37251195E+10,3.847
2002,Botswana,1744765,1.48854671E+10,3.975
2003,Botswana,1775743,1.592225E+10,3.825
2004,Botswana,1807153,1.67209984E+10,3.895
2005,Botswana,1839881,1.787465E+10,4.093
2006,Botswana,1874527,1.9804033E+10,4.133
2007,Botswana,1911202,2.192408E+10,4.228
2008,Botswana,1949972,2.38144123E+10,4.503
2009,Botswana,1990671,2.248547E+10,3.855
2010,Botswana,2033110,2.49588654E+10,4.537
2011,Botswana,2073537,2.7061119E+10,4.029
2012,Botswana,2108614,2.70148465E+10,5.077
2013,Botswana,2140687,3.00143043E+10,5.663
2014,Botswana,2172052,3.17242225E+10,6.85
2015,Botswana,2203276,3.01852754E+10,5.418
2016,Botswana,2234783,3.23592212E+10,6.345
2017,Botswana,2266748,3.3690155E+10,7.07
2018,Botswana,2299148,3.51017656E+10,7.64
2019,Botswana,2332081,3.61664061E+10,6.727
2020,Botswana,2365895,3.30105283E+10,5.551
2021,Botswana,2401449,3.69189724E+10,6.009
2022,Botswana,2439895,3.929397E+10,6.596
1951,Brazil,55018849,1.25335E+11,21.659
1952,Brazil,56694871,1.34544E+11,24.934
1953,Brazil,58433756,1.40888E+11,25.218
1954,Brazil,60235123,1.51833E+11,29.676
1955,Brazil,62101394,1.65244E+11,34.024
1956,Brazil,64033997,1.70025E+11,36.608
1957,Brazil,66031498,1.83084E+11,35.974
1958,Brazil,68092148,2.02937E+11,39.054
1959,Brazil,70214470,2.22727E+11,39.017
1960,Brazil,72388123,2.43619E+11,46.852
1961,Brazil,74605442,2.64691E+11,49.136
1962,Brazil,76865320,2.82182E+11,53.613
1963,Brazil,79164239,2.83741E+11,55.523
1964,Brazil,81488598,2.93386E+11,56.626
1965,Brazil,83817586,3.00547E+11,56.279
1966,Brazil,86139354,3.20584E+11,64.162
1967,Brazil,88446120,3.34149E+11,66.033
1968,Brazil,90741242,3.66805E+11,77.224
1969,Brazil,93045769,4.01602E+11,84.088
1970,Brazil,95375656,4.43497E+11,93.488
1971,Brazil,97739280,4.93683E+11,102.337
1972,Brazil,100146796,5.5279E+11,114.019
1973,Brazil,102600971,6.2998E+11,132.061
1974,Brazil,105089675,6.81264E+11,143.016
1975,Brazil,107619568,7.16642E+11,150.327
1976,Brazil,110213352,7.90038E+11,154.607
1977,Brazil,112875286,8.28975E+11,162.363
1978,Brazil,115600942,8.70262E+11,177.117
1979,Brazil,118380820,9.29101E+11,187.787
1980,Brazil,121207450,1.01479E+12,186.191
1981,Brazil,124063113,9.71272E+11,171.324
1982,Brazil,126923156,9.78935E+11,171.5
1983,Brazil,129790082,9.50508E+11,165.9
1984,Brazil,132658862,1.00189E+12,167.567
1985,Brazil,135515593,1.0801E+12,180.111
1986,Brazil,138336371,1.16096E+12,197.238
1987,Brazil,141104946,1.20171E+12,205.968
1988,Brazil,143826358,1.20053E+12,207.695
1989,Brazil,146502977,1.23878E+12,212.071
1990,Brazil,149143224,1.18548E+12,218.658
1991,Brazil,151724253,1.21309E+12,229.394
1992,Brazil,154275077,1.22183E+12,233.601
1993,Brazil,156794574,1.29822E+12,244.306
1994,Brazil,159265011,1.39178E+12,254.002
1995,Brazil,161735079,1.46884E+12,268.678
1996,Brazil,164202549,1.52036E+12,289.311
1997,Brazil,166661663,1.59196E+12,306.949
1998,Brazil,169159651,1.61768E+12,317.359
1999,Brazil,171641544,1.64589E+12,327.256
2000,Brazil,174018276,1.73973E+12,340.183
2001,Brazil,176301200,1.78551E+12,346.166
2002,Brazil,178503483,1.86174E+12,347.765
2003,Brazil,180622688,1.90493E+12,344.645
2004,Brazil,182675143,2.03845E+12,361.434
2005,Brazil,184688101,2.12921E+12,364.371
2006,Brazil,186653099,2.24081E+12,368.871
2007,Brazil,188552310,2.40563E+12,390.573
2008,Brazil,190367297,2.55984E+12,412.638
2009,Brazil,192079956,2.58957E+12,389.775
2010,Brazil,193701931,2.82049E+12,440.269
2011,Brazil,195284736,2.96845E+12,462.58
2012,Brazil,196876114,3.02548E+12,498.309
2013,Brazil,198478291,3.11639E+12,532.418
2014,Brazil,200085126,3.1321E+12,557.901
2015,Brazil,201675534,3.02104E+12,529.353
2016,Brazil,203218108,2.92208E+12,492.748
2017,Brazil,204703440,2.96073E+12,498.266
2018,Brazil,206107265,3.01354E+12,478.379
2019,Brazil,207455459,3.05033E+12,473.39
2020,Brazil,208660845,2.95038E+12,445.208
2021,Brazil,209550291,3.09757E+12,498.017
2022,Brazil,210306411,3.18741E+12,483.841
1951,Bulgaria,7314427,2.30084936E+10,8.165
1952,Bulgaria,7361957,2.1948373E+10,9.428
1953,Bulgaria,7415922,2.441109E+10,10.586
1954,Bulgaria,7476267,2.39624131E+10,11.392
1955,Bulgaria,7533656,2.56779448E+10,12.092
1956,Bulgaria,7587160,2.56971141E+10,12.967
1957,Bulgaria,7649545,2.84167578E+10,14.389
1958,Bulgaria,7724890,3.08947579E+10,15.627
1959,Bulgaria,7794174,3.335889E+10,19.622
1960,Bulgaria,7862933,3.652035E+10,22.271
1961,Bulgaria,7938309,3.88974469E+10,25.945
1962,Bulgaria,8008324,4.208399E+10,30.704
1963,Bulgaria,8073731,4.40097341E+10,34.374
1964,Bulgaria,8140078,4.74733527E+10,42.818
1965,Bulgaria,8202417,5.03319962E+10,46.269
1966,Bulgaria,8258788,5.42967235E+10,48.716
1967,Bulgaria,8311127,5.72242125E+10,55.108
1968,Bulgaria,8370642,5.82775439E+10,59.464
1969,Bulgaria,8435276,6.111401E+10,66.308
1970,Bulgaria,8490822,6.45886771E+10,61.174
1971,Bulgaria,8538899,6.670339E+10,64.222
1972,Bulgaria,8579911,6.985315E+10,66.079
1973,Bulgaria,8624801,7.261466E+10,68.717
1974,Bulgaria,8682749,7.489757E+10,71.137
1975,Bulgaria,8723148,8.10593E+10,72.922
1976,Bulgaria,8759432,8.347928E+10,72.965
1977,Bulgaria,8804691,8.267441E+10,75.796
1978,Bulgaria,8813739,8.445868E+10,81.207
1979,Bulgaria,8824994,8.771056E+10,78.928
1980,Bulgaria,8859538,8.51985449E+10,77.251
1981,Bulgaria,8887801,8.745269E+10,80.087
1982,Bulgaria,8912738,9.02903644E+10,89.844
1983,Bulgaria,8933328,8.858604E+10,90.061
1984,Bulgaria,8952608,9.150585E+10,87.045
1985,Bulgaria,8958852,8.875602E+10,89.221
1986,Bulgaria,8963472,9.11106949E+10,91.172
1987,Bulgaria,8976205,9.12717251E+10,91.273
1988,Bulgaria,8985725,9.070049E+10,89.656
1989,Bulgaria,8936388,8.907347E+10,88.206
1990,Bulgaria,8822365,7.935252E+10,76.741
1991,Bulgaria,8695799,7.298325E+10,61.623
1992,Bulgaria,8559091,6.793567E+10,57.456
1993,Bulgaria,8466532,6.71902228E+10,58.492
1994,Bulgaria,8416925,6.86807532E+10,56.46
1995,Bulgaria,8357576,7.096574E+10,57.998
1996,Bulgaria,8291403,6.51162378E+10,58.541
1997,Bulgaria,8217101,6.49365053E+10,55.891
1998,Bulgaria,8138192,6.77158666E+10,53.212
1999,Bulgaria,8067463,6.409809E+10,46.471
2000,Bulgaria,8000519,6.7719766E+10,45.592
2001,Bulgaria,7928456,6.887765E+10,49.117
2002,Bulgaria,7861949,7.345004E+10,46.235
2003,Bulgaria,7804406,7.772234E+10,50.587
2004,Bulgaria,7749431,8.322867E+10,49.624
2005,Bulgaria,7695047,8.968479E+10,50.685
2006,Bulgaria,7640290,9.64045947E+10,51.922
2007,Bulgaria,7586895,1.04058E+11,55.751
2008,Bulgaria,7535590,1.109E+11,54.109
2009,Bulgaria,7488018,1.07365E+11,45.837
2010,Bulgaria,7437594,1.09045E+11,47.9
2011,Bulgaria,7380021,1.09435E+11,53.205
2012,Bulgaria,7317021,1.10262E+11,48.361
2013,Bulgaria,7264606,1.09644E+11,42.726
2014,Bulgaria,7223451,1.10704E+11,45.251
2015,Bulgaria,7177516,1.14499E+11,48.204
2016,Bulgaria,7127436,1.17979E+11,45.419
2017,Bulgaria,7075639,1.21238E+11,47.521
2018,Bulgaria,7024746,1.24493E+11,43.577
2019,Bulgaria,6975467,1.2952E+11,42.267
2020,Bulgaria,6933654,1.24393E+11,36.644
2021,Bulgaria,6877222,1.3389E+11,42.425
2022,Bulgaria,6825863,1.3839E+11,46.966
1951,Burkina Faso,4260391,3.43210982E+09,0.003
1952,Burkina Faso,4310353,3.56257331E+09,0.004
1953,Burkina Faso,4361323,3.68639334E+09,0.003
1954,Burkina Faso,4413879,3.826147E+09,0.004
1955,Burkina Faso,4469053,3.963847E+09,0.004
1956,Burkina Faso,4526658,4.118039E+09,0.004
1957,Burkina Faso,4586569,4.26564147E+09,0.004
1958,Burkina Faso,4647288,4.42545152E+09,0.004
1959,Burkina Faso,4710848,4.588183E+09,0.007
1960,Burkina Faso,4778627,4.724688E+09,0.044
1961,Burkina Faso,4848222,4.910251E+09,0.092
1962,Burkina Faso,4919674,5.21481E+09,0.084
1963,Burkina Faso,4993620,5.14585E+09,0.088
1964,Burkina Faso,5071039,5.264409E+09,0.11
1965,Burkina Faso,5152834,5.46926131E+09,0.103
1966,Burkina Faso,5237938,5.49382554E+09,0.103
1967,Burkina Faso,5326349,5.974044E+09,0.103
1968,Burkina Faso,5418645,6.162626E+09,0.103
1969,Burkina Faso,5513178,6.286242E+09,0.121
1970,Burkina Faso,5610307,6.300887E+09,0.143
1971,Burkina Faso,5708002,6.541176E+09,0.15
1972,Burkina Faso,5807238,6.808659E+09,0.161
1973,Burkina Faso,5911926,6.4549E+09,0.169
1974,Burkina Faso,6024905,6.324906E+09,0.205
1975,Burkina Faso,6147574,6.059268E+09,0.22
1976,Burkina Faso,6280636,5.98942566E+09,0.209
1977,Burkina Faso,6428740,6.421259E+09,0.249
1978,Burkina Faso,6590988,7.164372E+09,0.348
1979,Burkina Faso,6763901,7.23537971E+09,0.407
1980,Burkina Faso,6947900,7.36069E+09,0.432
1981,Burkina Faso,7140270,7.678603E+09,0.557
1982,Burkina Faso,7340197,7.85183949E+09,0.575
1983,Burkina Faso,7551136,7.76030054E+09,0.594
1984,Burkina Faso,7772260,7.886109E+09,0.465
1985,Burkina Faso,7999933,8.913468E+09,0.476
1986,Burkina Faso,8228848,1.03195382E+10,0.48
1987,Burkina Faso,8457114,1.01426565E+10,0.517
1988,Burkina Faso,8687441,1.09903882E+10,0.553
1989,Burkina Faso,8921176,1.08588483E+10,0.821
1990,Burkina Faso,9159359,1.07522959E+10,0.59
1991,Burkina Faso,9394631,1.1509844E+10,0.638
1992,Burkina Faso,9629280,1.13125448E+10,0.63
1993,Burkina Faso,9871716,1.14710927E+10,0.634
1994,Burkina Faso,10123807,1.140057E+10,0.66
1995,Burkina Faso,10386724,1.18230467E+10,0.661
1996,Burkina Faso,10655942,1.28960543E+10,0.723
1997,Burkina Faso,10934224,1.332625E+10,0.76
1998,Burkina Faso,11240668,1.39179694E+10,0.852
1999,Burkina Faso,11574930,1.46047027E+10,1.044
2000,Burkina Faso,11925548,1.45469737E+10,0.934
2001,Burkina Faso,12294996,1.51798057E+10,1.061
2002,Burkina Faso,12680901,1.55432325E+10,1.071
2003,Burkina Faso,13082531,1.63902372E+10,1.188
2004,Burkina Faso,13500537,1.67184353E+10,1.104
2005,Burkina Faso,13932127,1.773765E+10,1.111
2006,Burkina Faso,14373711,1.840672E+10,1.214
2007,Burkina Faso,14816312,1.87242045E+10,1.62
2008,Burkina Faso,15258103,1.93656238E+10,1.818
2009,Burkina Faso,15710065,1.95064422E+10,1.836
2010,Burkina Faso,16176504,2.06883369E+10,1.985
2011,Burkina Faso,16661907,2.15897866E+10,2.149
2012,Burkina Faso,17172283,2.29829775E+10,2.615
2013,Burkina Faso,17695412,2.43143823E+10,2.809
2014,Burkina Faso,18229466,2.53664666E+10,2.864
2015,Burkina Faso,18777488,2.63610839E+10,3.744
2016,Burkina Faso,19334854,2.79316828E+10,3.985
2017,Burkina Faso,19894413,2.966428E+10,4.622
2018,Burkina Faso,20438288,3.16230144E+10,5.226
2019,Burkina Faso,20961954,3.342205E+10,5.621
2020,Burkina Faso,21478692,3.406743E+10,5.377
2021,Burkina Faso,21995249,3.64197847E+10,6.289
2022,Burkina Faso,22509037,3.732044E+10,6.374
1951,Burundi,2305751,1.48547546E+09,0.009
1952,Burundi,2355807,1.53095693E+09,0.016
1953,Burundi,2405190,1.595031E+09,0.015
1954,Burundi,2454594,1.68370419E+09,0.006
1955,Burundi,2504658,1.73639181E+09,0.008
1956,Burundi,2555314,1.80093888E+09,0.009
1957,Burundi,2606481,1.86993011E+09,0.01
1958,Burundi,2657416,1.92183629E+09,0.01
1959,Burundi,2709604,2.03409946E+09,0.039
1960,Burundi,2764264,2.0636919E+09,0.036
1961,Burundi,2835122,1.77990413E+09,0.048
1962,Burundi,2907944,1.94597811E+09,0.044
1963,Burundi,2969842,2.02469222E+09,0.048
1964,Burundi,3055655,2.14673472E+09,0.048
1965,Burundi,3141371,2.228969E+09,0.037
1966,Burundi,3217962,2.32958464E+09,0.048
1967,Burundi,3300698,2.54487552E+09,0.048
1968,Burundi,3380389,2.51657344E+09,0.055
1969,Burundi,3454598,2.48092314E+09,0.073
1970,Burundi,3530430,3.14506829E+09,0.062
1971,Burundi,3617296,3.24432358E+09,0.073
1972,Burundi,3617133,3.05696538E+09,0.073
1973,Burundi,3611994,3.260401E+09,0.073
1974,Burundi,3703605,3.249842E+09,0.092
1975,Burundi,3796617,3.24617984E+09,0.077
1976,Burundi,3882627,3.5841175E+09,0.088
1977,Burundi,3983584,3.91110323E+09,0.099
1978,Burundi,4100343,4.09503283E+09,0.103
1979,Burundi,4203530,4.16510669E+09,0.11
1980,Burundi,4383713,4.08188365E+09,0.147
1981,Burundi,4566017,4.516507E+09,0.158
1982,Burundi,4681396,4.482359E+09,0.158
1983,Burundi,4808531,4.616673E+09,0.205
1984,Burundi,4926480,4.60524544E+09,0.22
1985,Burundi,5034044,5.1248983E+09,0.231
1986,Burundi,5129423,5.31558246E+09,0.234
1987,Burundi,5247791,5.518938E+09,0.249
1988,Burundi,5365332,5.76986931E+09,0.227
1989,Burundi,5471704,5.84741939E+09,0.267
1990,Burundi,5587053,6.04184832E+09,0.209
1991,Burundi,5703861,6.31603046E+09,0.238
1992,Burundi,5858404,6.3774423E+09,0.216
1993,Burundi,5676848,5.844278E+09,0.227
1994,Burundi,5713858,5.76014234E+09,0.234
1995,Burundi,6066321,5.429588E+09,0.238
1996,Burundi,6070509,4.794535E+09,0.242
1997,Burundi,6070038,4.657583E+09,0.249
1998,Burundi,6187113,4.81357E+09,0.249
1999,Burundi,6337155,4.73275955E+09,0.253
2000,Burundi,6470196,4.647178E+09,0.271
2001,Burundi,6634368,4.722946E+09,0.205
2002,Burundi,6824140,4.91769754E+09,0.213
2003,Burundi,7043158,4.85246362E+09,0.172
2004,Burundi,7310656,5.086686E+09,0.202
2005,Burundi,7587304,5.14495949E+09,0.165
2006,Burundi,7865546,5.42220954E+09,0.187
2007,Burundi,8161879,5.60136141E+09,0.187
2008,Burundi,8505644,5.89478861E+09,0.198
2009,Burundi,8947653,6.197654E+09,0.213
2010,Burundi,9376447,6.55896934E+09,0.33
2011,Burundi,9717980,6.78736E+09,0.414
2012,Burundi,10071034,7.086796E+09,0.392
2013,Burundi,10439345,7.430922E+09,0.44
2014,Burundi,10799790,7.76424E+09,0.348
2015,Burundi,11047580,7.340438E+09,0.355
2016,Burundi,11239458,7.554392E+09,0.429
2017,Burundi,11506765,7.83386061E+09,0.513
2018,Burundi,11859444,8.20732774E+09,0.645
2019,Burundi,12255339,8.57337958E+09,0.689
2020,Burundi,12617042,8.635657E+09,0.739
2021,Burundi,12965487,8.956207E+09,0.775
2022,Burundi,13321101,9.177077E+09,0.707
1955,Cambodia,4890376,4.1703063E+09,0.103
1956,Cambodia,4999483,4.72768051E+09,0.132
1957,Cambodia,5110435,5.04044134E+09,0.161
1958,Cambodia,5220838,5.2955095E+09,0.198
1959,Cambodia,5332933,5.81311744E+09,0.213
1960,Cambodia,5449962,6.16450867E+09,0.234
1961,Cambodia,5571175,6.102991E+09,0.286
1962,Cambodia,5697560,6.594643E+09,0.308
1963,Cambodia,5823011,7.0982784E+09,0.388
1964,Cambodia,5946186,6.902567E+09,0.337
1965,Cambodia,6072288,7.22963E+09,0.377
1966,Cambodia,6201237,7.566807E+09,0.44
1967,Cambodia,6332946,7.955879E+09,0.388
1968,Cambodia,6467324,8.31468954E+09,0.462
1969,Cambodia,6604731,8.435319E+09,1.315
1970,Cambodia,6639187,7.62495744E+09,1.154
1971,Cambodia,6620880,7.240545E+09,0.22
1972,Cambodia,6673891,6.856061E+09,0.092
1973,Cambodia,6739737,9.336699E+09,0.088
1974,Cambodia,6783251,7.983138E+09,0.048
1975,Cambodia,6581374,6.929423E+09,0.048
1976,Cambodia,6134988,7.407833E+09,0.048
1977,Cambodia,5668561,7.99125453E+09,0.048
1978,Cambodia,5211654,8.736407E+09,0.048
1979,Cambodia,5088812,8.92207E+09,0.029
1980,Cambodia,5199873,9.092188E+09,0.286
1981,Cambodia,5284494,9.211223E+09,0.3
1982,Cambodia,5436436,9.905037E+09,0.337
1983,Cambodia,5636208,1.06191084E+10,0.366
1984,Cambodia,5845115,1.13304668E+10,0.41
1985,Cambodia,6043781,1.20460646E+10,0.418
1986,Cambodia,6285698,1.27488707E+10,0.432
1987,Cambodia,6557972,1.24862157E+10,0.436
1988,Cambodia,6812011,1.28030956E+10,0.451
1989,Cambodia,7073472,1.311536E+10,0.451
1990,Cambodia,7374754,1.31197706E+10,1.26
1991,Cambodia,7686856,1.37985874E+10,1.304
1992,Cambodia,8113084,1.443955E+10,1.348
1993,Cambodia,8616384,1.46673265E+10,1.385
1994,Cambodia,9239158,1.55019633E+10,1.425
1995,Cambodia,10018498,1.612509E+10,1.499
1996,Cambodia,10801268,1.66136044E+10,1.517
1997,Cambodia,11570986,1.71421788E+10,1.466
1998,Cambodia,12058181,1.75866122E+10,1.876
1999,Cambodia,12265733,1.922828E+10,1.894
2000,Cambodia,12462343,2.04353987E+10,2.001
2001,Cambodia,12658486,2.158721E+10,2.235
2002,Cambodia,12855249,2.24744018E+10,2.151
2003,Cambodia,13050978,2.38332232E+10,2.253
2004,Cambodia,13244739,2.57059267E+10,2.242
2005,Cambodia,13439204,2.84744684E+10,2.209
2006,Cambodia,13639030,3.07762934E+10,2.847
2007,Cambodia,13841775,3.30223411E+10,3.489
2008,Cambodia,14053479,3.42713774E+10,3.936
2009,Cambodia,14276819,3.4042366E+10,4.579
2010,Cambodia,14500732,3.436599E+10,5.064
2011,Cambodia,14722587,3.57467136E+10,5.275
2012,Cambodia,14945090,3.83608668E+10,5.576
2013,Cambodia,15170212,4.11830764E+10,5.626
2014,Cambodia,15396771,4.41247867E+10,6.699
2015,Cambodia,15623253,4.72294031E+10,8.189
2016,Cambodia,15852802,5.04707564E+10,10.647
2017,Cambodia,16073374,5.40021965E+10,12.088
2018,Cambodia,16274521,5.80356178E+10,13.934
2019,Cambodia,16481304,6.21294551E+10,18.629
2020,Cambodia,16725482,6.02059325E+10,19.034
2021,Cambodia,16974308,6.202776E+10,19.248
2022,Cambodia,17201717,6.51365949E+10,19.609
1951,Cameroon,4395365,5.41706342E+09,0.183
1952,Cameroon,4464717,5.62017331E+09,0.282
1953,Cameroon,4538445,5.824487E+09,0.202
1954,Cameroon,4616888,6.040446E+09,0.231
1955,Cameroon,4700266,6.26342E+09,0.234
1956,Cameroon,4788342,6.49381734E+09,0.238
1957,Cameroon,4878935,6.732063E+09,0.256
1958,Cameroon,4972220,6.978686E+09,0.278
1959,Cameroon,5070072,7.23410534E+09,0.278
1960,Cameroon,5159059,7.437216E+09,0.271
1961,Cameroon,5239280,7.528597E+09,0.282
1962,Cameroon,5338627,7.7576745E+09,0.289
1963,Cameroon,5456615,8.048988E+09,0.3
1964,Cameroon,5578260,8.333998E+09,0.337
1965,Cameroon,5704687,8.50257664E+09,0.311
1966,Cameroon,5837300,8.896457E+09,0.344
1967,Cameroon,5977314,9.142135E+09,0.458
1968,Cameroon,6125861,9.741294E+09,0.506
1969,Cameroon,6283472,1.02211533E+10,0.572
1970,Cameroon,6449796,1.05273375E+10,0.637
1971,Cameroon,6624414,1.08412447E+10,0.809
1972,Cameroon,6806873,1.13178972E+10,0.86
1973,Cameroon,6996661,1.14800189E+10,0.897
1974,Cameroon,7193590,1.19889562E+10,0.974
1975,Cameroon,7397124,1.26136054E+10,1.161
1976,Cameroon,7597963,1.28479519E+10,1.089
1977,Cameroon,7796510,1.358354E+10,1.559
1978,Cameroon,8011918,1.43229358E+10,1.993
1979,Cameroon,8239640,1.51042345E+10,1.815
1980,Cameroon,8512216,1.66487235E+10,3.886
1981,Cameroon,8816378,1.948016E+10,5.319
1982,Cameroon,9028677,2.09507226E+10,6.316
1983,Cameroon,9215395,2.242458E+10,6.554
1984,Cameroon,9475084,2.41744732E+10,6.053
1985,Cameroon,9761726,2.63446958E+10,6.471
1986,Cameroon,10060342,2.82523853E+10,1.993
1987,Cameroon,10370753,2.685261E+10,1.843
1988,Cameroon,10684973,2.56166318E+10,2.154
1989,Cameroon,11002748,2.33225851E+10,7.578
1990,Cameroon,11331825,2.29370757E+10,2.605
1991,Cameroon,11667184,2.24725074E+10,2.668
1992,Cameroon,12006362,2.21686968E+10,2.712
1993,Cameroon,12353131,2.18465935E+10,2.866
1994,Cameroon,12704899,2.16859853E+10,4.88
1995,Cameroon,13058518,2.27914977E+10,5.375
1996,Cameroon,13414762,2.43365868E+10,5.975
1997,Cameroon,13775217,2.60710113E+10,5.379
1998,Cameroon,14144859,2.78186353E+10,5.373
1999,Cameroon,14525145,2.94535066E+10,5.219
2000,Cameroon,14912633,3.12077128E+10,5.589
2001,Cameroon,15309490,3.317387E+10,5.562
2002,Cameroon,15725534,3.50582743E+10,5.351
2003,Cameroon,16160340,3.706667E+10,5.705
2004,Cameroon,16610487,3.90502359E+10,5.698
2005,Cameroon,17074598,4.05665464E+10,5.424
2006,Cameroon,17550402,4.25446564E+10,5.486
2007,Cameroon,18049895,4.46408745E+10,7.409
2008,Cameroon,18574054,4.66863677E+10,7.321
2009,Cameroon,19113979,4.83955057E+10,8.555
2010,Cameroon,19668064,5.082659E+10,8.383
2011,Cameroon,20232312,5.383623E+10,8.105
2012,Cameroon,20809531,5.62631721E+10,7.603
2013,Cameroon,21402379,5.906902E+10,7.85
2014,Cameroon,22059894,6.24826163E+10,8.772
2015,Cameroon,22763419,6.59816448E+10,9.851
2016,Cameroon,23454167,6.893697E+10,9.965
2017,Cameroon,24128608,7.137803E+10,9.586
2018,Cameroon,24806379,7.424884E+10,9.848
2019,Cameroon,25506096,7.678964E+10,9.606
2020,Cameroon,26210566,7.720354E+10,9.716
2021,Cameroon,26915764,8.00206848E+10,9.605
2022,Cameroon,27632771,8.27278E+10,10.046
1951,Canada,14083297,1.72068E+11,162.678
1952,Canada,14482799,1.84613E+11,159.409
1953,Canada,14897875,1.93224E+11,160.608
1954,Canada,15318985,1.91888E+11,162.968
1955,Canada,15728280,2.0981E+11,169.473
1956,Canada,16159621,2.26794E+11,189.802
1957,Canada,16641328,2.33362E+11,182.811
1958,Canada,17104090,2.37536E+11,182.155
1959,Canada,17515523,2.47152E+11,184.481
1960,Canada,17898792,2.54858E+11,192.716
1961,Canada,18263079,2.6238E+11,194.001
1962,Canada,18613596,2.80744E+11,206.991
1963,Canada,18964256,2.9494E+11,210.911
1964,Canada,19321670,3.14155E+11,237.578
1965,Canada,19685519,3.35067E+11,251.917
1966,Canada,20053665,3.56785E+11,259.074
1967,Canada,20408776,3.67635E+11,281.637
1968,Canada,20734171,3.86855E+11,303.261
1969,Canada,21037620,4.07256E+11,307.119
1970,Canada,21440020,4.17752E+11,341.177
1971,Canada,21895693,4.41057E+11,352.287
1972,Canada,22230876,4.64342E+11,380.792
1973,Canada,22512230,4.97617E+11,381.273
1974,Canada,22824083,5.17952E+11,389.617
1975,Canada,23148980,5.29611E+11,396.787
1976,Canada,23455783,5.58635E+11,398.962
1977,Canada,23730341,5.7742E+11,407.79
1978,Canada,23978742,6.00763E+11,415.529
1979,Canada,24237173,6.25737E+11,441.677
1980,Canada,24533779,6.34114E+11,442.847
1981,Canada,24844977,6.53774E+11,429.63
1982,Canada,25140164,6.33853E+11,414.455
1983,Canada,25412604,6.52318E+11,408.339
1984,Canada,25670376,6.89734E+11,425.233
1985,Canada,25927463,7.27013E+11,421.719
1986,Canada,26211035,7.46075E+11,404.708
1987,Canada,26540914,7.76472E+11,430.982
1988,Canada,26927938,8.1424E+11,455.669
1989,Canada,27366047,8.33919E+11,462.885
1990,Canada,27789436,8.35997E+11,458.015
1991,Canada,28157153,8.20274E+11,449.756
1992,Canada,28500065,8.29742E+11,463.497
1993,Canada,28830635,8.53776E+11,464.16
1994,Canada,29147382,8.94852E+11,478.631
1995,Canada,29459136,9.2136E+11,491.414
1996,Canada,29767210,9.38873E+11,507.729
1997,Canada,30059087,9.81728E+11,522.022
1998,Canada,30329968,1.02247E+12,529.636
1999,Canada,30599458,1.07841E+12,543.866
2000,Canada,30891800,1.13768E+12,566.261
2001,Canada,31213577,1.16146E+12,558.36
2002,Canada,31535580,1.19987E+12,563.729
2003,Canada,31836484,1.22458E+12,580.792
2004,Canada,32132680,1.26592E+12,579.163
2005,Canada,32440173,1.31008E+12,572.855
2006,Canada,32759174,1.34829E+12,568.173
2007,Canada,33092172,1.37993E+12,591.889
2008,Canada,33449089,1.39794E+12,575.77
2009,Canada,33826369,1.36054E+12,542.811
2010,Canada,34196901,1.40636E+12,554.734
2011,Canada,34555450,1.45422E+12,563.32
2012,Canada,34922512,1.47983E+12,564.221
2013,Canada,35293420,1.5143E+12,568.854
2014,Canada,35634265,1.55776E+12,566.469
2015,Canada,35962236,1.56803E+12,565.644
2016,Canada,36353345,1.58373E+12,558.872
2017,Canada,36808500,1.63187E+12,569.603
2018,Canada,37294997,1.67719E+12,579.079
2019,Canada,37782931,1.70886E+12,582.025
2020,Canada,38171901,1.62214E+12,526.582
2021,Canada,38454058,1.70344E+12,540.312
2022,Canada,38821260,1.7613E+12,550.612
1951,Cape Verde,187206,1.53869E+08,0.077
1952,Cape Verde,189445,1.59805E+08,0.037
1953,Cape Verde,191559,1.6704E+08,0.018
1954,Cape Verde,193556,1.6892E+08,0.022
1955,Cape Verde,195622,1.74746E+08,0.022
1956,Cape Verde,197858,1.82178E+08,0.029
1957,Cape Verde,200300,1.8216E+08,0.018
1958,Cape Verde,203100,1.8574E+08,0.015
1959,Cape Verde,206365,2.07617E+08,0.018
1960,Cape Verde,210033,2.23595E+08,0.022
1961,Cape Verde,215096,2.38119E+08,0.022
1962,Cape Verde,221930,2.5347E+08,0.018
1963,Cape Verde,229384,2.68429E+08,0.015
1964,Cape Verde,237018,2.82688E+08,0.029
1965,Cape Verde,244867,2.98352E+08,0.026
1966,Cape Verde,252989,3.12851E+08,0.022
1967,Cape Verde,261405,3.28016E+08,0.018
1968,Cape Verde,270171,3.42138E+08,0.029
1969,Cape Verde,279255,3.57892E+08,0.037
1970,Cape Verde,287895,3.72565E+08,0.037
1971,Cape Verde,294052,3.91755E+08,0.037
1972,Cape Verde,297387,4.00675E+08,0.051
1973,Cape Verde,299890,4.0719E+08,0.062
1974,Cape Verde,302579,4.17663E+08,0.066
1975,Cape Verde,305857,3.4636E+08,0.077
1976,Cape Verde,309462,3.54033E+08,0.073
1977,Cape Verde,312844,3.36336E+08,0.081
1978,Cape Verde,316161,3.68475E+08,0.209
1979,Cape Verde,319486,3.81193E+08,0.249
1980,Cape Verde,323311,4.00192E+08,0.121
1981,Cape Verde,327860,4.341E+08,0.033
1982,Cape Verde,332731,4.4688E+08,0.037
1983,Cape Verde,337660,4.89104E+08,0.037
1984,Cape Verde,342511,5.07312E+08,0.084
1985,Cape Verde,347370,5.52214E+08,0.084
1986,Cape Verde,352320,5.66886E+08,0.059
1987,Cape Verde,357307,5.92342E+08,0.081
1988,Cape Verde,362338,6.28238E+08,0.073
1989,Cape Verde,367820,6.633E+08,0.081
1990,Cape Verde,375436,6.681E+08,0.18
1991,Cape Verde,384603,689942656,0.165
1992,Cape Verde,393427,7.225362E+08,0.18
1993,Cape Verde,401976,7.902746E+08,0.172
1994,Cape Verde,410231,8.614462E+08,0.176
1995,Cape Verde,418117,9.412877E+08,0.198
1996,Cape Verde,425592,1.02466938E+09,0.216
1997,Cape Verde,432803,1.12209587E+09,0.227
1998,Cape Verde,439790,1.23884493E+09,0.242
1999,Cape Verde,446529,1.41238336E+09,0.289
2000,Cape Verde,453334,1.54094234E+09,0.297
2001,Cape Verde,460300,1.66397632E+09,0.348
2002,Cape Verde,467055,1.787223E+09,0.381
2003,Cape Verde,473384,1.90439757E+09,0.414
2004,Cape Verde,479377,2.02240934E+09,0.425
2005,Cape Verde,485127,2.19457562E+09,0.447
2006,Cape Verde,490727,2.457336E+09,0.495
2007,Cape Verde,496195,2.72055526E+09,0.506
2008,Cape Verde,501363,2.95664282E+09,0.469
2009,Cape Verde,506149,2.96917965E+09,0.52
2010,Cape Verde,509794,3.07116365E+09,0.557
2011,Cape Verde,511453,3.24822E+09,0.616
2012,Cape Verde,511966,3.287052E+09,0.502
2013,Cape Verde,512232,3.310254E+09,0.495
2014,Cape Verde,512334,3.375218E+09,0.487
2015,Cape Verde,512405,3.421236E+09,0.491
2016,Cape Verde,512556,3.573127E+09,0.535
2017,Cape Verde,512899,3.75179162E+09,0.575
2018,Cape Verde,513417,3.89264845E+09,0.572
2019,Cape Verde,514116,4.1898944E+09,0.63
2020,Cape Verde,514684,3.3811264E+09,0.517
2021,Cape Verde,516655,3.611421E+09,0.546
2022,Cape Verde,519750,4.25115469E+09,0.555
1951,Central African Republic,1461254,1.707225E+09,0.063
1952,Central African Republic,1484829,1.768748E+09,0.081
1953,Central African Republic,1508951,1.8326E+09,0.069
1954,Central African Republic,1533762,1.900368E+09,0.072
1955,Central African Republic,1559372,1.970776E+09,0.072
1956,Central African Republic,1585852,2.04404E+09,0.093
1957,Central African Republic,1613283,2.118624E+09,0.1
1958,Central African Republic,1641677,2.199048E+09,0.115
1959,Central African Republic,1671337,2.278221E+09,0.099
1960,Central African Republic,1702348,2.298789E+09,0.088
1961,Central African Republic,1734583,2.387515E+09,0.088
1962,Central African Republic,1768125,2.322575E+09,0.073
1963,Central African Republic,1803068,2.317076E+09,0.073
1964,Central African Republic,1839583,2.35531E+09,0.073
1965,Central African Republic,1877858,2.386648E+09,0.088
1966,Central African Republic,1918090,2.404495E+09,0.084
1967,Central African Republic,1960449,2.517768E+09,0.092
1968,Central African Republic,2005102,2.529905E+09,0.183
1969,Central African Republic,2051518,2.64942E+09,0.187
1970,Central African Republic,2097514,2.773212E+09,0.209
1971,Central African Republic,2141456,2.688468E+09,0.183
1972,Central African Republic,2183774,2.636136E+09,0.169
1973,Central African Republic,2226007,2.756895E+09,0.161
1974,Central African Republic,2269345,2.673998E+09,0.114
1975,Central African Republic,2313924,2.722734E+09,0.103
1976,Central African Republic,2348567,2.84064E+09,0.128
1977,Central African Republic,2372931,3.072056E+09,0.128
1978,Central African Republic,2397964,3.11055E+09,0.147
1979,Central African Republic,2423799,3.02991E+09,0.103
1980,Central African Republic,2450536,2.898666E+09,0.106
1981,Central African Republic,2478412,2.941447E+09,0.136
1982,Central African Republic,2507374,2.993424E+09,0.143
1983,Central African Republic,2537409,2.810015E+09,0.147
1984,Central African Republic,2568610,3.012834E+09,0.15
1985,Central African Republic,2600939,3.115672E+09,0.161
1986,Central African Republic,2634263,3.22455E+09,0.161
1987,Central African Republic,2669153,3.065439E+09,0.26
1988,Central African Republic,2713968,3.129941E+09,0.231
1989,Central African Republic,2783977,3.21E+09,0.249
1990,Central African Republic,2871915,3.155955E+09,0.183
1991,Central African Republic,2963195,3.19620454E+09,0.191
1992,Central African Republic,3058837,3.15328666E+09,0.194
1993,Central African Republic,3157841,3.14161357E+09,0.198
1994,Central African Republic,3257957,3.29969229E+09,0.209
1995,Central African Republic,3348061,3.46800461E+09,0.209
1996,Central African Republic,3435973,3.2086807E+09,0.213
1997,Central African Republic,3531700,3.40109824E+09,0.216
1998,Central African Republic,3628834,3.555833E+09,0.22
1999,Central African Republic,3729453,3.76394214E+09,0.231
2000,Central African Republic,3833422,3.83650586E+09,0.234
2001,Central African Republic,3919497,3.86148275E+09,0.245
2002,Central African Republic,4006080,3.83396941E+09,0.242
2003,Central African Republic,4103091,3.563806E+09,0.224
2004,Central African Republic,4192828,3.65929754E+09,0.22
2005,Central African Republic,4288813,3.74573875E+09,0.216
2006,Central African Republic,4377583,3.92172749E+09,0.227
2007,Central African Republic,4462777,4.07814144E+09,0.231
2008,Central African Republic,4558988,4.185492E+09,0.165
2009,Central African Republic,4529051,4.261638E+09,0.161
2010,Central African Republic,4493001,4.4104535E+09,0.169
2011,Central African Republic,4565022,4.49955E+09,0.187
2012,Central African Republic,4610848,4.632212E+09,0.191
2013,Central African Republic,4642424,2.929689E+09,0.117
2014,Central African Republic,4623188,2.960958E+09,0.125
2015,Central African Republic,4629323,3.105792E+09,0.18
2016,Central African Republic,4713663,3.26522957E+09,0.198
2017,Central African Republic,4793511,3.42167859E+09,0.216
2018,Central African Republic,4878664,3.55727027E+09,0.22
2019,Central African Republic,4944707,3.6629312E+09,0.227
2020,Central African Republic,5026629,3.698073E+09,0.238
2021,Central African Republic,5112102,3.734422E+09,0.242
2022,Central African Republic,5098038,3.75205658E+09,0.271
1951,Chad,2570410,2.205453E+09,0.039
1952,Chad,2616313,2.282775E+09,0.051
1953,Chad,2663778,2.36806426E+09,0.043
1954,Chad,2713011,2.45339136E+09,0.046
1955,Chad,2764251,2.544367E+09,0.045
1956,Chad,2817660,2.63840282E+09,0.059
1957,Chad,2873096,2.735638E+09,0.063
1958,Chad,2930371,2.84210048E+09,0.072
1959,Chad,2989327,2.9404096E+09,0.062
1960,Chad,3049842,2.963203E+09,0.055
1961,Chad,3111955,3.00556646E+09,0.051
1962,Chad,3175599,3.16301875E+09,0.084
1963,Chad,3240908,3.11782426E+09,0.092
1964,Chad,3307482,3.03909069E+09,0.099
1965,Chad,3374220,3.05354675E+09,0.106
1966,Chad,3440906,3.00220339E+09,0.084
1967,Chad,3508516,3.02722E+09,0.117
1968,Chad,3578231,3.011389E+09,0.125
1969,Chad,3651122,3.215064E+09,0.161
1970,Chad,3727836,3.27996954E+09,0.125
1971,Chad,3807326,3.33786368E+09,0.15
1972,Chad,3893254,3.1093143E+09,0.121
1973,Chad,3985912,2.961473E+09,0.161
1974,Chad,4078362,3.362177E+09,0.15
1975,Chad,4167236,3.945146E+09,0.183
1976,Chad,4251298,3.88749414E+09,0.183
1977,Chad,4331668,3.59205478E+09,0.198
1978,Chad,4411369,3.57462835E+09,0.194
1979,Chad,4505385,2.8141824E+09,0.202
1980,Chad,4515462,2.636554E+09,0.209
1981,Chad,4520966,2.35228365E+09,0.209
1982,Chad,4738483,2.48002714E+09,0.205
1983,Chad,4979136,2.86836045E+09,0.205
1984,Chad,5045154,3.02012954E+09,0.216
1985,Chad,5096273,3.25239885E+09,0.18
1986,Chad,5251074,3.45180032E+09,0.187
1987,Chad,5438312,3.57457587E+09,0.198
1988,Chad,5625603,3.844988E+09,0.066
1989,Chad,5819589,3.91471539E+09,0.103
1990,Chad,5982839,4.04225638E+09,0.377
1991,Chad,6205686,4.24350874E+09,0.385
1992,Chad,6474652,4.38456627E+09,0.407
1993,Chad,6629147,4.228384E+09,0.403
1994,Chad,6783455,4.51268659E+09,0.412
1995,Chad,7089064,4.61454541E+09,0.427
1996,Chad,7410108,4.76318464E+09,0.443
1997,Chad,7670372,5.09146061E+09,0.453
1998,Chad,7938842,5.510466E+09,0.464
1999,Chad,8222711,5.546895E+09,0.477
2000,Chad,8512092,5.599888E+09,0.488
2001,Chad,8804121,6.33685043E+09,0.506
2002,Chad,9116194,6.98284E+09,0.528
2003,Chad,9487830,8.1101097E+09,0.882
2004,Chad,9920036,1.10321019E+10,0.903
2005,Chad,10328095,1.21464412E+10,0.926
2006,Chad,10706425,1.2214526E+10,0.961
2007,Chad,11081667,1.47043871E+10,1.089
2008,Chad,11476300,1.52573123E+10,0.872
2009,Chad,11893752,1.70781932E+10,1.216
2010,Chad,12312582,1.98699643E+10,1.236
2011,Chad,12755003,1.99033979E+10,1.273
2012,Chad,13211007,2.16562934E+10,1.743
2013,Chad,13691081,2.29021737E+10,2.078
2014,Chad,14188681,2.44808274E+10,2.183
2015,Chad,14647625,2.4914135E+10,2.352
2016,Chad,15114649,2.35294065E+10,2.374
2017,Chad,15622758,2.29694034E+10,2.344
2018,Chad,16156535,2.351034E+10,2.384
2019,Chad,16685223,2.4314153E+10,2.299
2020,Chad,17224685,2.37933445E+10,2.356
2021,Chad,17828274,2.35311473E+10,2.67
2022,Chad,18455319,2.41180119E+10,3.005
1951,Chile,6756666,3.751785E+10,9.982
1952,Chile,6891991,3.98728724E+10,10.604
1953,Chile,7033536,4.273544E+10,10.403
1954,Chile,7180570,4.12399043E+10,11.08
1955,Chile,7332310,4.275907E+10,11.597
1956,Chile,7489536,4.329638E+10,11.832
1957,Chile,7651307,4.76332646E+10,11.726
1958,Chile,7815994,5.023525E+10,12.451
1959,Chile,7983431,4.742559E+10,12.703
1960,Chile,8153356,5.14362532E+10,13.476
1961,Chile,8324804,5.38146529E+10,14.455
1962,Chile,8497067,5.62940559E+10,16.707
1963,Chile,8670149,5.976895E+10,17.337
1964,Chile,8842538,6.09786962E+10,17.505
1965,Chile,9012943,6.13397176E+10,17.747
1966,Chile,9181729,6.81326223E+10,18.772
1967,Chile,9348941,7.027772E+10,19.238
1968,Chile,9514714,7.27155343E+10,21.202
1969,Chile,9680281,7.531321E+10,22.531
1970,Chile,9845344,7.677533E+10,24.636
1971,Chile,10009696,8.369703E+10,27.056
1972,Chile,10174680,8.279331E+10,28.139
1973,Chile,10340364,7.829228E+10,27.588
1974,Chile,10505818,7.91714E+10,25.878
1975,Chile,10671564,6.900313E+10,22.947
1976,Chile,10838249,7.16484444E+10,24.029
1977,Chile,11005519,7.884126E+10,23.017
1978,Chile,11172693,8.538996E+10,22.842
1979,Chile,11339778,9.257092E+10,24.73
1980,Chile,11508552,1.0011E+11,25.1
1981,Chile,11678712,1.06358E+11,24.347
1982,Chile,11850214,9.208069E+10,20.475
1983,Chile,12026137,8.960304E+10,20.674
1984,Chile,12207732,9.493808E+10,22.005
1985,Chile,12395274,9.68336343E+10,21.292
1986,Chile,12588923,1.02073E+11,22.022
1987,Chile,12790156,1.08707E+11,22.41
1988,Chile,12999429,1.16634E+11,26.6
1989,Chile,13215015,1.29085E+11,32.018
1990,Chile,13437178,1.33955E+11,32.908
1991,Chile,13662481,1.43695E+11,30.892
1992,Chile,13884580,1.60277E+11,32.001
1993,Chile,14102276,1.70385E+11,34.098
1994,Chile,14316262,1.78943E+11,37.975
1995,Chile,14527382,1.96694E+11,41.563
1996,Chile,14734050,2.09866E+11,48.226
1997,Chile,14932435,2.22279E+11,55.942
1998,Chile,15127801,2.27978E+11,57.258
1999,Chile,15319309,2.24772E+11,61.408
2000,Chile,15503637,2.33341E+11,58.503
2001,Chile,15683853,2.39643E+11,52.918
2002,Chile,15857924,2.43289E+11,54.836
2003,Chile,16024753,2.50723E+11,55.1
2004,Chile,16187322,2.64146E+11,59.228
2005,Chile,16348781,2.78001E+11,61.127
2006,Chile,16509198,2.93258E+11,64.052
2007,Chile,16671572,3.05709E+11,70.476
2008,Chile,16838987,3.14032E+11,70.553
2009,Chile,17009728,3.0666E+11,65.96
2010,Chile,17181462,3.21457E+11,71.348
2011,Chile,17351811,3.38709E+11,78.071
2012,Chile,17519114,3.59556E+11,79.621
2013,Chile,17687006,3.71454E+11,81.737
2014,Chile,17864191,3.78114E+11,77.59
2015,Chile,18047628,3.86251E+11,81.782
2016,Chile,18267225,3.93022E+11,84.25
2017,Chile,18558865,3.9836E+11,84.138
2018,Chile,18893186,4.14254E+11,84.439
2019,Chile,19197747,4.17332E+11,91.977
2020,Chile,19370619,3.91687E+11,80.178
2021,Chile,19456323,4.37659E+11,83.655
2022,Chile,19553032,4.48338E+11,82.537
1951,China,553758251,5.29606E+11,102.115
1952,China,565131436,5.95649E+11,127.999
1953,China,577557142,6.72668E+11,133.783
1954,China,590113861,6.2448E+11,160.877
1955,China,603547012,6.81085E+11,190.521
1956,China,616558585,7.38922E+11,215.824
1957,China,630356210,7.61703E+11,255.785
1958,China,644219484,7.66245E+11,524.617
1959,China,652708210,7.43928E+11,720.152
1960,China,654802066,7.05093E+11,798.8
1961,China,655773482,5.77128E+11,570.63
1962,China,665073692,6.16503E+11,459.618
1963,China,684552645,7.05534E+11,456.779
1964,China,704798265,8.04505E+11,460.637
1965,China,723415737,8.96127E+11,500.286
1966,China,742402209,9.27339E+11,549.459
1967,China,761026025,9.33378E+11,460.226
1968,China,781011031,9.12373E+11,495.507
1969,China,802140343,1.00618E+12,607.683
1970,China,823308968,1.144E+12,807.953
1971,China,844069870,1.21624E+12,909.21
1972,China,863677811,1.23356E+12,968.646
1973,China,882576941,1.33438E+12,1008.293
1974,China,900307583,1.36763E+12,1028.1
1975,China,916116795,1.46073E+12,1183.215
1976,China,930372293,1.41371E+12,1226.421
1977,China,943546379,1.49349E+12,1340.831
1978,China,956161484,1.66755E+12,1492.778
1979,China,969288069,1.80138E+12,1525.661
1980,China,983163545,1.89378E+12,1494.496
1981,China,997721068,1.94996E+12,1476.488
1982,China,1013588169,2.1286E+12,1606.585
1983,China,1029064952,2.27886E+12,1694.217
1984,China,1043849645,2.534E+12,1844.828
1985,China,1059807821,2.75267E+12,1998.083
1986,China,1077233612,2.93154E+12,2104.213
1987,China,1096217446,3.17731E+12,2257.739
1988,China,1115244161,3.35446E+12,2425.894
1989,China,1133991005,3.38056E+12,2463.654
1990,China,1153582718,3.38512E+12,2484.855
1991,China,1170788527,3.50895E+12,2606.096
1992,China,1184574240,3.75504E+12,2730.788
1993,China,1197308569,4.12617E+12,2921.651
1994,China,1209003100,4.43875E+12,3103.739
1995,China,1220133927,4.81E+12,3361.637
1996,China,1230944812,5.12759E+12,3508.818
1997,China,1241139619,5.29134E+12,3515.594
1998,China,1250847121,5.3387E+12,3364.587
1999,China,1260176650,5.5785E+12,3557.275
2000,China,1269581164,5.95268E+12,3649.227
2001,China,1278725057,6.32974E+12,3728.51
2002,China,1286866839,6.81449E+12,4103.046
2003,China,1294517315,7.24862E+12,4841.119
2004,China,1302100319,7.83095E+12,5217.351
2005,China,1310027138,8.60294E+12,5882.106
2006,China,1318054037,9.48954E+12,6494.331
2007,China,1325813580,1.03582E+13,6983.547
2008,China,1333821009,1.07991E+13,7501.498
2009,China,1342522709,1.15725E+13,7891.078
2010,China,1351561511,1.28588E+13,8620.576
2011,China,1360250657,1.36915E+13,9532.332
2012,China,1369520865,1.47732E+13,9779.292
2013,China,1379008046,1.59255E+13,9956.329
2014,China,1387951973,1.71039E+13,9990.257
2015,China,1396134164,1.83012E+13,9863.457
2016,China,1404052626,1.95457E+13,9762.714
2017,China,1412354742,2.08944E+13,10006.3428
2018,China,1419008963,2.22943E+13,10332.9922
2019,China,1423520354,2.36319E+13,10713.9844
2020,China,1426106083,2.41518E+13,10905.6934
2021,China,1426437276,2.61806E+13,11447.9131
2022,China,1425179562,2.6966E+13,11350.5381
1951,Colombia,12078812,4.10040566E+10,8.164
1952,Colombia,12405851,4.358587E+10,8.633
1953,Colombia,12746037,4.62683668E+10,10.761
1954,Colombia,13100844,4.947597E+10,9.621
1955,Colombia,13473059,5.14049352E+10,11.944
1956,Colombia,13861804,5.34657434E+10,12.599
1957,Colombia,14270277,5.542341E+10,13.651
1958,Colombia,14693293,5.68115364E+10,13.977
1959,Colombia,15136220,6.089101E+10,16.087
1960,Colombia,15606208,6.34918543E+10,16.39
1961,Colombia,16095207,6.67118223E+10,18.196
1962,Colombia,16599029,7.033587E+10,19.419
1963,Colombia,17113825,7.264051E+10,21.233
1964,Colombia,17637416,7.713576E+10,21.683
1965,Colombia,18169052,7.991751E+10,22.859
1966,Colombia,18702692,8.416119E+10,23.474
1967,Colombia,19235624,8.771276E+10,24.687
1968,Colombia,19766801,9.309354E+10,26.573
1969,Colombia,20291938,9.90032E+10,28.016
1970,Colombia,20811790,1.05691E+11,28.37
1971,Colombia,21319101,1.11964E+11,30.281
1972,Colombia,21819571,1.20559E+11,31.425
1973,Colombia,22325375,1.28657E+11,33.631
1974,Colombia,22833475,1.3609E+11,36.394
1975,Colombia,23344650,1.3925E+11,35.809
1976,Colombia,23858814,1.45808E+11,37.98
1977,Colombia,24393499,1.51869E+11,39.241
1978,Colombia,24950341,1.6478E+11,41.534
1979,Colombia,25515626,1.73587E+11,44.267
1980,Colombia,26104502,1.80718E+11,44.174
1981,Colombia,26713266,1.84572E+11,44.26
1982,Colombia,27338334,1.86379E+11,45.679
1983,Colombia,27988176,1.89368E+11,49.21
1984,Colombia,28642689,1.96136E+11,48.702
1985,Colombia,29268471,2.02554E+11,48.079
1986,Colombia,29879114,2.14958E+11,48.754
1987,Colombia,30499472,2.26482E+11,50.124
1988,Colombia,31130528,2.3571E+11,52.135
1989,Colombia,31776281,2.43369E+11,53.082
1990,Colombia,32440064,2.53538E+11,56.898
1991,Colombia,33098371,2.59416E+11,56.654
1992,Colombia,33760570,2.70563E+11,61.495
1993,Colombia,34441479,2.86025E+11,63.338
1994,Colombia,35127408,3.00636E+11,67.037
1995,Colombia,35804671,3.16102E+11,59.421
1996,Colombia,36462740,3.22404E+11,59.913
1997,Colombia,37121156,3.33997E+11,65.256
1998,Colombia,37792170,3.35366E+11,65.799
1999,Colombia,38454863,3.21583E+11,55.476
2000,Colombia,39089939,3.30616E+11,56.591
2001,Colombia,39709264,3.36097E+11,56.848
2002,Colombia,40324683,3.44518E+11,55.901
2003,Colombia,40937426,3.57889E+11,57.378
2004,Colombia,41543177,3.76728E+11,54.647
2005,Colombia,42128977,3.94076E+11,60.162
2006,Colombia,42691081,4.20284E+11,62.304
2007,Colombia,43235374,4.48731E+11,60.491
2008,Colombia,43758804,4.64039E+11,66.964
2009,Colombia,44271541,4.71327E+11,72.461
2010,Colombia,44777325,4.8987E+11,76.266
2011,Colombia,45259614,5.21323E+11,76.224
2012,Colombia,45715807,5.41723E+11,80.255
2013,Colombia,46151584,5.69535E+11,88.105
2014,Colombia,46565426,5.95158E+11,94.078
2015,Colombia,46969937,6.12751E+11,98.064
2016,Colombia,47437513,6.25545E+11,94.208
2017,Colombia,48131076,6.34046E+11,86.61
2018,Colombia,49024463,6.50303E+11,86.731
2019,Colombia,49907987,6.71028E+11,94.498
2020,Colombia,50629997,6.22365E+11,89.732
2021,Colombia,51188174,6.90925E+11,94.323
2022,Colombia,51737944,7.42717E+11,98.293
1959,Comoros,194298,1.14381E+08,0.011
1960,Comoros,197710,1.24257E+08,0.011
1961,Comoros,201209,1.25477E+08,0.011
1962,Comoros,204713,1.37088E+08,0.011
1963,Comoros,208198,1.65816E+08,0.011
1964,Comoros,211650,1.78488E+08,0.011
1965,Comoros,214981,1.7922E+08,0.015
1966,Comoros,218672,1.98644E+08,0.018
1967,Comoros,223869,2.06584E+08,0.018
1968,Comoros,230256,2.06944E+08,0.018
1969,Comoros,237006,2.1114E+08,0.018
1970,Comoros,244197,2.27757E+08,0.029
1971,Comoros,251878,2.37656E+08,0.029
1972,Comoros,260084,2.43432E+08,0.029
1973,Comoros,268829,2.60554E+08,0.029
1974,Comoros,278084,2.68068E+08,0.029
1975,Comoros,287703,2.86488E+08,0.033
1976,Comoros,297549,2.86556E+08,0.04
1977,Comoros,307589,2.98494E+08,0.04
1978,Comoros,317696,3.07516E+08,0.029
1979,Comoros,327804,3.36567E+08,0.022
1980,Comoros,337728,3.621E+08,0.048
1981,Comoros,347393,3.76188E+08,0.048
1982,Comoros,357149,4.00144E+08,0.048
1983,Comoros,367242,4.19385E+08,0.048
1984,Comoros,377644,4.36832E+08,0.048
1985,Comoros,388356,4.45046E+08,0.048
1986,Comoros,399328,4.53544E+08,0.044
1987,Comoros,410444,4.60749E+08,0.048
1988,Comoros,421697,4.73472E+08,0.051
1989,Comoros,433106,4.66468E+08,0.051
1990,Comoros,444602,4.6956E+08,0.066
1991,Comoros,455564,484441568,0.066
1992,Comoros,465119,534666880,0.07
1993,Comoros,473682,558102848,0.073
1994,Comoros,482148,536542944,0.073
1995,Comoros,490594,5.636305E+08,0.077
1996,Comoros,499113,563951168,0.081
1997,Comoros,507779,5.958568E+08,0.084
1998,Comoros,516606,611159232,0.092
1999,Comoros,525891,6.314953E+08,0.095
2000,Comoros,536084,6.563993E+08,0.103
2001,Comoros,547221,6.805821E+08,0.106
2002,Comoros,558928,705937344,0.106
2003,Comoros,569808,731630336,0.136
2004,Comoros,580711,7.558486E+08,0.147
2005,Comoros,592677,788522752,0.143
2006,Comoros,604752,8.883217E+08,0.165
2007,Comoros,616933,9.083282E+08,0.106
2008,Comoros,629314,9.566534E+08,0.11
2009,Comoros,641947,1.00414483E+09,0.136
2010,Comoros,654845,1.01138906E+09,0.161
2011,Comoros,668064,1.067838E+09,0.143
2012,Comoros,681637,1.112133E+09,0.154
2013,Comoros,696202,1.217488E+09,0.183
2014,Comoros,711511,1.263249E+09,0.161
2015,Comoros,726685,1.324576E+09,0.18
2016,Comoros,741745,1.35606349E+09,0.209
2017,Comoros,756672,1.42602112E+09,0.26
2018,Comoros,771596,1.4794839E+09,0.286
2019,Comoros,786583,1.533171E+09,0.311
2020,Comoros,802172,1.59457946E+09,0.374
2021,Comoros,818178,1.6391639E+09,0.498
2022,Comoros,834192,1.682077E+09,0.451
1951,Congo,853643,1.4502249E+09,0.118
1952,Congo,872685,1.50288781E+09,0.154
1953,Congo,892463,1.55788173E+09,0.13
1954,Congo,913022,1.61534144E+09,0.137
1955,Congo,934436,1.67540787E+09,0.135
1956,Congo,956824,1.73639053E+09,0.176
1957,Congo,980204,1.80003661E+09,0.189
1958,Congo,1004630,1.86840909E+09,0.216
1959,Congo,1030164,1.9388439E+09,0.187
1960,Congo,1056737,2.00342579E+09,0.224
1961,Congo,1084395,2.06971021E+09,0.267
1962,Congo,1113181,2.13671693E+09,0.238
1963,Congo,1143269,2.20765568E+09,0.234
1964,Congo,1174822,2.28164838E+09,0.267
1965,Congo,1207887,2.3588457E+09,0.245
1966,Congo,1242543,2.48315341E+09,0.308
1967,Congo,1278697,2.61434829E+09,0.322
1968,Congo,1316525,2.751624E+09,0.451
1969,Congo,1356187,2.89626854E+09,0.502
1970,Congo,1397640,3.04868966E+09,0.572
1971,Congo,1441048,3.32455142E+09,0.685
1972,Congo,1486478,3.46106266E+09,0.663
1973,Congo,1533684,4.06054221E+09,1.22
1974,Congo,1582304,4.028234E+09,1.623
1975,Congo,1627032,3.99026918E+09,1.099
1976,Congo,1667234,4.17554918E+09,1.235
1977,Congo,1707571,3.8683497E+09,0.48
1978,Congo,1748096,4.10259635E+09,0.322
1979,Congo,1788525,4.566231E+09,0.348
1980,Congo,1828990,5.14843546E+09,0.406
1981,Congo,1869766,6.24856832E+09,0.471
1982,Congo,1910431,7.730809E+09,1.343
1983,Congo,1950327,8.179162E+09,1.142
1984,Congo,1999533,8.786888E+09,1.14
1985,Congo,2059316,8.706874E+09,1.275
1986,Congo,2120606,8.124672E+09,1.062
1987,Congo,2183479,8.162838E+09,1.32
1988,Congo,2247655,8.32427827E+09,1.493
1989,Congo,2313562,8.492043E+09,1.496
1990,Congo,2380562,8.597208E+09,1.008
1991,Congo,2449235,9.009687E+09,1.083
1992,Congo,2519467,9.460342E+09,1.289
1993,Congo,2595126,9.584773E+09,1.16
1994,Congo,2673148,9.269118E+09,3.384
1995,Congo,2749464,9.864798E+09,3.225
1996,Congo,2826786,1.07387351E+10,4.037
1997,Congo,2887861,1.07248937E+10,4.831
1998,Congo,2952063,1.13684142E+10,3.869
1999,Congo,3032875,1.1329492E+10,3.916
2000,Congo,3151349,1.24721367E+10,4.284
2001,Congo,3272542,1.32493076E+10,4.178
2002,Congo,3350772,1.41809541E+10,2.72
2003,Congo,3445757,1.46278277E+10,3.258
2004,Congo,3565564,1.55041475E+10,3.549
2005,Congo,3696399,1.707861E+10,4.352
2006,Congo,3837410,1.856784E+10,4.786
2007,Congo,3980430,1.86990653E+10,4.259
2008,Congo,4113514,2.02700554E+10,4.27
2009,Congo,4281219,2.22987162E+10,4.944
2010,Congo,4462303,2.48090624E+10,5.5
2011,Congo,4609728,2.624909E+10,5.046
2012,Congo,4740456,2.88600842E+10,5.018
2013,Congo,4857106,2.8654592E+10,5.89
2014,Congo,4975887,3.0579327E+10,5.471
2015,Congo,5097583,2.94934548E+10,5.637
2016,Congo,5222545,2.6313173E+10,5.729
2017,Congo,5351012,2.51598684E+10,5.653
2018,Congo,5483129,2.3950934E+10,6.547
2019,Congo,5616656,2.41966735E+10,7.294
2020,Congo,5752791,2.26969641E+10,7.677
2021,Congo,5892186,2.30374216E+10,7.415
2022,Congo,6035107,2.367901E+10,8.111
1951,Costa Rica,958418,2.78449485E+09,0.312
1952,Costa Rica,991799,3.12168832E+09,0.388
1953,Costa Rica,1027011,3.59680768E+09,0.432
1954,Costa Rica,1064116,3.626325E+09,0.407
1955,Costa Rica,1103055,4.04561715E+09,0.348
1956,Costa Rica,1143853,3.93082675E+09,0.484
1957,Costa Rica,1186637,4.2656704E+09,0.462
1958,Costa Rica,1231561,4.793102E+09,0.447
1959,Costa Rica,1278594,4.969813E+09,0.385
1960,Costa Rica,1327499,5.401439E+09,0.491
1961,Costa Rica,1377918,5.62718771E+09,0.491
1962,Costa Rica,1429446,5.971285E+09,0.55
1963,Costa Rica,1481606,6.483681E+09,0.601
1964,Costa Rica,1533966,6.79766835E+09,0.674
1965,Costa Rica,1586215,7.41273549E+09,0.846
1966,Costa Rica,1638122,7.989129E+09,0.992
1967,Costa Rica,1689533,8.48057139E+09,0.875
1968,Costa Rica,1739732,9.132866E+09,1.036
1969,Costa Rica,1789282,9.739629E+09,1.146
1970,Costa Rica,1838949,1.038537E+10,1.249
1971,Costa Rica,1888549,1.10691574E+10,1.527
1972,Costa Rica,1938261,1.20436009E+10,1.761
1973,Costa Rica,1988349,1.2983465E+10,2.043
1974,Costa Rica,2039649,1.36800727E+10,1.904
1975,Costa Rica,2092715,1.39550013E+10,2.036
1976,Costa Rica,2147772,1.47127357E+10,2.082
1977,Costa Rica,2205036,1.602849E+10,2.607
1978,Costa Rica,2264517,1.70193449E+10,2.912
1979,Costa Rica,2326491,1.7863039E+10,2.781
1980,Costa Rica,2390640,1.79975434E+10,2.448
1981,Costa Rica,2456643,1.75877038E+10,2.236
1982,Costa Rica,2524811,1.63669012E+10,2.071
1983,Costa Rica,2595155,1.68194222E+10,2.089
1984,Costa Rica,2667597,1.81395E+10,1.981
1985,Costa Rica,2741904,1.82898647E+10,2.242
1986,Costa Rica,2817219,1.9298687E+10,2.578
1987,Costa Rica,2892698,2.02174362E+10,2.724
1988,Costa Rica,2968102,2.090319E+10,2.906
1989,Costa Rica,3043826,2.210344E+10,2.933
1990,Costa Rica,3121707,2.29066342E+10,2.913
1991,Costa Rica,3202181,2.33925366E+10,3.288
1992,Costa Rica,3284261,2.54556426E+10,3.742
1993,Costa Rica,3367436,2.70687478E+10,3.891
1994,Costa Rica,3451122,2.82506138E+10,5.2
1995,Costa Rica,3535181,2.94044365E+10,4.801
1996,Costa Rica,3619014,2.96955044E+10,4.686
1997,Costa Rica,3701712,3.13275167E+10,4.916
1998,Costa Rica,3782840,3.34538E+10,5.234
1999,Costa Rica,3862104,3.47580129E+10,5.438
2000,Costa Rica,3937737,3.604308E+10,5.394
2001,Costa Rica,4008950,3.73389844E+10,5.667
2002,Costa Rica,4075712,3.856639E+10,6.245
2003,Costa Rica,4138790,4.010462E+10,6.583
2004,Costa Rica,4200080,4.181022E+10,6.842
2005,Costa Rica,4261240,4.34144379E+10,6.723
2006,Costa Rica,4321339,4.654951E+10,7.007
2007,Costa Rica,4380249,5.0253054E+10,7.961
2008,Costa Rica,4440057,5.251458E+10,7.99
2009,Costa Rica,4499788,5.19904461E+10,7.748
2010,Costa Rica,4555965,5.4669054E+10,7.493
2011,Costa Rica,4609834,5.67195034E+10,7.311
2012,Costa Rica,4663932,5.948912E+10,7.26
2013,Costa Rica,4716153,6.09733673E+10,7.632
2014,Costa Rica,4767126,6.31330529E+10,7.748
2015,Costa Rica,4818044,6.543867E+10,7.406
2016,Costa Rica,4867002,6.818971E+10,7.856
2017,Costa Rica,4913177,7.102504E+10,8.029
2018,Costa Rica,4957814,7.288305E+10,8.012
2019,Costa Rica,4999551,7.46453647E+10,7.698
2020,Costa Rica,5034323,7.145577E+10,6.771
2021,Costa Rica,5059992,7.70157445E+10,7.647
2022,Costa Rica,5081765,8.03459E+10,7.847
1951,Cote d'Ivoire,2809369,4.919866E+09,0.461
1952,Cote d'Ivoire,2885719,5.10261043E+09,0.515
1953,Cote d'Ivoire,2965134,5.287694E+09,0.428
1954,Cote d'Ivoire,3048538,5.481269E+09,0.505
1955,Cote d'Ivoire,3136630,5.683029E+09,0.503
1956,Cote d'Ivoire,3230015,5.89411533E+09,0.582
1957,Cote d'Ivoire,3329284,6.1116E+09,0.596
1958,Cote d'Ivoire,3435088,6.33934746E+09,0.498
1959,Cote d'Ivoire,3548954,6.572869E+09,0.546
1960,Cote d'Ivoire,3673672,7.159306E+09,0.462
1961,Cote d'Ivoire,3810152,7.832816E+09,0.553
1962,Cote d'Ivoire,3956947,8.17758464E+09,0.586
1963,Cote d'Ivoire,4112069,9.515745E+09,0.623
1964,Cote d'Ivoire,4273955,1.12242637E+10,0.762
1965,Cote d'Ivoire,4442383,1.09780521E+10,1.172
1966,Cote d'Ivoire,4617523,1.184256E+10,1.238
1967,Cote d'Ivoire,4799743,1.201879E+10,1.359
1968,Cote d'Ivoire,4990025,1.38955684E+10,1.598
1969,Cote d'Ivoire,5192227,1.45036534E+10,1.891
1970,Cote d'Ivoire,5411572,1.6078718E+10,2.242
1971,Cote d'Ivoire,5650874,1.68810394E+10,2.455
1972,Cote d'Ivoire,5909722,1.78174956E+10,2.711
1973,Cote d'Ivoire,6184950,1.9227564E+10,2.876
1974,Cote d'Ivoire,6474062,1.978146E+10,3.243
1975,Cote d'Ivoire,6776303,1.97709046E+10,3.986
1976,Cote d'Ivoire,7057962,2.21283164E+10,3.961
1977,Cote d'Ivoire,7321955,2.317939E+10,4.052
1978,Cote d'Ivoire,7603136,2.54698988E+10,4.814
1979,Cote d'Ivoire,7902267,2.59625882E+10,5.419
1980,Cote d'Ivoire,8220717,2.79538811E+10,5.569
1981,Cote d'Ivoire,8556599,2.892666E+10,3.866
1982,Cote d'Ivoire,8907942,2.89925161E+10,5.555
1983,Cote d'Ivoire,9272742,2.78683279E+10,4.518
1984,Cote d'Ivoire,9650521,2.69311549E+10,5.133
1985,Cote d'Ivoire,10040486,2.82571551E+10,6.984
1986,Cote d'Ivoire,10440923,2.91153838E+10,5.577
1987,Cote d'Ivoire,10851480,2.86405018E+10,7.35
1988,Cote d'Ivoire,11275194,2.81347031E+10,8.805
1989,Cote d'Ivoire,11719772,2.79535063E+10,8.266
1990,Cote d'Ivoire,12189781,2.60184965E+10,4.782
1991,Cote d'Ivoire,12683875,2.69720617E+10,4.309
1992,Cote d'Ivoire,13200312,2.74669343E+10,3.844
1993,Cote d'Ivoire,13735955,2.81275658E+10,5.093
1994,Cote d'Ivoire,14287212,2.90268262E+10,4.133
1995,Cote d'Ivoire,14855566,3.141451E+10,6.225
1996,Cote d'Ivoire,15442322,3.461771E+10,7.526
1997,Cote d'Ivoire,16047178,3.7316436E+10,7.211
1998,Cote d'Ivoire,16663948,3.9915307E+10,6.755
1999,Cote d'Ivoire,17215937,4.135211E+10,6.092
2000,Cote d'Ivoire,17699006,4.12975964E+10,6.634
2001,Cote d'Ivoire,18178920,4.219416E+10,7.65
2002,Cote d'Ivoire,18654774,4.237915E+10,7.45
2003,Cote d'Ivoire,19125546,4.27615642E+10,5.301
2004,Cote d'Ivoire,19594996,4.432059E+10,7.386
2005,Cote d'Ivoire,20068468,4.618212E+10,7.564
2006,Cote d'Ivoire,20546810,4.807971E+10,6.887
2007,Cote d'Ivoire,21030560,5.02131057E+10,6.653
2008,Cote d'Ivoire,21514445,5.28426435E+10,6.713
2009,Cote d'Ivoire,21997937,5.59078441E+10,5.66
2010,Cote d'Ivoire,22488068,5.83699866E+10,6.225
2011,Cote d'Ivoire,22982002,5.70511729E+10,6.523
2012,Cote d'Ivoire,23467082,6.324921E+10,8.54
2013,Cote d'Ivoire,23939775,6.91136758E+10,9.68
2014,Cote d'Ivoire,24527392,7.519153E+10,9.903
2015,Cote d'Ivoire,25246346,8.184073E+10,9.555
2016,Cote d'Ivoire,25989404,8.77111542E+10,11.983
2017,Cote d'Ivoire,26733377,9.309925E+10,12.002
2018,Cote d'Ivoire,27464175,9.65914051E+10,10.415
2019,Cote d'Ivoire,28193014,1.04618E+11,10.535
2020,Cote d'Ivoire,28915452,1.06397E+11,11.016
2021,Cote d'Ivoire,29639735,1.13844E+11,13.669
2022,Cote d'Ivoire,30395003,1.21472E+11,13.644
1952,Croatia,3957411,1.06295429E+10,2.795
1953,Croatia,4006128,1.15319142E+10,2.78
1954,Croatia,4048122,1.25471836E+10,3.318
1955,Croatia,4080737,1.48292669E+10,3.799
1956,Croatia,4110129,1.41613476E+10,4.348
1957,Croatia,4136706,1.67751905E+10,4.717
1958,Croatia,4160698,1.71572644E+10,4.65
1959,Croatia,4182085,1.86557276E+10,5.332
1960,Croatia,4200270,2.04511457E+10,5.826
1961,Croatia,4223430,2.19156132E+10,6.11
1962,Croatia,4255018,2.24577516E+10,6.269
1963,Croatia,4287270,2.48328458E+10,6.975
1964,Croatia,4317758,2.711243E+10,7.908
1965,Croatia,4346709,2.78626632E+10,8.144
1966,Croatia,4374306,2.98554819E+10,8.072
1967,Croatia,4400269,3.08151726E+10,8.161
1968,Croatia,4423830,3.21239839E+10,8.729
1969,Croatia,4444450,3.44823235E+10,9.053
1970,Croatia,4462674,3.680136E+10,11.841
1971,Croatia,4480164,3.968819E+10,12.754
1972,Croatia,4497888,4.069396E+10,11.937
1973,Croatia,4515758,4.22153667E+10,14.278
1974,Croatia,4533947,4.57954345E+10,14.334
1975,Croatia,4552728,4.70305137E+10,14.949
1976,Croatia,4571752,4.91597E+10,15.425
1977,Croatia,4590624,5.3486764E+10,14.993
1978,Croatia,4609024,5.76926966E+10,16.761
1979,Croatia,4626954,6.12924457E+10,18.236
1980,Croatia,4643902,6.220792E+10,17.924
1981,Croatia,4664260,6.227074E+10,19.479
1982,Croatia,4689152,6.23299953E+10,17.89
1983,Croatia,4712881,6.13286543E+10,19.266
1984,Croatia,4734488,6.264791E+10,20.32
1985,Croatia,4754551,6.27089121E+10,20.73
1986,Croatia,4773057,6.44647772E+10,21.656
1987,Croatia,4790207,6.440366E+10,21.138
1988,Croatia,4806030,6.38416568E+10,21.82
1989,Croatia,4820726,6.2835E+10,21.751
1990,Croatia,4835068,5.837408E+10,22.874
1991,Croatia,4825159,4.67512934E+10,16.993
1992,Croatia,4782238,4.19065446E+10,16.375
1993,Croatia,4729737,3.91388938E+10,16.808
1994,Croatia,4675515,4.20798E+10,16.052
1995,Croatia,4619361,4.56171E+10,16.811
1996,Croatia,4562291,4.87518454E+10,17.336
1997,Croatia,4504629,5.277009E+10,18.567
1998,Croatia,4445669,5.48408361E+10,19.039
1999,Croatia,4385822,5.505885E+10,20.081
2000,Croatia,4326105,5.73987963E+10,19.652
2001,Croatia,4301078,5.76332677E+10,20.776
2002,Croatia,4305783,6.131706E+10,21.916
2003,Croatia,4306682,6.57312276E+10,23.227
2004,Croatia,4310054,6.948383E+10,22.855
2005,Croatia,4313946,7.352277E+10,23.298
2006,Croatia,4315802,7.825643E+10,23.499
2007,Croatia,4315957,8.359143E+10,24.805
2008,Croatia,4314634,8.662096E+10,23.52
2009,Croatia,4310537,8.14517E+10,21.756
2010,Croatia,4301152,8.13038E+10,20.986
2011,Croatia,4280827,8.23028E+10,20.621
2012,Croatia,4259234,8.03838E+10,19.056
2013,Croatia,4242404,8.00640942E+10,18.406
2014,Croatia,4219485,7.972024E+10,17.657
2015,Croatia,4183732,8.173111E+10,17.803
2016,Croatia,4136438,8.464015E+10,18.09
2017,Croatia,4079198,8.752849E+10,18.719
2018,Croatia,4024868,8.997986E+10,17.703
2019,Croatia,3986338,9.305798E+10,17.83
2020,Croatia,3953957,8.507336E+10,16.882
2021,Croatia,3924607,9.619436E+10,17.411
2022,Croatia,3907031,1.02285E+11,17.608
1951,Cuba,6042205,1.56962877E+10,6.469
1952,Cuba,6162183,1.70867517E+10,6.282
1953,Cuba,6285748,1.60028191E+10,6.191
1954,Cuba,6412848,1.63291945E+10,5.949
1955,Cuba,6543104,1.68330783E+10,6.777
1956,Cuba,6676061,1.784562E+10,5.842
1957,Cuba,6811726,1.94050028E+10,13.866
1958,Cuba,6950293,1.97614858E+10,17.995
1959,Cuba,7092337,2.0744405E+10,15.665
1960,Cuba,7238084,2.10388378E+10,13.687
1961,Cuba,7387120,2.18871112E+10,12.168
1962,Cuba,7541103,2.15733965E+10,14.155
1963,Cuba,7701664,2.193357E+10,13.026
1964,Cuba,7866017,2.4038697E+10,14.279
1965,Cuba,8030807,2.411728E+10,14.594
1966,Cuba,8193452,2.54322258E+10,15.169
1967,Cuba,8352628,2.839697E+10,15.737
1968,Cuba,8509525,2.67490365E+10,16.02
1969,Cuba,8666637,2.64166769E+10,17.243
1970,Cuba,8824387,2.54239683E+10,18.654
1971,Cuba,8979089,2.740271E+10,19.589
1972,Cuba,9123896,2.872399E+10,20.777
1973,Cuba,9255331,3.1374E+10,22.375
1974,Cuba,9374184,3.302596E+10,22.888
1975,Cuba,9479727,3.466837E+10,27.039
1976,Cuba,9571239,3.565655E+10,27.197
1977,Cuba,9648442,3.730654E+10,29.374
1978,Cuba,9711983,3.961782E+10,30.661
1979,Cuba,9763358,4.05960131E+10,31.685
1980,Cuba,9804798,3.961469E+10,31.374
1981,Cuba,9849325,4.290052E+10,32.723
1982,Cuba,9912682,4.39367025E+10,34.527
1983,Cuba,9991027,4.65183334E+10,30.821
1984,Cuba,10073306,5.042413E+10,32.581
1985,Cuba,10157229,5.163008E+10,32.556
1986,Cuba,10244250,5.16787241E+10,33.547
1987,Cuba,10335337,5.023347E+10,33.933
1988,Cuba,10432589,5.184771E+10,35.616
1989,Cuba,10533248,5.23506E+10,35.719
1990,Cuba,10631797,4.99436626E+10,29.648
1991,Cuba,10717639,4.25982935E+10,27.17
1992,Cuba,10785807,3.66516224E+10,20.593
1993,Cuba,10841040,2.88335073E+10,19.823
1994,Cuba,10886022,2.92269916E+10,21.382
1995,Cuba,10925362,3.124233E+10,22.835
1996,Cuba,10962011,3.562575E+10,23.333
1997,Cuba,10997932,3.77291366E+10,24.809
1998,Cuba,11034717,3.77895936E+10,24.294
1999,Cuba,11072229,4.02508964E+10,24.467
2000,Cuba,11109111,4.469211E+10,25.284
2001,Cuba,11144132,4.73019679E+10,24.681
2002,Cuba,11177421,4.89769452E+10,25.154
2003,Cuba,11209378,5.065954E+10,25.569
2004,Cuba,11238755,5.135705E+10,24.547
2005,Cuba,11262552,5.31140444E+10,25.677
2006,Cuba,11278550,6.10182472E+10,26.785
2007,Cuba,11287273,6.346349E+10,25.724
2008,Cuba,11291764,6.76030956E+10,27.738
2009,Cuba,11294716,7.03559E+10,27.821
2010,Cuba,11297413,7.408358E+10,33.038
2011,Cuba,11301577,7.803699E+10,29.068
2012,Cuba,11303173,8.038815E+10,29.476
2013,Cuba,11298163,8.301375E+10,27.898
2014,Cuba,11285781,8.572346E+10,27.37
2015,Cuba,11275068,8.846724E+10,29.091
2016,Cuba,11265614,8.86356E+10,27.769
2017,Cuba,11247825,9.00204954E+10,24.566
2018,Cuba,11227118,9.185465E+10,23.019
2019,Cuba,11202847,9.170323E+10,22.494
2020,Cuba,11176349,8.16632545E+10,21.277
2021,Cuba,11122169,8.26873856E+10,22.553
2022,Cuba,11059821,8.41549742E+10,21.882
1951,Cyprus,501060,1.396564E+09,0.282
1952,Cyprus,508693,1.532636E+09,0.315
1953,Cyprus,516735,1.68611E+09,0.366
1954,Cyprus,525118,1.719101E+09,0.443
1955,Cyprus,533873,1.7808E+09,0.451
1956,Cyprus,543081,1.976768E+09,0.674
1957,Cyprus,552830,2.101008E+09,0.817
1958,Cyprus,563293,2.04228E+09,0.765
1959,Cyprus,574569,2.162538E+09,0.831
1960,Cyprus,586494,2.003208E+09,0.886
1961,Cyprus,595522,2.22510157E+09,0.864
1962,Cyprus,601471,2.425536E+09,0.905
1963,Cyprus,607254,2.57551283E+09,0.985
1964,Cyprus,612531,2.32899149E+09,1
1965,Cyprus,617743,2.85061E+09,1.15
1966,Cyprus,623392,3.024385E+09,1.242
1967,Cyprus,629253,3.435761E+09,1.362
1968,Cyprus,635164,3.593772E+09,1.622
1969,Cyprus,641195,3.92819251E+09,1.67
1970,Cyprus,647444,4.050214E+09,1.703
1971,Cyprus,654058,4.57536358E+09,1.884
1972,Cyprus,661068,4.89077658E+09,2.406
1973,Cyprus,665945,5.01605069E+09,2.504
1974,Cyprus,663265,4.16647219E+09,1.929
1975,Cyprus,659408,3.374844E+09,1.991
1976,Cyprus,662044,3.98188723E+09,2.488
1977,Cyprus,667104,4.6100736E+09,2.699
1978,Cyprus,672258,4.962457E+09,2.845
1979,Cyprus,677550,5.45255629E+09,3.045
1980,Cyprus,683082,5.774561E+09,3.261
1981,Cyprus,688895,5.950995E+09,3.096
1982,Cyprus,696503,6.324783E+09,3.157
1983,Cyprus,707223,6.661699E+09,3.151
1984,Cyprus,719345,7.250067E+09,3.235
1985,Cyprus,731290,7.58959258E+09,3.145
1986,Cyprus,743116,7.87865E+09,3.606
1987,Cyprus,754796,8.435045E+09,4.185
1988,Cyprus,766239,9.131655E+09,4.198
1989,Cyprus,777429,9.870457E+09,4.43
1990,Cyprus,788354,1.060179E+10,4.644
1991,Cyprus,798950,1.08029327E+10,5.132
1992,Cyprus,810343,1.194825E+10,5.504
1993,Cyprus,826042,1.21735864E+10,5.748
1994,Cyprus,844669,1.3051263E+10,5.99
1995,Cyprus,862698,1.45303388E+10,5.86
1996,Cyprus,880296,1.48610816E+10,6.21
1997,Cyprus,897576,1.53846661E+10,6.296
1998,Cyprus,914552,1.63413924E+10,6.59
1999,Cyprus,931236,1.72897935E+10,6.856
2000,Cyprus,947667,1.84479642E+10,7.102
2001,Cyprus,964129,1.928956E+10,6.976
2002,Cyprus,981443,2.01311478E+10,7.167
2003,Cyprus,999602,2.08218624E+10,7.557
2004,Cyprus,1017877,2.1975894E+10,7.787
2005,Cyprus,1036156,2.300619E+10,7.958
2006,Cyprus,1054425,2.42674074E+10,8.186
2007,Cyprus,1072726,2.56737034E+10,8.504
2008,Cyprus,1091028,2.69136138E+10,8.717
2009,Cyprus,1109377,2.66822124E+10,8.471
2010,Cyprus,1127825,2.72855552E+10,8.102
2011,Cyprus,1146492,2.76278989E+10,7.789
2012,Cyprus,1165402,2.66754519E+10,7.264
2013,Cyprus,1183899,2.49182372E+10,6.584
2014,Cyprus,1201807,2.447558E+10,6.952
2015,Cyprus,1219504,2.53125038E+10,6.973
2016,Cyprus,1237116,2.69763359E+10,7.375
2017,Cyprus,1254273,2.85230858E+10,7.505
2018,Cyprus,1270743,3.0134014E+10,7.323
2019,Cyprus,1286669,3.18002463E+10,7.344
2020,Cyprus,1302250,3.04097935E+10,7.015
2021,Cyprus,1317312,3.242868E+10,7.17
2022,Cyprus,1331376,3.425501E+10,7.198
1970,Czechia,9801251,8.568864E+10,154.42
1971,Czechia,9822783,9.01617254E+10,161.977
1972,Czechia,9858071,9.493313E+10,163.451
1973,Czechia,9906212,9.937851E+10,164.108
1974,Czechia,9965950,1.04187E+11,166
1975,Czechia,10030787,1.1E+11,173.668
1976,Czechia,10092942,1.1436E+11,180.411
1977,Czechia,10149370,1.18224E+11,185.792
1978,Czechia,10200749,1.23116E+11,187.464
1979,Czechia,10246154,1.24799E+11,182.557
1980,Czechia,10275404,1.26922E+11,184.677
1981,Czechia,10289517,1.26726E+11,182.648
1982,Czechia,10299007,1.24768E+11,180.846
1983,Czechia,10302947,1.26785E+11,181.076
1984,Czechia,10303815,1.29618E+11,187.168
1985,Czechia,10305142,1.32537E+11,184.6
1986,Czechia,10304373,1.3619E+11,185.854
1987,Czechia,10303423,1.39351E+11,183.641
1988,Czechia,10305448,1.42237E+11,180.617
1989,Czechia,10305609,1.44679E+11,172.331
1990,Czechia,10301990,1.46168E+11,164.25
1991,Czechia,10304419,1.30499E+11,148.883
1992,Czechia,10312449,1.31497E+11,145.706
1993,Czechia,10320402,1.33343E+11,140.124
1994,Czechia,10322332,1.39002E+11,132.668
1995,Czechia,10312040,1.49542E+11,131.622
1996,Czechia,10296139,1.579E+11,135.019
1997,Czechia,10280049,1.58828E+11,130.942
1998,Czechia,10265431,1.60364E+11,125.716
1999,Czechia,10251383,1.64728E+11,116.672
2000,Czechia,10236809,1.7431E+11,127.236
2001,Czechia,10231941,1.81753E+11,127.145
2002,Czechia,10239474,1.87045E+11,123.968
2003,Czechia,10248907,1.96328E+11,127.572
2004,Czechia,10261454,2.08726E+11,128.292
2005,Czechia,10280158,2.25303E+11,125.691
2006,Czechia,10304594,2.43992E+11,126.537
2007,Czechia,10337541,2.60673E+11,128.366
2008,Czechia,10378296,2.7171E+11,122.935
2009,Czechia,10420986,2.6192E+11,114.983
2010,Czechia,10464035,2.71232E+11,117.476
2011,Czechia,10495508,2.79083E+11,115.189
2012,Czechia,10507338,2.76892E+11,111.287
2013,Czechia,10511164,2.76765E+11,106.722
2014,Czechia,10517222,2.83026E+11,104.246
2015,Czechia,10524419,2.98276E+11,105.001
2016,Czechia,10531947,3.05844E+11,106.648
2017,Czechia,10541343,3.21652E+11,107.746
2018,Czechia,10548935,3.3201E+11,106.336
2019,Czechia,10554871,3.42069E+11,101.009
2020,Czechia,10550130,3.23245E+11,91.674
2021,Czechia,10530683,3.34729E+11,96.645
2022,Czechia,10673216,3.42967E+11,95.108
1951,Democratic Republic of Congo,12542651,1.37626542E+10,1.747
1952,Democratic Republic of Congo,12803639,1.50165053E+10,2.084
1953,Democratic Republic of Congo,13069453,1.58826455E+10,2.289
1954,Democratic Republic of Congo,13343040,1.68267919E+10,2.816
1955,Democratic Republic of Congo,13630351,1.74945055E+10,3.388
1956,Democratic Republic of Congo,13929949,1.86773565E+10,3.175
1957,Democratic Republic of Congo,14242281,1.92699023E+10,3.329
1958,Democratic Republic of Congo,14557796,1.8708994E+10,2.926
1959,Democratic Republic of Congo,14891585,1.935734E+10,2.699
1960,Democratic Republic of Congo,15264853,1.97996954E+10,2.319
1961,Democratic Republic of Congo,15662373,1.76597627E+10,2.355
1962,Democratic Republic of Congo,16075729,2.13859082E+10,2.172
1963,Democratic Republic of Congo,16507610,2.24979067E+10,2.293
1964,Democratic Republic of Congo,16955331,2.19532861E+10,1.974
1965,Democratic Republic of Congo,17427807,2.2174079E+10,2.469
1966,Democratic Republic of Congo,17931934,2.36763E+10,2.403
1967,Democratic Republic of Congo,18462788,2.34507E+10,2.289
1968,Democratic Republic of Congo,19012194,2.44584776E+10,3.366
1969,Democratic Republic of Congo,19570447,2.67276616E+10,3.648
1970,Democratic Republic of Congo,20137441,2.665989E+10,2.71
1971,Democratic Republic of Congo,20695567,2.83625042E+10,2.959
1972,Democratic Republic of Congo,21251166,2.84144722E+10,3.017
1973,Democratic Republic of Congo,21827664,3.08873544E+10,3.189
1974,Democratic Republic of Congo,22418884,3.19261983E+10,3.365
1975,Democratic Republic of Congo,23021102,3.03647457E+10,3.233
1976,Democratic Republic of Congo,23624033,2.859878E+10,3.405
1977,Democratic Republic of Congo,24229060,2.87615713E+10,3.477
1978,Democratic Republic of Congo,24992693,2.71254446E+10,3.526
1979,Democratic Republic of Congo,25886782,2.71038218E+10,3.74
1980,Democratic Republic of Congo,26711097,2.76489544E+10,3.485
1981,Democratic Republic of Congo,27500518,2.83176223E+10,3.755
1982,Democratic Republic of Congo,28338194,2.81969357E+10,3.047
1983,Democratic Republic of Congo,29250968,2.85852078E+10,3.998
1984,Democratic Republic of Congo,30245089,3.01417943E+10,3.932
1985,Democratic Republic of Congo,31264819,3.030989E+10,3.612
1986,Democratic Republic of Congo,32265203,3.17292626E+10,3.346
1987,Democratic Republic of Congo,33298910,3.25726188E+10,3.816
1988,Democratic Republic of Congo,34382755,3.27455724E+10,3.978
1989,Democratic Republic of Congo,35486865,3.25493576E+10,4.352
1990,Democratic Republic of Congo,36684066,3.17455811E+10,4.249
1991,Democratic Republic of Congo,37925828,2.981769E+10,3.133
1992,Democratic Republic of Congo,39228908,2.74072965E+10,2.808
1993,Democratic Republic of Congo,40656338,2.433848E+10,2.662
1994,Democratic Republic of Congo,42626874,2.34857656E+10,2.751
1995,Democratic Republic of Congo,44433718,2.47806587E+10,3.096
1996,Democratic Republic of Congo,45296126,2.491439E+10,3.473
1997,Democratic Republic of Congo,46029908,2.37163459E+10,3.089
1998,Democratic Republic of Congo,47297596,2.346046E+10,2.733
1999,Democratic Republic of Congo,48912973,2.31341978E+10,2.199
2000,Democratic Republic of Congo,50507444,2.18541138E+10,1.705
2001,Democratic Republic of Congo,52132648,2.19772928E+10,1.647
2002,Democratic Republic of Congo,53750528,2.32447652E+10,1.734
2003,Democratic Republic of Congo,55343873,2.52284846E+10,2.096
2004,Democratic Republic of Congo,56997741,2.76535378E+10,2.028
2005,Democratic Republic of Congo,58775726,3.01646541E+10,2.287
2006,Democratic Republic of Congo,60615907,3.27083069E+10,2.352
2007,Democratic Republic of Congo,62477753,3.58143E+10,2.623
2008,Democratic Republic of Congo,64390658,3.924577E+10,2.685
2009,Democratic Republic of Congo,66412040,4.171889E+10,2.446
2010,Democratic Republic of Congo,68563037,4.62235238E+10,2.735
2011,Democratic Republic of Congo,70849311,5.11691E+10,3.041
2012,Democratic Republic of Congo,73254623,5.56049531E+10,2.797
2013,Democratic Republic of Congo,75789395,6.0956373E+10,3.921
2014,Democratic Republic of Congo,78403248,6.540741E+10,5.066
2015,Democratic Republic of Congo,81035535,6.95673242E+10,3.274
2016,Democratic Republic of Congo,83956415,6.984141E+10,2.659
2017,Democratic Republic of Congo,87083400,7.239621E+10,2.917
2018,Democratic Republic of Congo,90047647,7.588934E+10,3.774
2019,Democratic Republic of Congo,92947450,7.92929649E+10,4.121
2020,Democratic Republic of Congo,95989999,8.06179553E+10,4.302
2021,Democratic Republic of Congo,99148931,8.563964E+10,4.269
2022,Democratic Republic of Congo,102396974,9.131499E+10,4.631
1951,Denmark,4300264,4.75808236E+10,21.921
1952,Denmark,4332237,4.80467231E+10,22.899
1953,Denmark,4369108,5.078414E+10,23.151
1954,Denmark,4406405,5.17660959E+10,25.577
1955,Denmark,4438843,5.23269325E+10,27.065
1956,Denmark,4466341,5.2963414E+10,26.372
1957,Denmark,4489659,5.69775022E+10,24.9
1958,Denmark,4516071,5.82587474E+10,26.791
1959,Denmark,4548480,6.2593536E+10,26.034
1960,Denmark,4579349,6.43447276E+10,29.75
1961,Denmark,4611357,6.84235121E+10,31.702
1962,Denmark,4647466,7.219887E+10,36.89
1963,Denmark,4684268,7.265636E+10,40.668
1964,Denmark,4721889,7.94499154E+10,43.147
1965,Denmark,4758838,8.30716641E+10,44.293
1966,Denmark,4797200,8.53427241E+10,50.078
1967,Denmark,4835223,8.82113249E+10,49.026
1968,Denmark,4864801,9.183622E+10,53.273
1969,Denmark,4891800,9.76865853E+10,59.343
1970,Denmark,4928676,9.96644E+10,62.039
1971,Denmark,4963062,1.02325E+11,57.001
1972,Denmark,4991568,1.07714E+11,59.575
1973,Denmark,5021765,1.11626E+11,59.194
1974,Denmark,5045638,1.10588E+11,55.009
1975,Denmark,5060403,1.0986E+11,55.709
1976,Denmark,5072804,1.16969E+11,60.057
1977,Denmark,5088574,1.18865E+11,61.765
1978,Denmark,5104342,1.20624E+11,61.028
1979,Denmark,5116861,1.24896E+11,62.908
1980,Denmark,5123078,1.24346E+11,60.286
1981,Denmark,5121628,1.2324E+11,51.716
1982,Denmark,5117897,1.26958E+11,53.615
1983,Denmark,5114468,1.30159E+11,50.098
1984,Denmark,5111830,1.35872E+11,50.781
1985,Denmark,5113878,1.417E+11,59.981
1986,Denmark,5120691,1.46862E+11,58.802
1987,Denmark,5127135,1.47289E+11,58.242
1988,Denmark,5129650,1.49007E+11,55.014
1989,Denmark,5132717,1.494E+11,48.685
1990,Denmark,5141025,1.51206E+11,53.464
1991,Denmark,5154346,1.54213E+11,64.093
1992,Denmark,5171371,1.58125E+11,58.315
1993,Denmark,5188639,1.5907E+11,60.562
1994,Denmark,5206190,1.68494E+11,64.661
1995,Denmark,5233363,1.74485E+11,61.641
1996,Denmark,5263072,1.80654E+11,74.887
1997,Denmark,5285041,1.87647E+11,65.425
1998,Denmark,5304264,1.92859E+11,61.226
1999,Denmark,5321814,1.99699E+11,58.642
2000,Denmark,5339660,2.08334E+11,54.296
2001,Denmark,5358825,2.11243E+11,55.886
2002,Denmark,5375966,2.13517E+11,55.544
2003,Denmark,5390622,2.15549E+11,60.638
2004,Denmark,5404594,2.22529E+11,55.093
2005,Denmark,5419551,2.29075E+11,51.527
2006,Denmark,5437421,2.39411E+11,59.492
2007,Denmark,5461604,2.42914E+11,54.698
2008,Denmark,5493766,2.43091E+11,51.246
2009,Denmark,5523168,2.32507E+11,48.84
2010,Denmark,5547866,2.3819E+11,49.179
2011,Denmark,5570846,2.42758E+11,44.227
2012,Denmark,5591912,2.43307E+11,39.853
2013,Denmark,5615334,2.45578E+11,41.755
2014,Denmark,5643793,2.49555E+11,37.565
2015,Denmark,5683698,2.55401E+11,35.102
2016,Denmark,5728198,2.63692E+11,36.906
2017,Denmark,5765168,2.71132E+11,34.652
2018,Denmark,5793825,2.76526E+11,34.602
2019,Denmark,5814619,2.80656E+11,30.942
2020,Denmark,5831530,2.75058E+11,28.294
2021,Denmark,5856773,2.88414E+11,29.588
2022,Denmark,5902898,2.99429E+11,28.432
1951,Djibouti,64327,2.88846E+08,0.026
1952,Djibouti,66371,2.97555E+08,0.026
1953,Djibouti,68499,3.12438E+08,0.029
1954,Djibouti,70723,3.29384E+08,0.033
1955,Djibouti,73022,3.3885E+08,0.037
1956,Djibouti,75405,3.5433E+08,0.029
1957,Djibouti,77886,3.69408E+08,0.044
1958,Djibouti,80456,3.8784E+08,0.048
1959,Djibouti,83103,4.18488E+08,0.037
1960,Djibouti,86038,4.53657E+08,0.04
1961,Djibouti,89407,4.81338E+08,0.044
1962,Djibouti,93305,4.99011E+08,0.048
1963,Djibouti,97887,5.27868E+08,0.066
1964,Djibouti,103214,5.47425E+08,0.084
1965,Djibouti,109107,5.74674E+08,0.121
1966,Djibouti,115284,6.05387E+08,0.139
1967,Djibouti,121659,6.36635E+08,0.088
1968,Djibouti,128263,6.60592E+08,0.121
1969,Djibouti,136092,6.91096E+08,0.084
1970,Djibouti,145188,8.5932E+08,0.139
1971,Djibouti,155152,9.11048E+08,0.161
1972,Djibouti,166267,9.43039E+08,0.191
1973,Djibouti,178460,9.89006E+08,0.18
1974,Djibouti,192621,9.53424E+08,0.194
1975,Djibouti,209922,1.064857E+09,0.198
1976,Djibouti,230747,1.156086E+09,0.198
1977,Djibouti,254630,1.017072E+09,0.198
1978,Djibouti,280042,9.40225E+08,0.202
1979,Djibouti,304525,9.89092E+08,0.363
1980,Djibouti,325821,1.035609E+09,0.348
1981,Djibouti,343056,1.066395E+09,0.3
1982,Djibouti,356887,1.083308E+09,0.348
1983,Djibouti,369560,1.09631E+09,0.348
1984,Djibouti,384072,1.104E+09,0.352
1985,Djibouti,402690,1.10016E+09,0.359
1986,Djibouti,426344,1.088971E+09,0.377
1987,Djibouti,454407,1.09203E+09,0.388
1988,Djibouti,484530,1.105884E+09,0.348
1989,Djibouti,523362,1.076712E+09,0.388
1990,Djibouti,579544,1.151692E+09,0.297
1991,Djibouti,631098,1.11136512E+09,0.3
1992,Djibouti,626017,1.17147379E+09,0.304
1993,Djibouti,614247,1.223279E+09,0.304
1994,Djibouti,626717,1.189923E+09,0.3
1995,Djibouti,633075,1.25112307E+09,0.311
1996,Djibouti,648355,1.18257331E+09,0.308
1997,Djibouti,671826,1.231664E+09,0.333
1998,Djibouti,699355,1.22620531E+09,0.385
1999,Djibouti,724228,1.2471081E+09,0.385
2000,Djibouti,747326,1.25838822E+09,0.366
2001,Djibouti,771313,1.27906944E+09,0.366
2002,Djibouti,795577,1.30630989E+09,0.399
2003,Djibouti,813528,1.34445491E+09,0.421
2004,Djibouti,826132,1.37781E+09,0.407
2005,Djibouti,839173,1.41645222E+09,0.414
2006,Djibouti,855767,1.59036685E+09,0.414
2007,Djibouti,874531,1.66283648E+09,0.462
2008,Djibouti,892739,1.7465824E+09,0.498
2009,Djibouti,911523,1.82809088E+09,0.443
2010,Djibouti,930251,1.88501E+09,0.517
2011,Djibouti,948566,1.96063E+09,0.315
2012,Djibouti,966753,2.054196E+09,0.297
2013,Djibouti,984832,2.157408E+09,0.384
2014,Djibouti,1002720,2.28663E+09,0.414
2015,Djibouti,1020315,2.435148E+09,0.505
2016,Djibouti,1037660,2.61260749E+09,0.428
2017,Djibouti,1054842,2.76710579E+09,0.414
2018,Djibouti,1071886,2.92443162E+09,0.475
2019,Djibouti,1088708,3.086593E+09,0.543
2020,Djibouti,1105194,3.12369434E+09,0.463
2021,Djibouti,1121251,3.27402061E+09,0.532
2022,Djibouti,1137100,3.39568154E+09,0.494
1951,Dominica,50464,5.5432E+07,0.004
1952,Dominica,50862,5.9413E+07,0.007
1953,Dominica,51401,5.7942E+07,0.004
1954,Dominica,52102,6.039E+07,0.004
1955,Dominica,52974,6.441E+07,0.004
1956,Dominica,54006,6.9774E+07,0.004
1957,Dominica,55214,7.1862E+07,0.004
1958,Dominica,56605,7.4399E+07,0.007
1959,Dominica,58123,7.2334E+07,0.011
1960,Dominica,59385,7.47E+07,0.011
1961,Dominica,60231,7.056E+07,0.011
1962,Dominica,60968,8.1313E+07,0.011
1963,Dominica,61759,8.5064E+07,0.015
1964,Dominica,62600,8.9397E+07,0.015
1965,Dominica,63521,7.6992E+07,0.015
1966,Dominica,64519,8.5995E+07,0.015
1967,Dominica,65598,8.745E+07,0.022
1968,Dominica,66750,8.7584E+07,0.022
1969,Dominica,67956,9.5772E+07,0.018
1970,Dominica,68928,1.0444E+08,0.026
1971,Dominica,69547,1.12038E+08,0.026
1972,Dominica,70071,1.20528E+08,0.026
1973,Dominica,70600,1.30889E+08,0.026
1974,Dominica,71105,1.38262E+08,0.029
1975,Dominica,71589,1.4356E+08,0.029
1976,Dominica,72037,1.52884E+08,0.029
1977,Dominica,72425,1.56658E+08,0.026
1978,Dominica,72740,1.7501E+08,0.026
1979,Dominica,72978,1.42968E+08,0.033
1980,Dominica,73101,1.64206E+08,0.037
1981,Dominica,73005,1.84926E+08,0.037
1982,Dominica,72704,1.91808E+08,0.04
1983,Dominica,72385,1.95656E+08,0.04
1984,Dominica,72075,2.07348E+08,0.044
1985,Dominica,71767,2.09656E+08,0.048
1986,Dominica,71426,2.23704E+08,0.048
1987,Dominica,71044,2.4264E+08,0.048
1988,Dominica,70626,2.61777E+08,0.055
1989,Dominica,70171,2.63694E+08,0.059
1990,Dominica,69644,2.7573E+08,0.059
1991,Dominica,69321,2.858797E+08,0.059
1992,Dominica,69342,2.990183E+08,0.059
1993,Dominica,69453,303787168,0.062
1994,Dominica,69494,316614944,0.07
1995,Dominica,69490,3.270781E+08,0.081
1996,Dominica,69421,347533760,0.073
1997,Dominica,69315,361956576,0.081
1998,Dominica,69144,3.823888E+08,0.077
1999,Dominica,68883,390881664,0.081
2000,Dominica,68527,4.044838E+08,0.103
2001,Dominica,68300,411786976,0.11
2002,Dominica,68386,4.15539E+08,0.103
2003,Dominica,68552,4.551808E+08,0.117
2004,Dominica,68662,4.753944E+08,0.143
2005,Dominica,68747,4.822225E+08,0.15
2006,Dominica,68823,513632256,0.143
2007,Dominica,68861,5.543117E+08,0.172
2008,Dominica,68864,617146560,0.169
2009,Dominica,68881,6.213656E+08,0.187
2010,Dominica,68872,6.400989E+08,0.172
2011,Dominica,69072,6.52912E+08,0.154
2012,Dominica,69134,6.44079E+08,0.165
2013,Dominica,69733,6.67585E+08,0.158
2014,Dominica,70385,6.94011E+08,0.165
2015,Dominica,70429,6.89606E+08,0.176
2016,Dominica,69628,7.079766E+08,0.172
2017,Dominica,68514,656048832,0.154
2018,Dominica,68193,677586368,0.161
2019,Dominica,67901,714870336,0.172
2020,Dominica,67589,6.000827E+08,0.158
2021,Dominica,67223,6.372521E+08,0.161
2022,Dominica,66850,6.75098E+08,0.156
1951,Dominican Republic,2450151,4.30604237E+09,0.359
1952,Dominican Republic,2525055,4.653834E+09,0.593
1953,Dominican Republic,2604818,4.598365E+09,0.619
1954,Dominican Republic,2689101,4.859516E+09,0.626
1955,Dominican Republic,2777636,5.162467E+09,0.915
1956,Dominican Republic,2870033,5.67819E+09,0.985
1957,Dominican Republic,2965780,6.039302E+09,1.032
1958,Dominican Republic,3064350,6.35985971E+09,1.065
1959,Dominican Republic,3165304,6.39841434E+09,1.113
1960,Dominican Republic,3268340,6.70533734E+09,1.04
1961,Dominican Republic,3373237,6.560854E+09,1.029
1962,Dominican Republic,3479941,7.67353037E+09,1.241
1963,Dominican Republic,3588294,8.177076E+09,1.249
1964,Dominican Republic,3698561,8.719757E+09,1.747
1965,Dominican Republic,3808966,7.638403E+09,1.545
1966,Dominican Republic,3921850,8.661627E+09,1.67
1967,Dominican Republic,4038934,8.952662E+09,1.567
1968,Dominican Republic,4157193,8.972656E+09,2.347
1969,Dominican Republic,4277039,9.954476E+09,2.651
1970,Dominican Republic,4399292,1.10038149E+10,3.105
1971,Dominican Republic,4524240,1.21767967E+10,3.519
1972,Dominican Republic,4651893,1.36776509E+10,4.669
1973,Dominican Republic,4782235,1.53284895E+10,5.959
1974,Dominican Republic,4914198,1.62172027E+10,6.41
1975,Dominican Republic,5046781,1.69881989E+10,6.333
1976,Dominican Republic,5180404,1.81352489E+10,6.322
1977,Dominican Republic,5315444,1.90158418E+10,5.599
1978,Dominican Republic,5451892,1.94603766E+10,5.43
1979,Dominican Republic,5589692,2.02967224E+10,6.786
1980,Dominican Republic,5729043,2.153981E+10,6.427
1981,Dominican Republic,5868456,2.242798E+10,6.135
1982,Dominican Republic,6007116,2.28373934E+10,6.303
1983,Dominican Republic,6147244,2.384393E+10,7.866
1984,Dominican Republic,6289048,2.390686E+10,7.39
1985,Dominican Republic,6430404,2.3302486E+10,7.242
1986,Dominican Republic,6571214,2.39955948E+10,8.121
1987,Dominican Republic,6712518,2.58091889E+10,9.687
1988,Dominican Republic,6855738,2.59789783E+10,9.74
1989,Dominican Republic,7002300,2.92882985E+10,10.258
1990,Dominican Republic,7151163,2.78999368E+10,8.936
1991,Dominican Republic,7299850,2.862448E+10,9.538
1992,Dominican Republic,7447475,3.06996163E+10,10.418
1993,Dominican Republic,7594567,3.3455874E+10,11.209
1994,Dominican Republic,7741694,3.47778621E+10,11.796
1995,Dominican Republic,7888122,3.7276713E+10,15.107
1996,Dominican Republic,8032894,4.0578814E+10,16.484
1997,Dominican Republic,8174082,4.45311549E+10,17.266
1998,Dominican Republic,8310370,4.841005E+10,17.788
1999,Dominican Republic,8446206,5.24846E+10,17.821
2000,Dominican Republic,8584196,5.634497E+10,18.992
2001,Dominican Republic,8720288,5.82885E+10,19.145
2002,Dominican Republic,8852232,6.26710323E+10,20.949
2003,Dominican Republic,8980626,6.35629158E+10,21.345
2004,Dominican Republic,9104889,6.54954578E+10,17.333
2005,Dominican Republic,9225036,7.278465E+10,17.941
2006,Dominican Republic,9341187,8.194041E+10,19.112
2007,Dominican Republic,9455662,9.041208E+10,19.993
2008,Dominican Republic,9573136,9.490672E+10,20.332
2009,Dominican Republic,9695269,9.741153E+10,19.781
2010,Dominican Republic,9820181,1.07261E+11,20.553
2011,Dominican Republic,9945622,1.12433E+11,21.318
2012,Dominican Republic,10070410,1.15488E+11,21.255
2013,Dominican Republic,10193837,1.21118E+11,21.267
2014,Dominican Republic,10315524,1.29657E+11,21.801
2015,Dominican Republic,10434826,1.38638E+11,23.495
2016,Dominican Republic,10551430,1.4787E+11,24.645
2017,Dominican Republic,10666846,1.54771E+11,24.017
2018,Dominican Republic,10782049,1.65579E+11,25.756
2019,Dominican Republic,10894043,1.73944E+11,28.375
2020,Dominican Republic,11008297,1.62255E+11,27.015
2021,Dominican Republic,11123480,1.82167E+11,30.835
2022,Dominican Republic,11230734,1.91182E+11,30.431
1951,Ecuador,3607836,1.01149225E+10,0.704
1952,Ecuador,3702403,1.13631068E+10,0.895
1953,Ecuador,3800296,1.16016527E+10,0.821
1954,Ecuador,3901514,1.25373379E+10,0.963
1955,Ecuador,4006190,1.28681943E+10,1.198
1956,Ecuador,4114537,1.33501727E+10,1.296
1957,Ecuador,4226856,1.39486689E+10,1.132
1958,Ecuador,4343500,1.43573821E+10,1.322
1959,Ecuador,4464759,1.51229573E+10,1.293
1960,Ecuador,4590893,1.61138237E+10,1.762
1961,Ecuador,4722335,1.65163336E+10,1.644
1962,Ecuador,4859271,1.73972234E+10,1.564
1963,Ecuador,5001722,1.7832788E+10,1.794
1964,Ecuador,5149926,1.909089E+10,2.142
1965,Ecuador,5303960,2.09317171E+10,2.274
1966,Ecuador,5463749,2.148073E+10,2.417
1967,Ecuador,5629059,2.26151813E+10,2.589
1968,Ecuador,5799683,2.38652887E+10,3.113
1969,Ecuador,5975235,2.51740713E+10,3.589
1970,Ecuador,6155392,2.693448E+10,4.278
1971,Ecuador,6340056,2.849193E+10,4.219
1972,Ecuador,6529040,3.02398239E+10,4.589
1973,Ecuador,6722035,3.40074086E+10,5.256
1974,Ecuador,6918570,3.59969178E+10,6.084
1975,Ecuador,7118259,3.78905436E+10,7.355
1976,Ecuador,7320911,4.15661834E+10,8.101
1977,Ecuador,7526825,4.42045522E+10,7.472
1978,Ecuador,7736176,4.72882749E+10,10.406
1979,Ecuador,7948871,4.98575524E+10,12.14
1980,Ecuador,8165882,5.21327247E+10,13.407
1981,Ecuador,8386911,5.42521426E+10,16.653
1982,Ecuador,8611296,5.486324E+10,19.235
1983,Ecuador,8840425,5.37265234E+10,19.503
1984,Ecuador,9074784,5.592045E+10,21.19
1985,Ecuador,9311151,5.82936863E+10,19.353
1986,Ecuador,9545999,6.00105861E+10,15.194
1987,Ecuador,9779290,5.62496143E+10,15.022
1988,Ecuador,10010804,6.226123E+10,17.169
1989,Ecuador,10241859,6.236932E+10,20.154
1990,Ecuador,10473674,6.41885E+10,16.458
1991,Ecuador,10702378,6.793358E+10,16.157
1992,Ecuador,10930127,7.087384E+10,21.96
1993,Ecuador,11154282,7.28043356E+10,24.089
1994,Ecuador,11372196,7.642809E+10,14.307
1995,Ecuador,11590519,7.869203E+10,23.498
1996,Ecuador,11810954,8.06121E+10,25.3
1997,Ecuador,12031128,8.46829158E+10,19.429
1998,Ecuador,12251188,8.8056E+10,23.09
1999,Ecuador,12470799,8.446477E+10,21.976
2000,Ecuador,12689214,8.597889E+10,20.927
2001,Ecuador,12910737,9.00607E+10,23.408
2002,Ecuador,13138473,9.440451E+10,24.827
2003,Ecuador,13372303,9.76425452E+10,27.072
2004,Ecuador,13608699,1.06393E+11,29.258
2005,Ecuador,13846163,1.12798E+11,30.59
2006,Ecuador,14086139,1.18582E+11,29.69
2007,Ecuador,14328783,1.22016E+11,34.279
2008,Ecuador,14575202,1.30655E+11,30.314
2009,Ecuador,14825961,1.3231E+11,33.599
2010,Ecuador,15076695,1.37913E+11,36.276
2011,Ecuador,15326231,1.49795E+11,38.264
2012,Ecuador,15572194,1.58247E+11,37.409
2013,Ecuador,15807130,1.66075E+11,39.655
2014,Ecuador,16035126,1.72368E+11,43.731
2015,Ecuador,16266228,1.72538E+11,41.276
2016,Ecuador,16505141,1.70423E+11,39.357
2017,Ecuador,16759517,1.74459E+11,39.174
2018,Ecuador,17049542,1.76708E+11,38.429
2019,Ecuador,17340017,1.76729E+11,40.062
2020,Ecuador,17546058,1.62965E+11,32.909
2021,Ecuador,17682454,1.69867E+11,38.204
2022,Ecuador,17823900,1.75029E+11,40.522
1951,Egypt,21605922,3.13195131E+10,10.559
1952,Egypt,22104946,3.18904463E+10,10.893
1953,Egypt,22644147,3.24252774E+10,10.779
1954,Egypt,23212566,3.30140447E+10,11.664
1955,Egypt,23795235,3.366015E+10,10.642
1956,Egypt,24387350,3.52464527E+10,9.942
1957,Egypt,24994416,3.68643564E+10,11.917
1958,Egypt,25600325,3.86675139E+10,13.683
1959,Egypt,26226866,4.050959E+10,12.707
1960,Egypt,26896481,4.24176435E+10,16.033
1961,Egypt,27600904,4.522006E+10,17.066
1962,Egypt,28337015,4.82327E+10,18.571
1963,Egypt,29091868,5.14448835E+10,21.527
1964,Egypt,29858924,5.49019771E+10,25.491
1965,Egypt,30629174,5.85327944E+10,27.609
1966,Egypt,31406543,5.88741222E+10,26.532
1967,Egypt,32196366,5.813498E+10,19.65
1968,Egypt,32998321,5.90812979E+10,22.873
1969,Egypt,33811619,6.309738E+10,19.665
1970,Egypt,34623990,6.71144837E+10,21.654
1971,Egypt,35433371,6.990625E+10,23.012
1972,Egypt,36258327,7.125078E+10,25.475
1973,Egypt,37102042,7.31961E+10,23.761
1974,Egypt,37969664,7.601804E+10,26.089
1975,Egypt,38875328,8.369741E+10,31.06
1976,Egypt,39795558,9.660669E+10,34.45
1977,Egypt,40748879,1.09254E+11,37.815
1978,Egypt,41761437,1.1762E+11,39.261
1979,Egypt,42818635,1.26909E+11,42.89
1980,Egypt,43950414,1.40608E+11,45.176
1981,Egypt,45147227,1.46245E+11,50.903
1982,Egypt,46407613,1.61851E+11,56.431
1983,Egypt,47786402,1.74291E+11,56.98
1984,Egypt,49247335,1.84976E+11,63.704
1985,Egypt,50734974,1.97156E+11,63.807
1986,Egypt,52206295,2.02298E+11,74.393
1987,Egypt,53674436,2.07426E+11,74.614
1988,Egypt,55187678,2.16114E+11,74.309
1989,Egypt,56710641,2.22665E+11,71.905
1990,Egypt,58396625,2.2798E+11,75.218
1991,Egypt,60029001,2.41323E+11,77.296
1992,Egypt,61480663,2.54191E+11,79.94
1993,Egypt,62915681,2.69985E+11,92.278
1994,Egypt,64285594,2.86216E+11,88.373
1995,Egypt,65652622,3.05979E+11,98.994
1996,Egypt,67028046,3.28669E+11,97.951
1997,Egypt,68431737,3.54503E+11,111.705
1998,Egypt,69943298,3.80551E+11,125.026
1999,Egypt,71520952,4.09936E+11,128.221
2000,Egypt,73083287,4.4425E+11,143.836
2001,Egypt,74652034,4.75679E+11,127.657
2002,Egypt,76239138,5.01912E+11,129.155
2003,Egypt,77853549,5.2875E+11,149.919
2004,Egypt,79477439,5.61598E+11,152.576
2005,Egypt,81101013,6.00297E+11,168.217
2006,Egypt,82700405,6.50404E+11,179.194
2007,Egypt,84276227,7.13462E+11,188.805
2008,Egypt,85864791,7.75304E+11,197.728
2009,Egypt,87501636,8.31415E+11,206.478
2010,Egypt,89196070,8.98751E+11,203.608
2011,Egypt,91093068,9.23053E+11,216.917
2012,Egypt,93161001,9.50287E+11,213.734
2013,Egypt,95333551,9.84557E+11,211.419
2014,Egypt,97528656,1.03572E+12,226.899
2015,Egypt,99597333,1.07961E+12,224.48
2016,Egypt,101644586,1.12158E+12,239.382
2017,Egypt,103696057,1.15806E+12,260.675
2018,Egypt,105682093,1.22066E+12,249.217
2019,Egypt,107553159,1.28925E+12,258.742
2020,Egypt,109315119,1.30778E+12,235.358
2021,Egypt,110957004,1.40099E+12,260.936
2022,Egypt,112618251,1.46043E+12,271.169
1951,El Salvador,2235309,4.697814E+09,0.323
1952,El Salvador,2287960,5.0499625E+09,0.389
1953,El Salvador,2341984,5.409458E+09,0.418
1954,El Salvador,2397830,5.474093E+09,0.47
1955,El Salvador,2456596,5.75275E+09,0.462
1956,El Salvador,2518179,6.20890368E+09,0.527
1957,El Salvador,2582516,6.537359E+09,0.597
1958,El Salvador,2648670,6.679128E+09,0.597
1959,El Salvador,2717541,6.97877965E+09,0.604
1960,El Salvador,2791451,7.261993E+09,0.619
1961,El Salvador,2870023,7.517508E+09,0.582
1962,El Salvador,2949210,8.41341747E+09,0.648
1963,El Salvador,3028678,8.780535E+09,1.125
1964,El Salvador,3111893,9.596142E+09,1.231
1965,El Salvador,3199474,1.01128223E+10,1.04
1966,El Salvador,3290962,1.08361052E+10,1.304
1967,El Salvador,3385192,1.14251643E+10,1.157
1968,El Salvador,3480774,1.17959557E+10,1.26
1969,El Salvador,3576489,1.22115031E+10,1.19
1970,El Salvador,3668797,1.25704274E+10,1.428
1971,El Salvador,3757531,1.318282E+10,1.509
1972,El Salvador,3846835,1.39064556E+10,1.677
1973,El Salvador,3938073,1.46121595E+10,1.967
1974,El Salvador,4029676,1.55423918E+10,1.97
1975,El Salvador,4120450,1.64135731E+10,2.105
1976,El Salvador,4210313,1.70583572E+10,2.207
1977,El Salvador,4301260,1.808791E+10,2.282
1978,El Salvador,4394126,1.92474972E+10,2.381
1979,El Salvador,4480387,1.89222789E+10,2.377
1980,El Salvador,4540380,1.728072E+10,2.119
1981,El Salvador,4570603,1.58506619E+10,1.819
1982,El Salvador,4622476,1.49584425E+10,1.752
1983,El Salvador,4707369,1.50739538E+10,1.885
1984,El Salvador,4798002,1.54212024E+10,1.588
1985,El Salvador,4894704,1.57227674E+10,1.965
1986,El Salvador,4992771,1.58309376E+10,1.967
1987,El Salvador,5092444,1.6252802E+10,2.414
1988,El Salvador,5195828,1.65159793E+10,2.433
1989,El Salvador,5298976,1.6692309E+10,2.547
1990,El Salvador,5399729,1.72609659E+10,2.475
1991,El Salvador,5495080,1.815345E+10,3.155
1992,El Salvador,5585611,1.98252564E+10,3.317
1993,El Salvador,5659958,2.16049521E+10,3.976
1994,El Salvador,5714140,2.325853E+10,4.513
1995,El Salvador,5762134,2.51192689E+10,4.998
1996,El Salvador,5805284,2.593115E+10,4.414
1997,El Salvador,5844577,2.74448855E+10,5.416
1998,El Salvador,5880786,2.89071247E+10,5.731
1999,El Salvador,5913908,3.03552246E+10,5.588
2000,El Salvador,5943366,3.14784543E+10,5.671
2001,El Salvador,5968058,3.24999414E+10,5.857
2002,El Salvador,5986629,3.375122E+10,6.07
2003,El Salvador,5998595,3.502954E+10,6.435
2004,El Salvador,6004673,3.618519E+10,6.254
2005,El Salvador,6005583,3.80014428E+10,6.298
2006,El Salvador,6002322,4.005432E+10,6.718
2007,El Salvador,6009819,4.220246E+10,6.846
2008,El Salvador,6029301,4.3393065E+10,6.405
2009,El Salvador,6048284,4.266818E+10,6.312
2010,El Salvador,6068252,4.38627779E+10,6.319
2011,El Salvador,6090128,4.55205069E+10,6.499
2012,El Salvador,6113976,4.66081137E+10,6.472
2013,El Salvador,6138845,4.801738E+10,6.094
2014,El Salvador,6162953,4.90268754E+10,6.151
2015,El Salvador,6183674,5.03197245E+10,6.668
2016,El Salvador,6200805,5.179488E+10,6.596
2017,El Salvador,6213537,5.32955136E+10,5.97
2018,El Salvador,6219801,5.505306E+10,6.263
2019,El Salvador,6222316,5.639364E+10,7.553
2020,El Salvador,6234680,5.19608074E+10,6.594
2021,El Salvador,6255781,5.7772E+10,7.581
2022,El Salvador,6280316,5.92709345E+10,7.8
1951,Equatorial Guinea,230627,1.76978E+08,0.011
1952,Equatorial Guinea,234690,1.83365E+08,0.011
1953,Equatorial Guinea,238805,1.9074E+08,0.011
1954,Equatorial Guinea,242985,2.00923E+08,0.029
1955,Equatorial Guinea,247227,2.0679E+08,0.037
1956,Equatorial Guinea,251534,2.1526E+08,0.037
1957,Equatorial Guinea,255929,2.23214E+08,0.033
1958,Equatorial Guinea,260397,2.30838E+08,0.048
1959,Equatorial Guinea,265004,2.436E+08,0.048
1960,Equatorial Guinea,269813,2.68644E+08,0.022
1961,Equatorial Guinea,274906,2.95368E+08,0.022
1962,Equatorial Guinea,280293,3.2619E+08,0.022
1963,Equatorial Guinea,285973,3.715E+08,0.026
1964,Equatorial Guinea,291955,4.2588E+08,0.026
1965,Equatorial Guinea,298248,4.80194E+08,0.029
1966,Equatorial Guinea,304867,4.99968E+08,0.026
1967,Equatorial Guinea,311814,5.3508E+08,0.026
1968,Equatorial Guinea,318853,5.52826E+08,0.029
1969,Equatorial Guinea,322526,5.38005E+08,0.044
1970,Equatorial Guinea,320812,5.2218E+08,0.037
1971,Equatorial Guinea,315945,5.44986E+08,0.066
1972,Equatorial Guinea,309474,5.57946E+08,0.088
1973,Equatorial Guinea,302292,5.97284E+08,0.029
1974,Equatorial Guinea,294959,6.165E+08,0.051
1975,Equatorial Guinea,287912,6.5604E+08,0.062
1976,Equatorial Guinea,281043,6.59523E+08,0.062
1977,Equatorial Guinea,276785,7.07924E+08,0.062
1978,Equatorial Guinea,276533,6.72945E+08,0.07
1979,Equatorial Guinea,279847,6.36922E+08,0.062
1980,Equatorial Guinea,288651,6.68928E+08,0.059
1981,Equatorial Guinea,303261,7.08016E+08,0.07
1982,Equatorial Guinea,322226,7.21905E+08,0.073
1983,Equatorial Guinea,343431,7.602E+08,0.062
1984,Equatorial Guinea,364905,7.67655E+08,0.081
1985,Equatorial Guinea,385551,8.6515E+08,0.066
1986,Equatorial Guinea,404741,8.46356E+08,0.081
1987,Equatorial Guinea,422529,8.82018E+08,0.099
1988,Equatorial Guinea,439658,9.07104E+08,0.106
1989,Equatorial Guinea,456821,8.94919E+08,0.117
1990,Equatorial Guinea,474288,9.17854E+08,0.062
1991,Equatorial Guinea,492219,9.250224E+08,0.066
1992,Equatorial Guinea,510776,1.05472813E+09,0.066
1993,Equatorial Guinea,530029,1.1607223E+09,0.07
1994,Equatorial Guinea,550147,1.27559718E+09,1.153
1995,Equatorial Guinea,571273,1.4333335E+09,1.227
1996,Equatorial Guinea,593495,1.938736E+09,1.356
1997,Equatorial Guinea,616898,3.8089856E+09,1.975
1998,Equatorial Guinea,641478,4.506473E+09,2.302
1999,Equatorial Guinea,667221,5.58788454E+09,2.511
2000,Equatorial Guinea,703286,6.341192E+09,2.699
2001,Equatorial Guinea,749835,1.07108772E+10,3.095
2002,Equatorial Guinea,797968,1.29442673E+10,2.761
2003,Equatorial Guinea,847866,1.47781407E+10,3.133
2004,Equatorial Guinea,899924,1.84143585E+10,6.137
2005,Equatorial Guinea,947369,2.01680241E+10,6.208
2006,Equatorial Guinea,990350,2.13469573E+10,6.182
2007,Equatorial Guinea,1036053,2.47666524E+10,5.724
2008,Equatorial Guinea,1084538,2.929839E+10,5.942
2009,Equatorial Guinea,1135684,2.98530939E+10,4.902
2010,Equatorial Guinea,1189096,2.73666724E+10,6.402
2011,Equatorial Guinea,1241843,2.92857876E+10,6.095
2012,Equatorial Guinea,1293484,3.173093E+10,6.901
2013,Equatorial Guinea,1346220,3.04191365E+10,8.196
2014,Equatorial Guinea,1399829,3.0256853E+10,7.672
2015,Equatorial Guinea,1453926,2.80261018E+10,7.033
2016,Equatorial Guinea,1508193,2.52038369E+10,7.558
2017,Equatorial Guinea,1562401,2.35117588E+10,6.832
2018,Equatorial Guinea,1616425,2.18135163E+10,7.052
2019,Equatorial Guinea,1670184,2.061775E+10,5.535
2020,Equatorial Guinea,1716479,1.97432525E+10,6.411
2021,Equatorial Guinea,1758796,1.95566039E+10,7.119
2022,Equatorial Guinea,1803550,2.019138E+10,6.826
1973,Estonia,1399343,1.94681262E+10,27.702
1980,Estonia,1476465,2.22981571E+10,35.195
1981,Estonia,1485343,2.31135764E+10,34.522
1982,Estonia,1494911,2.39548928E+10,35.174
1983,Estonia,1505247,2.47815332E+10,35.677
1984,Estonia,1515614,2.54252933E+10,35.996
1985,Estonia,1525281,2.54437622E+10,38.828
1986,Estonia,1535594,2.61435146E+10,38.826
1987,Estonia,1547259,2.6398462E+10,37.896
1988,Estonia,1559099,2.77134111E+10,38.002
1989,Estonia,1567590,2.950042E+10,38.932
1990,Estonia,1570310,2.70660956E+10,36.917
1991,Estonia,1565380,2.39400817E+10,34.144
1992,Estonia,1540213,2.02011E+10,24.418
1993,Estonia,1504344,1.820616E+10,19.435
1994,Estonia,1475716,1.77132974E+10,20.041
1995,Estonia,1452776,1.86328986E+10,18.055
1996,Estonia,1434655,1.92868577E+10,19.034
1997,Estonia,1421494,2.11719188E+10,18.673
1998,Estonia,1411206,2.16987587E+10,16.933
1999,Estonia,1403579,2.112687E+10,15.929
2000,Estonia,1397001,2.352573E+10,15.471
2001,Estonia,1388174,2.46189916E+10,15.87
2002,Estonia,1379438,2.56898335E+10,15.358
2003,Estonia,1370849,2.71602442E+10,17.251
2004,Estonia,1362682,2.83929682E+10,17.322
2005,Estonia,1354847,3.05668936E+10,17.09
2006,Estonia,1346884,3.316223E+10,16.438
2007,Estonia,1340709,3.511552E+10,19.93
2008,Estonia,1337078,3.26598922E+10,17.815
2009,Estonia,1334528,2.74024817E+10,14.405
2010,Estonia,1331450,2.758697E+10,18.965
2011,Estonia,1327366,2.92172943E+10,18.948
2012,Estonia,1322616,3.016049E+10,17.761
2013,Estonia,1317921,3.06004214E+10,19.634
2014,Estonia,1314456,3.152183E+10,18.784
2015,Estonia,1314581,3.21060168E+10,15.78
2016,Estonia,1315850,3.31190845E+10,17.433
2017,Estonia,1317432,3.50373765E+10,18.616
2018,Estonia,1321971,3.636324E+10,17.801
2019,Estonia,1326821,3.7723177E+10,12.288
2020,Estonia,1329674,3.75152722E+10,9.198
2021,Estonia,1331750,4.05214822E+10,10.391
2022,Estonia,1350092,3.99998566E+10,11.757
1951,Eswatini,278619,176744480,0.004
1952,Eswatini,285636,1.822726E+08,0.004
1953,Eswatini,292742,189501952,0.004
1954,Eswatini,299942,2.000695E+08,0.004
1955,Eswatini,307223,2.064224E+08,0.004
1956,Eswatini,314619,2.146224E+08,0.004
1957,Eswatini,322131,222837360,0.004
1958,Eswatini,329769,229028512,0.004
1959,Eswatini,337522,2.422999E+08,0.004
1960,Eswatini,345340,2.754923E+08,0.033
1961,Eswatini,353264,310627264,0.004
1964,Eswatini,378659,4.563147E+08,0.011
1965,Eswatini,388341,5.273149E+08,0.081
1966,Eswatini,398774,5.497309E+08,0.202
1967,Eswatini,409044,602007360,0.227
1968,Eswatini,419154,573858240,0.278
1969,Eswatini,429884,598423936,0.304
1970,Eswatini,441223,7.755671E+08,0.366
1971,Eswatini,453192,8.048904E+08,0.399
1972,Eswatini,465791,906918336,0.381
1973,Eswatini,479042,9.381272E+08,0.37
1974,Eswatini,493003,1.11701363E+09,0.311
1975,Eswatini,507676,1.48758758E+09,0.337
1976,Eswatini,523339,1.68291174E+09,0.333
1977,Eswatini,540353,1.7000279E+09,0.341
1978,Eswatini,558447,1.72209139E+09,0.44
1979,Eswatini,577210,1.75899008E+09,0.447
1980,Eswatini,596657,1.80134938E+09,0.465
1981,Eswatini,616816,1.92476058E+09,0.436
1982,Eswatini,637656,1.95284134E+09,0.436
1983,Eswatini,658957,1.94227238E+09,0.271
1984,Eswatini,680789,1.99064563E+09,0.333
1985,Eswatini,706206,2.02972685E+09,0.44
1986,Eswatini,734738,2.406444E+09,0.458
1987,Eswatini,763813,2.646884E+09,0.436
1988,Eswatini,799806,2.84642355E+09,0.436
1989,Eswatini,837811,3.11443277E+09,0.436
1990,Eswatini,872436,3.42053478E+09,0.96
1991,Eswatini,908193,3.54887885E+09,0.872
1992,Eswatini,943424,3.73239142E+09,0.832
1993,Eswatini,971326,3.91979341E+09,0.711
1994,Eswatini,971220,4.084366E+09,1.077
1995,Eswatini,970436,4.356451E+09,1.063
1996,Eswatini,989847,4.598028E+09,0.788
1997,Eswatini,1006648,4.76676864E+09,1.143
1998,Eswatini,1019657,4.8676823E+09,1.161
1999,Eswatini,1030785,4.9869824E+09,1.238
2000,Eswatini,1041428,5.05030349E+09,1.209
2001,Eswatini,1051066,5.12550042E+09,1.096
2002,Eswatini,1059456,5.28050637E+09,1.081
2003,Eswatini,1066706,5.5187287E+09,1.004
2004,Eswatini,1073168,5.6964224E+09,1
2005,Eswatini,1079021,6.00294246E+09,1.015
2006,Eswatini,1084443,6.319745E+09,1.015
2007,Eswatini,1090712,6.58948659E+09,1.041
2008,Eswatini,1098098,6.906669E+09,1.022
2009,Eswatini,1105157,7.131567E+09,1.059
2010,Eswatini,1111650,7.33227674E+09,0.997
2011,Eswatini,1117845,7.567466E+09,1.008
2012,Eswatini,1123869,7.793098E+09,1.169
2013,Eswatini,1129999,8.126636E+09,1.4
2014,Eswatini,1136305,8.32752742E+09,0.769
2015,Eswatini,1142823,8.445666E+09,0.868
2016,Eswatini,1149516,8.545156E+09,1.055
2017,Eswatini,1158197,8.725283E+09,0.986
2018,Eswatini,1168931,8.936239E+09,1.033
2019,Eswatini,1179885,9.177837E+09,1.121
2020,Eswatini,1192733,9.034695E+09,1.121
2021,Eswatini,1206599,9.746928E+09,1.011
2022,Eswatini,1218921,9.594911E+09,1.08
1951,Ethiopia,17989061,1.31946322E+10,0.062
1952,Ethiopia,18326176,1.3543809E+10,0.099
1953,Ethiopia,18674773,1.43389112E+10,0.183
1954,Ethiopia,19038036,1.432496E+10,0.271
1955,Ethiopia,19419769,1.50960886E+10,0.227
1956,Ethiopia,19818886,1.55758039E+10,0.242
1957,Ethiopia,20173748,1.54686341E+10,0.322
1958,Ethiopia,20480279,1.59735654E+10,0.319
1959,Ethiopia,20878099,1.64482775E+10,0.337
1960,Ethiopia,21376688,1.72600627E+10,0.352
1961,Ethiopia,21906100,1.81258035E+10,0.341
1962,Ethiopia,22465125,1.8844801E+10,0.396
1963,Ethiopia,23051640,2.13667553E+10,0.421
1964,Ethiopia,23666546,2.23890412E+10,0.407
1965,Ethiopia,24310614,2.372157E+10,0.644
1966,Ethiopia,24952688,2.46609531E+10,0.824
1967,Ethiopia,25620283,2.57077985E+10,1.073
1968,Ethiopia,26337932,2.61067756E+10,1.725
1969,Ethiopia,27072574,2.71198126E+10,1.666
1970,Ethiopia,27829135,2.86337352E+10,1.652
1971,Ethiopia,28600114,2.986552E+10,1.849
1972,Ethiopia,29374610,3.13851146E+10,1.406
1973,Ethiopia,30166789,3.23933123E+10,1.751
1974,Ethiopia,30957277,3.27912038E+10,1.736
1975,Ethiopia,31723255,3.28561152E+10,1.209
1976,Ethiopia,32534429,3.375817E+10,1.175
1977,Ethiopia,33167276,3.46425139E+10,1.047
1978,Ethiopia,33734601,3.43232184E+10,1.369
1979,Ethiopia,34238655,3.64630548E+10,1.844
1980,Ethiopia,34428516,3.808297E+10,1.817
1981,Ethiopia,35304011,3.88884152E+10,1.86
1982,Ethiopia,36701294,3.948391E+10,1.474
1983,Ethiopia,37740821,4.14609121E+10,1.835
1984,Ethiopia,38735728,4.06370877E+10,1.65
1985,Ethiopia,39842135,3.79580744E+10,1.799
1986,Ethiopia,41037658,4.040351E+10,2.195
1987,Ethiopia,42460039,4.4197122E+10,2.554
1988,Ethiopia,44150832,4.50414223E+10,2.64
1989,Ethiopia,45879686,4.57640878E+10,2.794
1990,Ethiopia,47609762,4.503092E+10,2.987
1991,Ethiopia,49717202,4.14478172E+10,2.958
1992,Ethiopia,51853754,3.745535E+10,2.937
1993,Ethiopia,53708892,3.78742825E+10,2.994
1994,Ethiopia,55611512,4.07118479E+10,2.197
1995,Ethiopia,57537340,4.26311E+10,2.506
1996,Ethiopia,59467640,4.61302661E+10,2.794
1997,Ethiopia,61404542,4.92750766E+10,2.98
1998,Ethiopia,63363523,4.873408E+10,3.147
1999,Ethiopia,65374562,4.843829E+10,3.094
2000,Ethiopia,67411495,5.03269663E+10,3.463
2001,Ethiopia,69487768,5.243413E+10,4.265
2002,Ethiopia,71635520,5.450178E+10,4.432
2003,Ethiopia,73832663,5.389204E+10,4.87
2004,Ethiopia,76077212,5.58453842E+10,5.159
2005,Ethiopia,78367475,6.16347771E+10,4.956
2006,Ethiopia,80703494,6.72171172E+10,5.318
2007,Ethiopia,83103219,7.342178E+10,5.84
2008,Ethiopia,85543671,7.97565E+10,6.418
2009,Ethiopia,88007639,8.639103E+10,6.453
2010,Ethiopia,90538520,9.41486244E+10,6.344
2011,Ethiopia,93149977,1.04949E+11,7.41
2012,Ethiopia,95798770,1.16345E+11,8.058
2013,Ethiopia,98438750,1.2831E+11,9.839
2014,Ethiopia,101115615,1.41951E+11,11.671
2015,Ethiopia,103867140,1.57107E+11,12.699
2016,Ethiopia,106718161,1.73709E+11,14.495
2017,Ethiopia,109666482,1.90762E+11,14.774
2018,Ethiopia,112664155,2.06206E+11,15.787
2019,Ethiopia,115737385,2.21885E+11,17.236
2020,Ethiopia,118917671,2.3786E+11,15.85
2021,Ethiopia,122138590,2.5185E+11,16.161
2022,Ethiopia,125384285,2.69977E+11,15.157
1951,Finland,4047649,2.94886277E+10,7.977
1952,Finland,4090838,3.04742257E+10,8.655
1953,Finland,4139764,3.069365E+10,7.566
1954,Finland,4187257,3.33821542E+10,9.152
1955,Finland,4235198,3.50819123E+10,10.925
1956,Finland,4281931,3.613755E+10,12.168
1957,Finland,4324192,3.78393231E+10,12.241
1958,Finland,4359881,3.8039253E+10,10.607
1959,Finland,4394750,4.03081871E+10,13.556
1960,Finland,4429631,4.3990356E+10,15.087
1961,Finland,4460997,4.73446359E+10,14.922
1962,Finland,4491737,4.881749E+10,16.79
1963,Finland,4523897,5.04258478E+10,19.336
1964,Finland,4549092,5.2976894E+10,22.828
1965,Finland,4564150,5.57961871E+10,25.3
1966,Finland,4581447,5.71280179E+10,29.489
1967,Finland,4606643,5.834096E+10,28.588
1968,Finland,4627350,5.968145E+10,33.281
1969,Finland,4624083,6.54311834E+10,37.897
1970,Finland,4606308,7.031988E+10,40.355
1971,Finland,4612135,7.178771E+10,40.537
1972,Finland,4639549,7.72688445E+10,44.106
1973,Finland,4665910,8.24449843E+10,49.32
1974,Finland,4690365,8.49416E+10,46.608
1975,Finland,4711174,8.592251E+10,46.026
1976,Finland,4725341,8.555342E+10,51.198
1977,Finland,4738579,8.577412E+10,50.137
1978,Finland,4752243,8.756533E+10,51.825
1979,Finland,4764439,9.365951E+10,54.237
1980,Finland,4779361,9.86496E+10,58.139
1981,Finland,4799850,1.00487E+11,51.403
1982,Finland,4826882,1.03755E+11,42.976
1983,Finland,4855793,1.06555E+11,41.463
1984,Finland,4881827,1.09772E+11,42.147
1985,Finland,4902263,1.13466E+11,49.549
1986,Finland,4918255,1.16154E+11,53.214
1987,Finland,4932259,1.20921E+11,57.533
1988,Finland,4946629,1.26851E+11,52.058
1989,Finland,4964527,1.34045E+11,52.448
1990,Finland,4986574,1.34055E+11,56.921
1991,Finland,5013889,1.2622E+11,55.195
1992,Finland,5042147,1.22117E+11,54.272
1993,Finland,5066592,1.21309E+11,56.32
1994,Finland,5088454,1.26179E+11,61.74
1995,Finland,5107920,1.31586E+11,58.122
1996,Finland,5124716,1.36506E+11,64.04
1997,Finland,5139926,1.45148E+11,62.703
1998,Finland,5153548,1.53139E+11,59.358
1999,Finland,5165515,1.60064E+11,58.874
2000,Finland,5176198,1.6921E+11,57.017
2001,Finland,5187973,1.73704E+11,62.521
2002,Finland,5200549,1.76751E+11,65.049
2003,Finland,5212955,1.80408E+11,72.658
2004,Finland,5228144,1.87634E+11,68.946
2005,Finland,5246083,1.92991E+11,57.064
2006,Finland,5266247,2.00967E+11,68.373
2007,Finland,5288716,2.11541E+11,66.764
2008,Finland,5313381,2.13226E+11,58.625
2009,Finland,5338855,1.95739E+11,55.92
2010,Finland,5363347,2.01746E+11,64.092
2011,Finland,5388236,2.07084E+11,56.647
2012,Finland,5413978,2.0419E+11,51.155
2013,Finland,5439058,2.02349E+11,51.719
2014,Finland,5461686,2.01611E+11,47.622
2015,Finland,5479718,2.02707E+11,44.192
2016,Finland,5495469,2.08406E+11,47.251
2017,Finland,5508399,2.15059E+11,44.657
2018,Finland,5515732,2.1751E+11,45.734
2019,Finland,5521755,2.20174E+11,42.442
2020,Finland,5529617,2.14989E+11,37.7
2021,Finland,5541068,2.21538E+11,37.798
2022,Finland,5569299,2.26155E+11,36.367
1951,France,42333662,3.73114E+11,228.729
1952,France,42780273,3.82999E+11,226.986
1953,France,43227873,3.94065E+11,214.548
1954,France,43676897,4.13154E+11,226.352
1955,France,44136093,4.36918E+11,238.982
1956,France,44588523,4.58985E+11,268.499
1957,France,45036374,4.86693E+11,277.497
1958,France,45493502,4.98861E+11,266.154
1959,France,45963766,5.13139E+11,261.89
1960,France,46428136,5.49319E+11,296.602
1961,France,46893841,5.79769E+11,316.22
1962,France,47352625,6.18376E+11,333.477
1963,France,47817824,6.50491E+11,338.582
1964,France,48319085,6.93811E+11,369.54
1965,France,48772824,7.27557E+11,364.23
1966,France,49184652,7.64514E+11,381.139
1967,France,49574907,7.99865E+11,405.496
1968,France,49947252,8.35171E+11,419.073
1969,France,50355300,8.93107E+11,444.28
1970,France,50813071,9.44233E+11,461.338
1971,France,51293056,9.89969E+11,494.427
1972,France,51743877,1.03402E+12,514.988
1973,France,52162212,1.09018E+12,539.772
1974,France,52504744,1.12223E+12,521.906
1975,France,52746322,1.11433E+12,483.272
1976,France,52959120,1.16252E+12,524.455
1977,France,53197133,1.20594E+12,508.119
1978,France,53429668,1.23936E+12,529.908
1979,France,53660897,1.2791E+12,533.254
1980,France,53941061,1.29712E+12,512.218
1981,France,54255004,1.31046E+12,460.491
1982,France,54582405,1.34341E+12,441.564
1983,France,54889407,1.35907E+12,424.455
1984,France,55176626,1.3791E+12,413.169
1985,France,55467154,1.39841E+12,406.314
1986,France,55752833,1.43163E+12,391.448
1987,France,56048365,1.46781E+12,388.852
1988,France,56361846,1.53232E+12,386.506
1989,France,56685081,1.59447E+12,400.329
1990,France,56990239,1.63621E+12,393.717
1991,France,57271563,1.65407E+12,417.859
1992,France,57554865,1.68142E+12,407.316
1993,France,57801260,1.672E+12,387.699
1994,France,57999868,1.71209E+12,380.793
1995,France,58192206,1.74866E+12,385.81
1996,France,58380637,1.77384E+12,402.156
1997,France,58568662,1.81639E+12,394.845
1998,France,58778817,1.88205E+12,413.259
1999,France,59084208,1.94985E+12,412.021
2000,France,59483716,2.03168E+12,406.139
2001,France,59905130,2.07779E+12,410.445
2002,France,60327247,2.10732E+12,405.947
2003,France,60741121,2.13094E+12,411.965
2004,France,61175243,2.19688E+12,413.379
2005,France,61625030,2.23879E+12,415.795
2006,France,62049831,2.29702E+12,406.157
2007,France,62432438,2.35467E+12,396.01
2008,France,62780187,2.36245E+12,389.094
2009,France,63106461,2.29535E+12,370.876
2010,France,63417366,2.34249E+12,376.457
2011,France,63733777,2.3934E+12,354.375
2012,France,64058465,2.4009E+12,356.439
2013,France,64387736,2.41473E+12,358.703
2014,France,64692495,2.43782E+12,326.842
2015,France,64916336,2.46495E+12,331.49
2016,France,65086852,2.49196E+12,334.2
2017,France,65284775,2.54906E+12,337.101
2018,France,65519539,2.5966E+12,321.94
2019,France,65729460,2.64445E+12,315.015
2020,France,65905273,2.43859E+12,280.49
2021,France,66083547,2.60482E+12,305.607
2022,France,66277412,2.67157E+12,293.502
1951,Gabon,475640,1.27517414E+09,0.014
1952,Gabon,478588,1.32226637E+09,0.018
1953,Gabon,481759,1.37014438E+09,0.015
1954,Gabon,485164,1.42054656E+09,0.016
1955,Gabon,488821,1.47368934E+09,0.016
1956,Gabon,492791,1.52793139E+09,0.021
1957,Gabon,497074,1.58392038E+09,0.022
1958,Gabon,501738,1.64322419E+09,0.025
1959,Gabon,506813,1.704821E+09,0.022
1960,Gabon,512324,1.775984E+09,0.132
1961,Gabon,518276,1.98889126E+09,0.165
1962,Gabon,524657,2.04910746E+09,0.088
1963,Gabon,531457,2.12178086E+09,0.073
1964,Gabon,538666,2.15840461E+09,0.191
1965,Gabon,546320,2.19450957E+09,0.216
1966,Gabon,554471,2.292512E+09,0.381
1967,Gabon,563114,2.3873175E+09,1.011
1968,Gabon,572266,2.44799462E+09,1.96
1969,Gabon,583283,2.64576333E+09,1.433
1970,Gabon,595856,2.8749527E+09,2.081
1971,Gabon,608355,3.16978022E+09,2.843
1972,Gabon,620965,3.528801E+09,2.737
1973,Gabon,634004,3.88816333E+09,5.309
1974,Gabon,647698,5.42377728E+09,5.448
1975,Gabon,662205,6.4646487E+09,5.364
1976,Gabon,677633,8.766902E+09,5.704
1977,Gabon,693994,7.66469939E+09,6.306
1978,Gabon,711251,5.82081126E+09,7.555
1979,Gabon,729381,5.849073E+09,6.747
1980,Gabon,748395,5.99757466E+09,6.625
1981,Gabon,768394,6.30346035E+09,6.564
1982,Gabon,789289,6.108598E+09,6.544
1983,Gabon,811006,6.451048E+09,5.509
1984,Gabon,833501,6.934899E+09,5.979
1985,Gabon,856737,6.773416E+09,6.299
1986,Gabon,880707,6.71916442E+09,4.951
1987,Gabon,905482,5.567389E+09,4.009
1988,Gabon,931023,6.2820055E+09,4.321
1989,Gabon,957146,6.819593E+09,5.757
1990,Gabon,983740,7.17259E+09,4.485
1991,Gabon,1010820,7.97466726E+09,4.522
1992,Gabon,1038389,7.9462057E+09,4.917
1993,Gabon,1066405,8.684712E+09,4.975
1994,Gabon,1094724,9.485806E+09,4.542
1995,Gabon,1123212,1.024092E+10,5.22
1996,Gabon,1152018,1.10227436E+10,5.886
1997,Gabon,1181445,1.21640428E+10,5.527
1998,Gabon,1211743,1.306214E+10,6.453
1999,Gabon,1243025,1.217066E+10,6.014
2000,Gabon,1275578,1.253803E+10,6.128
2001,Gabon,1309592,1.34080809E+10,6.48
2002,Gabon,1345141,1.37458913E+10,6.25
2003,Gabon,1382356,1.47171471E+10,6.746
2004,Gabon,1421617,1.559764E+10,6.386
2005,Gabon,1463503,1.66622638E+10,6.223
2006,Gabon,1508337,1.70838876E+10,5.543
2007,Gabon,1556242,1.92949453E+10,5.038
2008,Gabon,1607182,1.98211564E+10,5.379
2009,Gabon,1661566,2.10017915E+10,5.304
2010,Gabon,1719883,2.38854062E+10,5.836
2011,Gabon,1781986,2.716583E+10,5.828
2012,Gabon,1846893,2.85923082E+10,5.63
2013,Gabon,1913061,3.016974E+10,5.927
2014,Gabon,1978402,3.15077734E+10,6.369
2015,Gabon,2040990,3.27299625E+10,6.476
2016,Gabon,2100310,3.34143386E+10,6.522
2017,Gabon,2156902,3.357239E+10,5.495
2018,Gabon,2212320,3.3855404E+10,5.567
2019,Gabon,2267710,3.518084E+10,5.331
2020,Gabon,2322536,3.45250734E+10,5.625
2021,Gabon,2376728,3.503743E+10,5.531
2022,Gabon,2430752,3.60352932E+10,5.835
1951,Gambia,314501,2.8217E+08,0.015
1952,Gambia,322645,2.90248E+08,0.011
1953,Gambia,331094,3.01476E+08,0.011
1954,Gambia,339817,3.19332E+08,0.015
1955,Gambia,348800,3.28644E+08,0.015
1956,Gambia,358040,3.4209E+08,0.018
1957,Gambia,367554,3.54331E+08,0.022
1958,Gambia,377379,3.64204E+08,0.026
1959,Gambia,387548,3.86118E+08,0.018
1960,Gambia,398070,4.10784E+08,0.018
1961,Gambia,408937,4.78434E+08,0.022
1962,Gambia,420171,4.71988E+08,0.026
1963,Gambia,431765,4.75552E+08,0.029
1964,Gambia,443693,5.08326E+08,0.029
1965,Gambia,455960,5.63616E+08,0.029
1966,Gambia,468522,6.5817E+08,0.033
1967,Gambia,481599,6.8112E+08,0.033
1968,Gambia,495279,6.89626E+08,0.037
1969,Gambia,509443,7.64001E+08,0.048
1970,Gambia,524113,6.8967E+08,0.048
1971,Gambia,539395,6.89376E+08,0.055
1972,Gambia,555380,6.89678E+08,0.066
1973,Gambia,572005,7.53474E+08,0.062
1974,Gambia,589094,7.986E+08,0.062
1975,Gambia,606829,8.47302E+08,0.099
1976,Gambia,625678,8.35752E+08,0.099
1977,Gambia,645780,8.48783E+08,0.114
1978,Gambia,667109,8.90736E+08,0.139
1979,Gambia,689782,8.6224E+08,0.147
1980,Gambia,713920,8.639E+08,0.158
1981,Gambia,739134,1.020591E+09,0.158
1982,Gambia,765758,1.092471E+09,0.161
1983,Gambia,794526,1.053702E+09,0.161
1984,Gambia,825634,1.083342E+09,0.172
1985,Gambia,858880,1.121623E+09,0.172
1986,Gambia,894019,1.14471E+09,0.161
1987,Gambia,931101,1.179634E+09,0.18
1988,Gambia,970164,1.239875E+09,0.183
1989,Gambia,1011367,1.283184E+09,0.18
1990,Gambia,1054703,1.3314E+09,0.198
1991,Gambia,1099962,1.37818867E+09,0.198
1992,Gambia,1145585,1.43871322E+09,0.198
1993,Gambia,1188373,1.49228134E+09,0.209
1994,Gambia,1227231,1.5064393E+09,0.209
1995,Gambia,1264320,1.52931866E+09,0.216
1996,Gambia,1301419,1.6068905E+09,0.22
1997,Gambia,1338897,1.62514048E+09,0.224
1998,Gambia,1376995,1.69855309E+09,0.242
1999,Gambia,1415786,1.829034E+09,0.275
2000,Gambia,1455095,1.95524966E+09,0.275
2001,Gambia,1495022,2.08266291E+09,0.3
2002,Gambia,1535700,2.10843635E+09,0.297
2003,Gambia,1577620,2.1725865E+09,0.297
2004,Gambia,1621309,2.391385E+09,0.319
2005,Gambia,1667036,2.38641459E+09,0.322
2006,Gambia,1715285,2.43225754E+09,0.348
2007,Gambia,1765778,2.53929139E+09,0.348
2008,Gambia,1817859,2.70442061E+09,0.363
2009,Gambia,1871431,2.89949619E+09,0.374
2010,Gambia,1926635,3.11113549E+09,0.425
2011,Gambia,1983784,3.000862E+09,0.443
2012,Gambia,2043099,3.174E+09,0.447
2013,Gambia,2103826,3.327261E+09,0.425
2014,Gambia,2164533,3.357018E+09,0.506
2015,Gambia,2224532,3.514848E+09,0.583
2016,Gambia,2283777,3.55843277E+09,0.59
2017,Gambia,2342192,3.704518E+09,0.594
2018,Gambia,2399634,3.947002E+09,0.649
2019,Gambia,2456847,4.19258854E+09,0.711
2020,Gambia,2515744,4.21739E+09,0.7
2021,Gambia,2576014,4.43905126E+09,0.725
2022,Gambia,2636473,4.6567936E+09,0.737
1973,Georgia,4911013,4.5633237E+10,11.247
1980,Georgia,5165545,5.30756854E+10,14.296
1981,Georgia,5205033,5.60735068E+10,14.035
1982,Georgia,5246476,5.92301834E+10,14.299
1983,Georgia,5290184,6.27717366E+10,14.504
1984,Georgia,5334255,6.7763114E+10,14.634
1985,Georgia,5376896,7.201593E+10,15.774
1986,Georgia,5419131,7.222537E+10,15.575
1987,Georgia,5461017,7.182427E+10,15.728
1988,Georgia,5500242,7.80214354E+10,16.319
1989,Georgia,5499645,7.644258E+10,16.196
1990,Georgia,5448866,6.58741535E+10,15.948
1991,Georgia,5379509,5.173242E+10,15.872
1992,Georgia,5294187,2.83711713E+10,15.277
1993,Georgia,5178784,1.99635046E+10,9.916
1994,Georgia,5046269,1.780625E+10,6.068
1995,Georgia,4925743,1.81871186E+10,2.29
1996,Georgia,4812774,1.99984681E+10,4.054
1997,Georgia,4695360,2.20109332E+10,4.426
1998,Georgia,4576449,2.25367736E+10,4.939
1999,Georgia,4455583,2.30913413E+10,4.311
2000,Georgia,4328363,2.35504763E+10,4.5
2001,Georgia,4209640,2.45436211E+10,3.725
2002,Georgia,4127853,2.57940869E+10,3.348
2003,Georgia,4085489,2.85397258E+10,3.732
2004,Georgia,4056076,3.00551127E+10,4.272
2005,Georgia,4026135,3.27806239E+10,5.014
2006,Georgia,3996585,3.5705815E+10,6.093
2007,Georgia,3967592,4.00069427E+10,6.362
2008,Georgia,3941193,4.078128E+10,5.309
2009,Georgia,3918936,3.9112876E+10,6.136
2010,Georgia,3895933,4.13598351E+10,6.208
2011,Georgia,3868723,4.413804E+10,7.805
2012,Georgia,3839208,4.697039E+10,8.254
2013,Georgia,3809128,4.86688276E+10,8.013
2014,Georgia,3792921,5.083071E+10,8.939
2015,Georgia,3791571,5.236935E+10,9.756
2016,Georgia,3792061,5.38912031E+10,10.068
2017,Georgia,3792861,5.65011579E+10,10.173
2018,Georgia,3794881,5.9237503E+10,10.063
2019,Georgia,3796721,6.218871E+10,10.887
2020,Georgia,3795680,5.79847578E+10,10.575
2021,Georgia,3788450,6.40534446E+10,11.094
2022,Georgia,3794783,7.052861E+10,11.527
1951,Germany,69782048,4.61744E+11,576.866
1952,Germany,69826946,5.01792E+11,610.981
1953,Germany,69935116,5.43744E+11,623.492
1954,Germany,70104623,5.84377E+11,659.732
1955,Germany,70334148,6.48607E+11,723.498
1956,Germany,70613899,6.95152E+11,766.191
1957,Germany,71088144,7.34905E+11,777.908
1958,Germany,71694672,7.67711E+11,756.379
1959,Germany,72241715,8.23838E+11,755.795
1960,Germany,72811637,8.9021E+11,813.95
1961,Germany,73376111,9.26836E+11,834.84
1962,Germany,73997001,9.66425E+11,883.169
1963,Germany,74698006,9.93706E+11,945.498
1964,Germany,75313477,1.05401E+12,968.917
1965,Germany,75966964,1.1075E+12,960.102
1966,Germany,76611028,1.14035E+12,951.422
1967,Germany,76970793,1.14392E+12,936.229
1968,Germany,77321278,1.20414E+12,984.791
1969,Germany,77944023,1.28375E+12,1052.001
1970,Germany,78205102,1.34386E+12,1026.022
1971,Germany,78345873,1.38351E+12,1037.237
1972,Germany,78719923,1.4406E+12,1041.481
1973,Germany,78966976,1.5059E+12,1085.738
1974,Germany,78996693,1.51836E+12,1062.727
1975,Germany,78701861,1.51015E+12,1002.447
1976,Germany,78364503,1.58305E+12,1090.84
1977,Germany,78185560,1.62864E+12,1052.609
1978,Germany,78115357,1.67428E+12,1079.133
1979,Germany,78147899,1.7416E+12,1117.888
1980,Germany,78315374,1.76147E+12,1100.066
1981,Germany,78448044,1.7682E+12,1048.523
1982,Germany,78393671,1.75314E+12,1015.734
1983,Germany,78224137,1.7843E+12,1011.605
1984,Germany,77998199,1.83459E+12,1033.245
1985,Germany,77863423,1.87477E+12,1044.118
1986,Germany,77923807,1.91618E+12,1047.472
1987,Germany,78062321,1.94506E+12,1032.443
1988,Germany,78385993,2.00999E+12,1029.024
1989,Germany,79007063,2.07568E+12,1008.792
1990,Germany,79707964,2.01555E+12,1054.796
1991,Germany,80303189,2.14132E+12,1016.93
1992,Germany,80934901,2.20495E+12,969.464
1993,Germany,81486770,2.20629E+12,959.386
1994,Germany,81773612,2.28395E+12,943.228
1995,Germany,82019890,2.34776E+12,939.934
1996,Germany,82263195,2.39152E+12,959.69
1997,Germany,82389631,2.46105E+12,931.508
1998,Germany,82011933,2.5359E+12,923.499
1999,Germany,81678279,2.61318E+12,895.442
2000,Germany,81797255,2.71856E+12,898.976
2001,Germany,81933883,2.79337E+12,915.255
2002,Germany,82068328,2.82244E+12,898.834
2003,Germany,82111619,2.83168E+12,894.501
2004,Germany,82092706,2.89462E+12,876.57
2005,Germany,82046731,2.94546E+12,867.881
2006,Germany,81701971,3.08636E+12,886.434
2007,Germany,81298546,3.22028E+12,846.116
2008,Germany,81110781,3.28902E+12,856.607
2009,Germany,80935275,3.1365E+12,789.951
2010,Germany,80830917,3.30112E+12,826.68
2011,Germany,80857877,3.46771E+12,804.514
2012,Germany,80916393,3.48223E+12,814.09
2013,Germany,81041580,3.49746E+12,831.743
2014,Germany,81376078,3.57474E+12,792.579
2015,Germany,82077546,3.62807E+12,800.844
2016,Germany,82760100,3.70898E+12,798.014
2017,Germany,83104012,3.80839E+12,784.594
2018,Germany,83368506,3.84576E+12,760.046
2019,Germany,83559185,3.88639E+12,709.827
2020,Germany,83628711,3.74272E+12,648.357
2021,Germany,83697082,3.84104E+12,678.777
2022,Germany,84086228,3.90961E+12,671.472
1951,Ghana,5229134,9.829291E+09,0.876
1952,Ghana,5387493,9.64397E+09,0.868
1953,Ghana,5553968,1.09806111E+10,1.019
1954,Ghana,5729429,1.23563889E+10,1.004
1955,Ghana,5914931,1.15709829E+10,1.187
1956,Ghana,6109604,1.22468577E+10,1.077
1957,Ghana,6312496,1.26419681E+10,1.293
1958,Ghana,6520155,1.2435584E+10,1.363
1959,Ghana,6735546,1.42392556E+10,1.323
1960,Ghana,6961216,1.52873482E+10,1.462
1961,Ghana,7162672,1.582356E+10,1.345
1962,Ghana,7337377,1.66007951E+10,1.433
1963,Ghana,7514721,1.71699149E+10,1.722
1964,Ghana,7695743,1.75402066E+10,1.649
1965,Ghana,7882609,1.77813156E+10,1.704
1966,Ghana,8074529,1.779375E+10,1.44
1967,Ghana,8271925,1.81181153E+10,1.495
1968,Ghana,8475734,1.83717786E+10,1.649
1969,Ghana,8690384,1.902711E+10,1.488
1970,Ghana,8925814,1.99509053E+10,2.404
1971,Ghana,9176264,2.1547948E+10,2.03
1972,Ghana,9438189,2.09054269E+10,2.217
1973,Ghana,9714615,2.14893629E+10,2.257
1974,Ghana,10000528,2.29693747E+10,2.675
1975,Ghana,10294313,2.011431E+10,2.411
1976,Ghana,10594918,1.94052424E+10,2.107
1977,Ghana,10911870,1.98325821E+10,2.696
1978,Ghana,11248452,2.15273288E+10,2.718
1979,Ghana,11597252,2.09851965E+10,2.521
1980,Ghana,11941452,2.03146854E+10,2.411
1981,Ghana,12281722,2.03439227E+10,2.847
1982,Ghana,12643821,1.89392015E+10,2.895
1983,Ghana,13029841,1.80704768E+10,3.51
1984,Ghana,13370592,1.96338975E+10,2.466
1985,Ghana,13661238,2.06231142E+10,3.144
1986,Ghana,13965222,2.170541E+10,2.935
1987,Ghana,14289112,2.27503923E+10,3.147
1988,Ghana,14636577,2.40222269E+10,3.21
1989,Ghana,15006814,2.52531814E+10,3.059
1990,Ghana,15394649,2.60955628E+10,3.514
1991,Ghana,15787495,2.75914056E+10,3.902
1992,Ghana,16184862,2.87987814E+10,3.243
1993,Ghana,16589520,3.00034847E+10,3.818
1994,Ghana,16993191,3.12498524E+10,4.54
1995,Ghana,17399023,3.27233577E+10,4.624
1996,Ghana,17810184,3.438047E+10,4.858
1997,Ghana,18238961,3.62174423E+10,5.514
1998,Ghana,18688042,3.808509E+10,5.584
1999,Ghana,19149874,3.994457E+10,5.613
2000,Ghana,19637087,4.156938E+10,5.313
2001,Ghana,20167073,4.346271E+10,5.969
2002,Ghana,20729392,4.56063836E+10,6.483
2003,Ghana,21296708,4.8182825E+10,6.685
2004,Ghana,21868298,5.101595E+10,6.451
2005,Ghana,22449443,5.417811E+10,6.113
2006,Ghana,23040704,5.77356841E+10,8.523
2007,Ghana,23642284,6.04093563E+10,8.982
2008,Ghana,24249946,6.61559747E+10,8.324
2009,Ghana,24862668,6.956482E+10,6.868
2010,Ghana,25475001,7.529661E+10,8.943
2011,Ghana,26095090,8.616027E+10,10.336
2012,Ghana,26734272,9.34218547E+10,12.644
2013,Ghana,27386192,1.00187E+11,12.606
2014,Ghana,28041591,1.03049E+11,13.252
2015,Ghana,28696071,1.05234E+11,14.568
2016,Ghana,29356735,1.08784E+11,13.917
2017,Ghana,30008363,1.17627E+11,12.438
2018,Ghana,30637591,1.2492E+11,15.19
2019,Ghana,31258942,1.3305E+11,16.418
2020,Ghana,31887801,1.33734E+11,19.168
2021,Ghana,32518662,1.40896E+11,20.546
2022,Ghana,33149151,1.45432E+11,20.287
1951,Greece,7712877,2.51337236E+10,4.575
1952,Greece,7775542,2.53031936E+10,4.797
1953,Greece,7841269,2.87747277E+10,4.885
1954,Greece,7910866,2.96713359E+10,5.082
1955,Greece,7984712,3.191791E+10,5.953
1956,Greece,8060992,3.463776E+10,6.286
1957,Greece,8136981,3.6894466E+10,6.814
1958,Greece,8214992,3.8601687E+10,7.447
1959,Greece,8297713,4.00190546E+10,8.121
1960,Greece,8384481,4.176194E+10,9.392
1961,Greece,8447007,4.54166528E+10,9.808
1962,Greece,8473374,4.71157965E+10,10.149
1963,Greece,8488373,5.19122657E+10,12.239
1964,Greece,8503997,5.617734E+10,13.202
1965,Greece,8521368,6.14512435E+10,16.999
1966,Greece,8579992,6.520534E+10,18.621
1967,Greece,8655153,6.879015E+10,19.504
1968,Greece,8717917,7.3369985E+10,22.286
1969,Greece,8747070,8.063047E+10,25.434
1970,Greece,8747778,8.704878E+10,24.126
1971,Greece,8787033,9.324691E+10,27.75
1972,Greece,8849378,1.04841E+11,31.477
1973,Greece,8893403,1.08953E+11,37.131
1974,Greece,8929112,1.04999E+11,36.062
1975,Greece,9016969,1.11354E+11,38.67
1976,Greece,9160213,1.18431E+11,42.656
1977,Greece,9282023,1.22481E+11,46.657
1978,Greece,9389968,1.30699E+11,47.678
1979,Greece,9526010,1.35518E+11,50.819
1980,Greece,9653418,1.37888E+11,50.889
1981,Greece,9754400,1.37962E+11,50.125
1982,Greece,9837470,1.38508E+11,51.509
1983,Greece,9911493,1.39066E+11,54.789
1984,Greece,9978780,1.42899E+11,56.285
1985,Greece,10037038,1.4736E+11,59.772
1986,Greece,10088762,1.49738E+11,58.274
1987,Greece,10134530,1.49059E+11,62.576
1988,Greece,10177008,1.55691E+11,67.052
1989,Greece,10218039,1.61666E+11,73.231
1990,Greece,10258492,1.61709E+11,83.438
1991,Greece,10306643,1.67631E+11,83.408
1992,Greece,10359894,1.7026E+11,84.976
1993,Greece,10412749,1.68978E+11,84.285
1994,Greece,10466265,1.73829E+11,86.43
1995,Greece,10519233,1.7871E+11,86.963
1996,Greece,10570081,1.85481E+11,89.115
1997,Greece,10622327,1.95537E+11,93.802
1998,Greece,10675412,2.04985E+11,98.622
1999,Greece,10727952,2.13181E+11,97.935
2000,Greece,10782638,2.23531E+11,102.973
2001,Greece,10843165,2.34862E+11,105.362
2002,Greece,10890288,2.46267E+11,105.001
2003,Greece,10918466,2.6288E+11,109.067
2004,Greece,10947370,2.78668E+11,109.485
2005,Greece,10981340,2.8286E+11,113.889
2006,Greece,11016108,3.01539E+11,112.42
2007,Greece,11045737,3.1421E+11,114.546
2008,Greece,11076873,3.15974E+11,111.08
2009,Greece,11108069,3.05101E+11,104.32
2010,Greece,11124665,2.90984E+11,97.354
2011,Greece,11108841,2.66794E+11,94.505
2012,Greece,11048294,2.47887E+11,91.393
2013,Greece,10967535,2.4165E+11,81.713
2014,Greece,10893169,2.428E+11,78.636
2015,Greece,10820901,2.42324E+11,74.927
2016,Greece,10775506,2.41143E+11,71.36
2017,Greece,10753532,2.43777E+11,74.842
2018,Greece,10730845,2.47844E+11,71.778
2019,Greece,10718580,2.52514E+11,65.736
2020,Greece,10699370,2.29778E+11,55.558
2021,Greece,10579561,2.49158E+11,57.519
2022,Greece,10412481,2.63893E+11,58.08
1951,Guatemala,3177367,1.00043581E+10,0.637
1952,Guatemala,3261652,1.02135163E+10,0.645
1953,Guatemala,3348816,1.05882911E+10,0.681
1954,Guatemala,3439108,1.07829443E+10,0.744
1955,Guatemala,3533311,1.105379E+10,0.916
1956,Guatemala,3631181,1.2055894E+10,0.978
1957,Guatemala,3732746,1.273728E+10,0.985
1958,Guatemala,3837035,1.333521E+10,1.128
1959,Guatemala,3946499,1.399028E+10,1.238
1960,Guatemala,4063660,1.43336E+10,1.344
1961,Guatemala,4186205,1.49474243E+10,1.406
1962,Guatemala,4312050,1.54722806E+10,1.381
1963,Guatemala,4440270,1.69515725E+10,1.52
1964,Guatemala,4571105,1.77351E+10,1.769
1965,Guatemala,4704972,1.85094E+10,1.974
1966,Guatemala,4840960,1.953182E+10,1.74
1967,Guatemala,4978866,2.03313889E+10,1.981
1968,Guatemala,5118118,2.2122326E+10,2.139
1969,Guatemala,5257088,2.31640474E+10,2.278
1970,Guatemala,5396971,2.44933919E+10,2.296
1971,Guatemala,5538359,2.58533847E+10,2.439
1972,Guatemala,5682835,2.775387E+10,2.707
1973,Guatemala,5831638,2.96329441E+10,2.934
1974,Guatemala,5981202,3.15263529E+10,3.066
1975,Guatemala,6128733,3.214449E+10,3.52
1976,Guatemala,6262409,3.45209569E+10,3.305
1977,Guatemala,6401515,3.72129833E+10,3.804
1978,Guatemala,6561541,3.90659768E+10,4.117
1979,Guatemala,6727798,4.09118065E+10,4.678
1980,Guatemala,6900217,4.24536E+10,4.493
1981,Guatemala,7075650,4.27222221E+10,3.949
1982,Guatemala,7240248,4.122065E+10,3.607
1983,Guatemala,7419642,4.01505649E+10,3.16
1984,Guatemala,7630684,4.036122E+10,3.401
1985,Guatemala,7849691,4.01186529E+10,3.497
1986,Guatemala,8070818,4.016352E+10,3.665
1987,Guatemala,8296489,4.159968E+10,3.918
1988,Guatemala,8532102,4.32106578E+10,4.075
1989,Guatemala,8775548,4.49122632E+10,4.188
1990,Guatemala,9024776,4.630939E+10,4.972
1991,Guatemala,9272590,4.76265E+10,4.951
1992,Guatemala,9522264,5.026979E+10,5.919
1993,Guatemala,9779762,5.24867338E+10,5.578
1994,Guatemala,10043715,5.431559E+10,6.751
1995,Guatemala,10312999,5.6765526E+10,7.079
1996,Guatemala,10583526,5.84803738E+10,6.571
1997,Guatemala,10857754,6.10546729E+10,7.502
1998,Guatemala,11139145,6.41426063E+10,8.639
1999,Guatemala,11422977,6.69107855E+10,8.806
2000,Guatemala,11697592,6.873162E+10,9.765
2001,Guatemala,11969424,7.04023347E+10,10.233
2002,Guatemala,12246922,7.330396E+10,10.722
2003,Guatemala,12525844,7.53883955E+10,10.448
2004,Guatemala,12807410,7.814289E+10,11.18
2005,Guatemala,13087638,8.092096E+10,12.109
2006,Guatemala,13367454,8.523808E+10,12.177
2007,Guatemala,13652042,9.051192E+10,12.145
2008,Guatemala,13935173,9.338625E+10,10.893
2009,Guatemala,14215615,9.377378E+10,11.442
2010,Guatemala,14500117,9.639029E+10,11.098
2011,Guatemala,14792122,1.00335E+11,11.237
2012,Guatemala,15089639,1.03493E+11,11.577
2013,Guatemala,15387341,1.07099E+11,12.812
2014,Guatemala,15681725,1.11859E+11,13.827
2015,Guatemala,15971745,1.16436E+11,15.952
2016,Guatemala,16268760,1.19554E+11,16.926
2017,Guatemala,16567362,1.23237E+11,17.321
2018,Guatemala,16845688,1.27435E+11,18.523
2019,Guatemala,17103802,1.32535E+11,19.304
2020,Guatemala,17357331,1.30197E+11,17.165
2021,Guatemala,17598654,1.40588E+11,19.805
2022,Guatemala,17847877,1.46225E+11,19.114
1951,Guinea,3061981,1.42252454E+09,0.153
1952,Guinea,3111688,1.465337E+09,0.171
1953,Guinea,3162521,1.52264141E+09,0.142
1954,Guinea,3214564,1.61154278E+09,0.167
1955,Guinea,3267862,1.6665536E+09,0.166
1956,Guinea,3322502,1.72652813E+09,0.193
1957,Guinea,3378658,1.78854912E+09,0.197
1958,Guinea,3436438,1.8410345E+09,0.165
1959,Guinea,3495776,1.94585178E+09,0.158
1960,Guinea,3556755,2.02705549E+09,0.41
1961,Guinea,3619554,2.16019738E+09,0.616
1962,Guinea,3684276,2.316474E+09,0.66
1963,Guinea,3750960,2.19147827E+09,0.696
1964,Guinea,3819730,2.33022746E+09,0.7
1965,Guinea,3890723,2.48984141E+09,0.696
1966,Guinea,3964159,2.5439296E+09,0.718
1967,Guinea,4040155,2.6163497E+09,0.725
1968,Guinea,4118552,2.694162E+09,0.747
1969,Guinea,4198301,2.770583E+09,0.747
1970,Guinea,4277540,2.85989555E+09,0.791
1971,Guinea,4355205,3.01027E+09,0.813
1972,Guinea,4431292,3.07948826E+09,0.832
1973,Guinea,4506326,3.11619584E+09,0.802
1974,Guinea,4580513,3.27704858E+09,0.839
1975,Guinea,4653876,3.36028851E+09,0.843
1976,Guinea,4727031,3.6259648E+09,0.887
1977,Guinea,4801129,3.500597E+09,0.901
1978,Guinea,4877854,3.72693658E+09,0.901
1979,Guinea,4959286,3.67714739E+09,0.945
1980,Guinea,5047425,3.75810714E+09,0.964
1981,Guinea,5143296,3.77085363E+09,0.989
1982,Guinea,5247672,3.83673062E+09,0.982
1983,Guinea,5359816,3.87216128E+09,0.953
1984,Guinea,5480098,3.9227625E+09,0.978
1985,Guinea,5610369,4.117875E+09,0.993
1986,Guinea,5750670,4.22972058E+09,0.997
1987,Guinea,5900196,4.360596E+09,0.993
1988,Guinea,6056575,4.6198697E+09,1.026
1989,Guinea,6215817,4.795309E+09,1.044
1990,Guinea,6434383,4.99940659E+09,1.004
1991,Guinea,6697166,5.139872E+09,1.026
1992,Guinea,6914372,5.36257741E+09,1.059
1993,Guinea,7128176,5.69535334E+09,1.088
1994,Guinea,7345105,5.99783731E+09,1.125
1995,Guinea,7553252,6.35170253E+09,1.165
1996,Guinea,7770036,6.708782E+09,1.235
1997,Guinea,7931372,7.1242967E+09,1.29
1998,Guinea,8081994,7.467531E+09,1.363
1999,Guinea,8265123,7.849297E+09,1.433
2000,Guinea,8428837,8.142368E+09,1.491
2001,Guinea,8539964,8.5301504E+09,1.561
2002,Guinea,8674073,9.080053E+09,1.623
2003,Guinea,8870789,9.309106E+09,1.7
2004,Guinea,9062724,9.645747E+09,1.762
2005,Guinea,9245843,1.005982E+10,1.825
2006,Guinea,9441174,1.02798213E+10,1.891
2007,Guinea,9662279,1.11056691E+10,1.968
2008,Guinea,9898870,1.17307484E+10,1.997
2009,Guinea,10143540,1.17076541E+10,2.11
2010,Guinea,10396091,1.23622349E+10,2.484
2011,Guinea,10656812,1.32336988E+10,2.594
2012,Guinea,10921581,1.40873144E+10,2.422
2013,Guinea,11191874,1.47090186E+10,2.11
2014,Guinea,11472921,1.48741048E+10,2.165
2015,Guinea,11767077,1.49008753E+10,2.451
2016,Guinea,12073030,1.65335675E+10,2.741
2017,Guinea,12385668,1.8265129E+10,3.239
2018,Guinea,12704776,1.94678272E+10,3.162
2019,Guinea,13034349,2.056133E+10,3.921
2020,Guinea,13371187,2.15286477E+10,4.499
2021,Guinea,13710516,2.2615337E+10,4.126
2022,Guinea,14055137,2.36782572E+10,4.194
1951,Guinea-Bissau,549746,282127584,0.004
1952,Guinea-Bissau,553921,299616960,0.011
1953,Guinea-Bissau,557635,319656416,0.007
1954,Guinea-Bissau,560984,383462720,0.007
1955,Guinea-Bissau,564074,3.681674E+08,0.011
1956,Guinea-Bissau,566981,4.192446E+08,0.011
1957,Guinea-Bissau,569752,4.472147E+08,0.011
1958,Guinea-Bissau,572425,461805536,0.011
1959,Guinea-Bissau,575036,4.67581E+08,0.015
1960,Guinea-Bissau,577635,4.933456E+08,0.018
1961,Guinea-Bissau,582545,529381568,0.029
1962,Guinea-Bissau,589480,5.644102E+08,0.04
1963,Guinea-Bissau,594427,590831168,0.048
1964,Guinea-Bissau,588549,626761664,0.059
1965,Guinea-Bissau,575011,6.623467E+08,0.066
1966,Guinea-Bissau,566915,6.967993E+08,0.066
1967,Guinea-Bissau,569016,7.407856E+08,0.048
1968,Guinea-Bissau,578180,7.761732E+08,0.062
1969,Guinea-Bissau,581626,8.207934E+08,0.059
1970,Guinea-Bissau,584408,8.649279E+08,0.07
1971,Guinea-Bissau,586229,8.308349E+08,0.073
1972,Guinea-Bissau,586632,8.830097E+08,0.066
1973,Guinea-Bissau,592814,8.935383E+08,0.11
1974,Guinea-Bissau,613345,9.331827E+08,0.103
1975,Guinea-Bissau,650970,1.00707923E+09,0.114
1976,Guinea-Bissau,694194,1.05729619E+09,0.095
1977,Guinea-Bissau,741796,9.814653E+08,0.103
1978,Guinea-Bissau,791693,1.11063552E+09,0.103
1979,Guinea-Bissau,819876,1.1323799E+09,0.11
1980,Guinea-Bissau,829315,9.522699E+08,0.147
1981,Guinea-Bissau,842437,9.46821E+08,0.143
1982,Guinea-Bissau,855898,9.870401E+08,0.143
1983,Guinea-Bissau,869597,9.543561E+08,0.143
1984,Guinea-Bissau,883526,1.00534381E+09,0.161
1985,Guinea-Bissau,897707,1.0485575E+09,0.172
1986,Guinea-Bissau,912128,1.03895904E+09,0.183
1987,Guinea-Bissau,926872,1.09804646E+09,0.194
1988,Guinea-Bissau,942066,1.17378355E+09,0.216
1989,Guinea-Bissau,957793,1.22390669E+09,0.231
1990,Guinea-Bissau,973681,1.2618199E+09,0.172
1991,Guinea-Bissau,994641,1.3007113E+09,0.176
1992,Guinea-Bissau,1024365,1.3339017E+09,0.18
1993,Guinea-Bissau,1058754,1.36069888E+09,0.183
1994,Guinea-Bissau,1092038,1.39813555E+09,0.183
1995,Guinea-Bissau,1119951,1.448758E+09,0.183
1996,Guinea-Bissau,1143542,1.50151462E+09,0.205
1997,Guinea-Bissau,1165550,1.589254E+09,0.202
1998,Guinea-Bissau,1187478,1.31546547E+09,0.172
1999,Guinea-Bissau,1210211,1.4853641E+09,0.194
2000,Guinea-Bissau,1234746,1.4862016E+09,0.147
2001,Guinea-Bissau,1261281,1.52099059E+09,0.15
2002,Guinea-Bissau,1289316,1.50770035E+09,0.154
2003,Guinea-Bissau,1318809,1.52286912E+09,0.194
2004,Guinea-Bissau,1349570,1.57392141E+09,0.202
2005,Guinea-Bissau,1381590,1.65307046E+09,0.213
2006,Guinea-Bissau,1415315,1.701901E+09,0.216
2007,Guinea-Bissau,1450990,1.76896512E+09,0.231
2008,Guinea-Bissau,1488060,1.83784256E+09,0.227
2009,Guinea-Bissau,1526384,1.91361165E+09,0.234
2010,Guinea-Bissau,1566350,2.01543232E+09,0.238
2011,Guinea-Bissau,1608084,2.192199E+09,0.242
2012,Guinea-Bissau,1651425,2.160239E+09,0.245
2013,Guinea-Bissau,1695978,2.23834752E+09,0.245
2014,Guinea-Bissau,1741125,2.25361715E+09,0.26
2015,Guinea-Bissau,1786461,2.37269965E+09,0.278
2016,Guinea-Bissau,1831899,2.519068E+09,0.304
2017,Guinea-Bissau,1877074,2.668676E+09,0.304
2018,Guinea-Bissau,1922166,2.77162522E+09,0.311
2019,Guinea-Bissau,1967704,2.89634842E+09,0.322
2020,Guinea-Bissau,2013259,2.93979366E+09,0.297
2021,Guinea-Bissau,2058842,3.12794061E+09,0.304
2022,Guinea-Bissau,2105537,3.259314E+09,0.309
1951,Haiti,3314918,5.625048E+09,0.132
1952,Haiti,3366271,5.94642E+09,0.147
1953,Haiti,3419845,5.75575E+09,0.158
1954,Haiti,3475542,6.228504E+09,0.216
1955,Haiti,3533747,5.97624E+09,0.267
1956,Haiti,3594808,6.501019E+09,0.264
1957,Haiti,3657822,6.11448E+09,0.253
1958,Haiti,3722712,6.598235E+09,0.275
1959,Haiti,3789692,6.28575E+09,0.253
1960,Haiti,3858448,6.687873E+09,0.286
1961,Haiti,3929037,6.418242E+09,0.297
1962,Haiti,4001578,7.034144E+09,0.304
1963,Haiti,4073068,6.5794E+09,0.249
1964,Haiti,4146246,6.43204E+09,0.3
1965,Haiti,4223823,6.501272E+09,0.304
1966,Haiti,4302647,6.460734E+09,0.304
1967,Haiti,4383004,6.323694E+09,0.26
1968,Haiti,4465328,6.57756E+09,0.264
1969,Haiti,4549342,6.790569E+09,0.315
1970,Haiti,4635126,7.115747E+09,0.384
1971,Haiti,4723251,7.569835E+09,0.403
1972,Haiti,4813866,7.646895E+09,0.392
1973,Haiti,4906745,8.005738E+09,0.421
1974,Haiti,5001804,8.476572E+09,0.472
1975,Haiti,5099096,8.566138E+09,0.483
1976,Haiti,5198353,9.29244E+09,0.672
1977,Haiti,5299481,9.341936E+09,0.704
1978,Haiti,5402579,9.79693E+09,0.751
1979,Haiti,5507590,1.05296251E+10,0.75
1980,Haiti,5614494,1.13114286E+10,0.745
1981,Haiti,5723726,1.098858E+10,0.759
1982,Haiti,5835938,1.05901947E+10,0.817
1983,Haiti,5951100,1.06925445E+10,0.886
1984,Haiti,6069237,1.072785E+10,0.903
1985,Haiti,6190868,1.07909755E+10,0.93
1986,Haiti,6316123,1.07284449E+10,0.83
1987,Haiti,6445124,1.065547E+10,0.899
1988,Haiti,6578150,1.09867592E+10,1.008
1989,Haiti,6714732,1.06627338E+10,1.023
1990,Haiti,6854444,1.077345E+10,0.995
1991,Haiti,6995456,1.11567237E+10,0.976
1992,Haiti,7136576,1.07256832E+10,0.889
1993,Haiti,7278182,1.03028675E+10,0.684
1994,Haiti,7419777,9.21506E+09,0.183
1995,Haiti,7562551,1.02894356E+10,0.876
1996,Haiti,7707560,1.08821012E+10,1.019
1997,Haiti,7854304,1.13469747E+10,1.348
1998,Haiti,8002146,1.178095E+10,1.235
1999,Haiti,8151302,1.22897674E+10,1.271
2000,Haiti,8303151,1.25901179E+10,1.634
2001,Haiti,8455916,1.2654293E+10,1.471
2002,Haiti,8607647,1.2820096E+10,1.785
2003,Haiti,8759912,1.30726011E+10,1.7
2004,Haiti,8910267,1.28089477E+10,1.652
2005,Haiti,9061274,1.324537E+10,1.724
2006,Haiti,9216568,1.375984E+10,1.752
2007,Haiti,9373301,1.44371108E+10,1.772
2008,Haiti,9530783,1.47896289E+10,1.761
2009,Haiti,9689586,1.54828954E+10,1.888
2010,Haiti,9803299,1.48697262E+10,2.137
2011,Haiti,9914904,1.593616E+10,2.273
2012,Haiti,10069769,1.63934822E+10,2.264
2013,Haiti,10222365,1.70856837E+10,2.706
2014,Haiti,10373241,1.75722025E+10,2.705
2015,Haiti,10523249,1.78624676E+10,2.661
2016,Haiti,10671460,1.833715E+10,2.98
2017,Haiti,10817758,1.882257E+10,3.139
2018,Haiti,10962373,1.9129086E+10,3.407
2019,Haiti,11105164,1.87994726E+10,3.128
2020,Haiti,11243847,1.81855212E+10,3.238
2021,Haiti,11374592,1.785117E+10,3.484
2022,Haiti,11503604,1.75509176E+10,3.381
1951,Honduras,1601494,3.04567859E+09,0.348
1952,Honduras,1645832,3.16085453E+09,0.359
1953,Honduras,1691966,3.411884E+09,0.333
1954,Honduras,1739821,3.21708518E+09,0.377
1955,Honduras,1789399,3.30116685E+09,0.436
1956,Honduras,1840670,3.567248E+09,0.454
1957,Honduras,1893584,3.73021184E+09,0.575
1958,Honduras,1948157,3.85131162E+09,0.586
1959,Honduras,2004321,3.94741427E+09,0.586
1960,Honduras,2062067,4.19017114E+09,0.615
1961,Honduras,2121245,4.299816E+09,0.736
1962,Honduras,2182063,4.54401229E+09,0.7
1963,Honduras,2244885,4.7152297E+09,0.711
1964,Honduras,2309860,4.961633E+09,0.722
1965,Honduras,2377162,5.389674E+09,0.751
1966,Honduras,2446753,5.70585446E+09,0.806
1967,Honduras,2518649,6.02666035E+09,0.875
1968,Honduras,2593056,6.381909E+09,1.223
1969,Honduras,2670286,6.43403162E+09,1.176
1970,Honduras,2750721,6.60075264E+09,1.388
1971,Honduras,2834624,6.86554E+09,1.329
1972,Honduras,2922075,7.258677E+09,1.533
1973,Honduras,3011470,7.829936E+09,1.506
1974,Honduras,3099844,7.73414963E+09,1.553
1975,Honduras,3193238,7.89907251E+09,1.661
1976,Honduras,3294462,8.728615E+09,1.771
1977,Honduras,3398659,9.63593E+09,1.993
1978,Honduras,3505466,1.06033E+10,2.039
1979,Honduras,3614989,1.10930145E+10,1.923
1980,Honduras,3727179,1.11700767E+10,2.038
1981,Honduras,3841779,1.145143E+10,1.808
1982,Honduras,3958734,1.12933376E+10,1.749
1983,Honduras,4078178,1.11920015E+10,1.976
1984,Honduras,4199856,1.16786616E+10,1.957
1985,Honduras,4323339,1.216489E+10,1.886
1986,Honduras,4448906,1.22565837E+10,1.825
1987,Honduras,4576911,1.29965978E+10,2.144
1988,Honduras,4707684,1.35946107E+10,2.465
1989,Honduras,4841842,1.41876634E+10,2.68
1990,Honduras,4980491,1.4201086E+10,2.505
1991,Honduras,5123796,1.477767E+10,2.527
1992,Honduras,5271437,1.57333432E+10,2.803
1993,Honduras,5423253,1.68478935E+10,2.941
1994,Honduras,5579247,1.6756479E+10,3.231
1995,Honduras,5739636,1.75792435E+10,3.836
1996,Honduras,5903962,1.83588966E+10,3.876
1997,Honduras,6071458,1.942798E+10,4.01
1998,Honduras,6234437,2.01506632E+10,4.811
1999,Honduras,6400469,1.99284326E+10,4.705
2000,Honduras,6577780,2.12393062E+10,5.032
2001,Honduras,6757992,2.19929539E+10,5.665
2002,Honduras,6938867,2.29836329E+10,5.945
2003,Honduras,7119213,2.42054267E+10,6.687
2004,Honduras,7299005,2.59101082E+10,7.194
2005,Honduras,7478362,2.77049815E+10,6.835
2006,Honduras,7656831,2.97693983E+10,7.698
2007,Honduras,7834805,3.18717215E+10,8.216
2008,Honduras,8012590,3.34843064E+10,8.533
2009,Honduras,8189904,3.2923392E+10,8.03
2010,Honduras,8365882,3.44096031E+10,7.997
2011,Honduras,8540587,3.599076E+10,8.86
2012,Honduras,8715080,3.744369E+10,9.218
2013,Honduras,8889277,3.84467E+10,9.365
2014,Honduras,9063127,3.9484543E+10,9.481
2015,Honduras,9237305,4.07578E+10,10.348
2016,Honduras,9412380,4.212531E+10,9.722
2017,Honduras,9588143,4.39361044E+10,10.231
2018,Honduras,9765209,4.54778921E+10,9.861
2019,Honduras,9943637,4.66845164E+10,11.219
2020,Honduras,10119637,4.2499285E+10,9.526
2021,Honduras,10289882,4.78261821E+10,10.188
2022,Honduras,10463881,4.97382564E+10,10.482
1951,Hungary,9423178,4.04812063E+10,22.185
1952,Hungary,9503934,4.18461123E+10,27.208
1953,Hungary,9594482,4.26113966E+10,31.766
1954,Hungary,9704596,4.40943575E+10,34.009
1955,Hungary,9823216,4.808355E+10,35.705
1956,Hungary,9853996,4.590775E+10,33.163
1957,Hungary,9837928,4.969679E+10,38.446
1958,Hungary,9880680,5.30366956E+10,39.244
1959,Hungary,9936845,5.518016E+10,41.903
1960,Hungary,9983383,5.80641055E+10,45.328
1961,Hungary,10026516,6.10064056E+10,48.93
1962,Hungary,10058067,6.35478467E+10,50.512
1963,Hungary,10083840,6.7044606E+10,56.228
1964,Hungary,10114375,7.080726E+10,62.341
1965,Hungary,10141117,7.136498E+10,61.234
1966,Hungary,10170410,7.542686E+10,61.673
1967,Hungary,10206813,7.975291E+10,58.771
1968,Hungary,10244548,8.07227556E+10,61.093
1969,Hungary,10281594,8.313341E+10,62.358
1970,Hungary,10315140,8.285109E+10,69.935
1971,Hungary,10343972,8.653629E+10,69.208
1972,Hungary,10374303,8.840175E+10,69.35
1973,Hungary,10407440,9.299978E+10,72.975
1974,Hungary,10453918,9.540376E+10,74.001
1975,Hungary,10515653,9.74509343E+10,75.276
1976,Hungary,10573771,9.774456E+10,79.88
1977,Hungary,10623146,1.03872E+11,83.053
1978,Hungary,10660187,1.06381E+11,88.02
1979,Hungary,10688256,1.06597E+11,86.052
1980,Hungary,10695370,1.07668E+11,86.677
1981,Hungary,10679329,1.08436E+11,86.427
1982,Hungary,10656106,1.12333E+11,86.678
1983,Hungary,10622986,1.11181E+11,88.937
1984,Hungary,10584329,1.14106E+11,90.647
1985,Hungary,10547258,1.113E+11,86.927
1986,Hungary,10511100,1.13513E+11,85.484
1987,Hungary,10475104,1.15265E+11,85.512
1988,Hungary,10440534,1.17029E+11,81.546
1989,Hungary,10403420,1.14409E+11,79.908
1990,Hungary,10381280,1.06789E+11,73.427
1991,Hungary,10378175,9.582522E+10,69.825
1992,Hungary,10371477,9.45677844E+10,62.281
1993,Hungary,10356868,9.574069E+10,62.991
1994,Hungary,10339937,1.00339E+11,61.88
1995,Hungary,10322790,1.04752E+11,61.464
1996,Hungary,10302236,1.06887E+11,63.083
1997,Hungary,10278600,1.12677E+11,61.676
1998,Hungary,10251715,1.19819E+11,61.255
1999,Hungary,10219797,1.26176E+11,61.575
2000,Hungary,10190596,1.34152E+11,58.244
2001,Hungary,10166692,1.42043E+11,59.828
2002,Hungary,10138462,1.51457E+11,58.842
2003,Hungary,10108970,1.60456E+11,61.611
2004,Hungary,10085789,1.71925E+11,59.985
2005,Hungary,10065704,1.83107E+11,60.142
2006,Hungary,10049947,1.94033E+11,59.529
2007,Hungary,10034084,1.98872E+11,58.449
2008,Hungary,10016655,2.0472E+11,57.184
2009,Hungary,10001382,1.95181E+11,51.457
2010,Hungary,9979129,2.00497E+11,51.993
2011,Hungary,9946675,2.08408E+11,50.156
2012,Hungary,9916620,2.05802E+11,46.72
2013,Hungary,9889344,2.09512E+11,43.487
2014,Hungary,9862843,2.18379E+11,43.639
2015,Hungary,9839210,2.26475E+11,46.567
2016,Hungary,9810530,2.31459E+11,47.039
2017,Hungary,9785606,2.41347E+11,49.424
2018,Hungary,9774395,2.54289E+11,49.376
2019,Hungary,9770346,2.66658E+11,49.166
2020,Hungary,9749460,2.54564E+11,47.107
2021,Hungary,9707848,2.72892E+11,48.331
2022,Hungary,9684306,2.85385E+11,44.843
1951,Iceland,145431,1.17648026E+09,0.645
1952,Iceland,147778,1.30546867E+09,0.777
1953,Iceland,150751,1.34210586E+09,0.916
1954,Iceland,154272,1.460002E+09,0.78
1955,Iceland,157750,1.59561216E+09,0.912
1956,Iceland,161090,1.66569869E+09,0.949
1957,Iceland,164768,1.66414374E+09,0.964
1958,Iceland,168489,1.783572E+09,1.092
1959,Iceland,172010,1.84410445E+09,1.238
1960,Iceland,175572,1.92724979E+09,1.212
1961,Iceland,179014,1.9192928E+09,1.092
1962,Iceland,182360,2.081776E+09,1.198
1963,Iceland,185658,2.293658E+09,1.304
1964,Iceland,189043,2.527906E+09,1.308
1965,Iceland,192345,2.71126067E+09,1.396
1966,Iceland,195604,2.9454953E+09,1.494
1967,Iceland,198796,2.909014E+09,1.443
1968,Iceland,201520,2.74659174E+09,1.593
1969,Iceland,203382,2.81652966E+09,1.264
1970,Iceland,204486,3.02686234E+09,1.388
1971,Iceland,206171,3.42236365E+09,1.472
1972,Iceland,209211,3.6342697E+09,1.483
1973,Iceland,212387,3.88137677E+09,1.75
1974,Iceland,215271,4.10278349E+09,1.738
1975,Iceland,218032,4.128417E+09,1.613
1976,Iceland,220197,4.375584E+09,1.701
1977,Iceland,221841,4.76143053E+09,1.903
1978,Iceland,223580,5.04837069E+09,1.921
1979,Iceland,225765,5.29223373E+09,1.983
1980,Iceland,228147,5.596333E+09,1.862
1981,Iceland,230752,5.835623E+09,1.748
1982,Iceland,233851,5.96154163E+09,1.594
1983,Iceland,236969,5.83239373E+09,1.543
1984,Iceland,239513,6.072951E+09,1.81
1985,Iceland,241414,6.274064E+09,1.623
1986,Iceland,243196,6.66764954E+09,1.78
1987,Iceland,245865,7.23653734E+09,1.845
1988,Iceland,249732,7.23017267E+09,1.841
1989,Iceland,252861,7.24167834E+09,1.896
1990,Iceland,254844,7.32571853E+09,2.222
1991,Iceland,257814,7.28859034E+09,2.103
1992,Iceland,261087,7.011078E+09,2.25
1993,Iceland,263758,7.07687834E+09,2.401
1994,Iceland,266061,7.30185472E+09,2.35
1995,Iceland,267517,7.28095539E+09,2.469
1996,Iceland,268968,7.60191744E+09,2.523
1997,Iceland,271193,8.108418E+09,2.619
1998,Iceland,274119,8.607334E+09,2.639
1999,Iceland,277450,8.919642E+09,2.841
2000,Iceland,281294,9.307402E+09,2.933
2001,Iceland,285060,9.632095E+09,2.865
2002,Iceland,287609,9.623437E+09,2.992
2003,Iceland,289615,9.810547E+09,2.986
2004,Iceland,292171,1.05919273E+10,3.108
2005,Iceland,296851,1.12068618E+10,2.977
2006,Iceland,303883,1.17755085E+10,3.155
2007,Iceland,311661,1.27987251E+10,3.495
2008,Iceland,317519,1.30311148E+10,3.812
2009,Iceland,318619,1.20310374E+10,3.732
2010,Iceland,318163,1.153145E+10,3.627
2011,Iceland,319140,1.17167534E+10,3.504
2012,Iceland,320847,1.18413763E+10,3.499
2013,Iceland,323891,1.238045E+10,3.488
2014,Iceland,327516,1.25893335E+10,3.445
2015,Iceland,330962,1.31478815E+10,3.541
2016,Iceland,335572,1.39766825E+10,3.494
2017,Iceland,343536,1.45629983E+10,3.611
2018,Iceland,352861,1.5275007E+10,3.667
2019,Iceland,360709,1.55507466E+10,3.556
2020,Iceland,366626,1.44245811E+10,3.341
2021,Iceland,372649,1.50496584E+10,3.508
2022,Iceland,380368,1.601954E+10,3.613
1951,India,353870058,3.62445E+11,64.022
1952,India,361874904,3.73116E+11,67.426
1953,India,370104571,3.96813E+11,68.705
1954,India,378687141,4.13406E+11,72.414
1955,India,387700891,4.23654E+11,78.788
1956,India,396988906,4.47917E+11,81.656
1957,India,406253895,4.43356E+11,91.635
1958,India,415777437,4.76938E+11,95.816
1959,India,425780669,4.86918E+11,101.447
1960,India,435990344,5.208E+11,111.325
1961,India,446564730,5.36352E+11,120.404
1962,India,457283092,5.48432E+11,132.582
1963,India,468138576,5.76288E+11,142.444
1964,India,479229599,6.20466E+11,139.488
1965,India,490140141,5.96065E+11,153.702
1966,India,500740250,6.01425E+11,159.373
1967,India,511606375,6.50716E+11,159.556
1968,India,522716894,6.6822E+11,174.069
1969,India,533880544,7.12563E+11,177.413
1970,India,545864268,7.48744E+11,181.723
1971,India,558096383,7.55656E+11,191.964
1972,India,570482142,7.53543E+11,203.036
1973,India,583465595,7.888E+11,209.095
1974,India,597041392,7.96992E+11,215.853
1975,India,611309532,8.6801E+11,234.209
1976,India,625861887,8.7854E+11,244.749
1977,India,640801105,9.47196E+11,258.962
1978,India,655728226,9.9792E+11,263.15
1979,India,671155745,9.47528E+11,276.285
1980,India,687354031,1.0151E+12,291.711
1981,India,703696255,1.07744E+12,314.966
1982,India,720313474,1.11156E+12,325.38
1983,India,737372685,1.20235E+12,352.199
1984,India,754875451,1.24891E+12,361.559
1985,India,772647801,1.2986E+12,397.592
1986,India,790689978,1.35311E+12,426.309
1987,India,808931261,1.41288E+12,455.343
1988,India,827342997,1.56009E+12,491.692
1989,India,846039530,1.66373E+12,540.651
1990,India,864972219,1.75099E+12,577.996
1991,India,883927607,1.76849E+12,615.365
1992,India,902957072,1.85171E+12,655.447
1993,India,922118380,1.94435E+12,677.299
1994,India,941163775,2.05503E+12,714.064
1995,India,960301048,2.18954E+12,760.462
1996,India,979678464,2.34523E+12,823.621
1997,India,999133765,2.4268E+12,858.011
1998,India,1018665073,2.56785E+12,875.772
1999,India,1038225821,2.71035E+12,960.763
2000,India,1057922728,2.80448E+12,986.445
2001,India,1077898572,2.94075E+12,1000.527
2002,India,1097600381,3.02498E+12,1032.14
2003,India,1116802997,3.25111E+12,1067.737
2004,India,1135991510,3.49502E+12,1133.828
2005,India,1154676319,3.75263E+12,1194.592
2006,India,1172878890,4.06986E+12,1292.485
2007,India,1190676028,4.40321E+12,1392.506
2008,India,1207930962,4.64955E+12,1489.437
2009,India,1225524760,4.99348E+12,1612.216
2010,India,1243481564,5.36137E+12,1677.337
2011,India,1261224952,5.72069E+12,1764.712
2012,India,1278674506,6.05243E+12,1925.7
2013,India,1295829506,6.42447E+12,1995.098
2014,India,1312277184,6.87519E+12,2148.344
2015,India,1328024492,7.39152E+12,2234.219
2016,India,1343944293,8.05747E+12,2354.658
2017,India,1359657392,8.55003E+12,2426.607
2018,India,1374659068,9.1732E+12,2593.058
2019,India,1389030303,9.59546E+12,2612.888
2020,India,1402617692,8.94531E+12,2421.552
2021,India,1414203889,9.80162E+12,2674.222
2022,India,1425423212,1.04762E+13,2831.166
1951,Indonesia,70286312,1.13596E+11,9.39
1952,Indonesia,71876439,1.19009E+11,12.721
1953,Indonesia,73569145,1.25028E+11,13.08
1954,Indonesia,75367369,1.32649E+11,14.747
1955,Indonesia,77273504,1.36433E+11,20.844
1956,Indonesia,79282556,1.38179E+11,21.811
1957,Indonesia,81390843,1.47685E+11,22.412
1958,Indonesia,83592765,1.42312E+11,22.206
1959,Indonesia,85892868,1.48374E+11,23.862
1960,Indonesia,88296073,1.54785E+11,21.385
1961,Indonesia,90791250,1.64961E+11,26.002
1962,Indonesia,93375848,1.64673E+11,22.975
1963,Indonesia,96051425,1.58307E+11,22.763
1964,Indonesia,98833757,1.6427E+11,22.374
1965,Indonesia,101365131,1.65966E+11,24.668
1966,Indonesia,103792757,1.65938E+11,23.375
1967,Indonesia,106526397,1.62199E+11,24.54
1968,Indonesia,109450007,1.77944E+11,27.563
1969,Indonesia,112517638,1.99908E+11,33.362
1970,Indonesia,115657496,2.20831E+11,35.791
1971,Indonesia,118833699,2.33066E+11,38.955
1972,Indonesia,122039843,2.59469E+11,43.306
1973,Indonesia,125288516,2.97901E+11,49.098
1974,Indonesia,128555052,3.13093E+11,51.227
1975,Indonesia,131843849,3.13088E+11,53.933
1976,Indonesia,135173656,3.40621E+11,61.788
1977,Indonesia,138533539,3.67092E+11,82.416
1978,Indonesia,141953163,3.83795E+11,93.938
1979,Indonesia,145434830,4.04846E+11,95.137
1980,Indonesia,148950537,4.39668E+11,94.873
1981,Indonesia,152485036,4.69899E+11,100.297
1982,Indonesia,156052154,4.52606E+11,105.584
1983,Indonesia,159651382,4.7068E+11,105.184
1984,Indonesia,163251124,5.03306E+11,112.46
1985,Indonesia,166776182,5.15643E+11,121.597
1986,Indonesia,170175064,5.45914E+11,122.166
1987,Indonesia,173511158,5.72867E+11,123.878
1988,Indonesia,176855069,6.05642E+11,132.721
1989,Indonesia,180201637,6.60042E+11,131.674
1990,Indonesia,183501097,7.18549E+11,155.081
1991,Indonesia,186778237,7.8644E+11,174.865
1992,Indonesia,190043743,8.4178E+11,199.419
1993,Indonesia,193305171,9.12703E+11,215.109
1994,Indonesia,196591830,9.862E+11,219.372
1995,Indonesia,199888054,1.0722E+12,222.41
1996,Indonesia,203204352,1.16128E+12,253.065
1997,Indonesia,206536090,1.22145E+12,279.941
1998,Indonesia,209826791,1.06607E+12,244.523
1999,Indonesia,213004666,1.07938E+12,292.001
2000,Indonesia,216077791,1.1383E+12,281.33
2001,Indonesia,219097906,1.18522E+12,317.027
2002,Indonesia,222088499,1.24425E+12,308.486
2003,Indonesia,225048004,1.30981E+12,339.357
2004,Indonesia,227926647,1.38745E+12,343.022
2005,Indonesia,230871649,1.47488E+12,347.617
2006,Indonesia,233951650,1.56501E+12,346.633
2007,Indonesia,237062339,1.67423E+12,387.858
2008,Indonesia,240157901,1.80949E+12,365.718
2009,Indonesia,243220024,1.90572E+12,398.942
2010,Indonesia,246305326,2.03933E+12,445.806
2011,Indonesia,249470029,2.17818E+12,500.725
2012,Indonesia,252698526,2.30953E+12,515.954
2013,Indonesia,255852466,2.43788E+12,489.055
2014,Indonesia,258877397,2.55993E+12,487.89
2015,Indonesia,261799249,2.68476E+12,539.149
2016,Indonesia,264627428,2.81989E+12,540.086
2017,Indonesia,267346655,2.96285E+12,556.944
2018,Indonesia,269951847,3.11616E+12,594.101
2019,Indonesia,272489379,3.27257E+12,653.792
2020,Indonesia,274814864,3.20497E+12,608.223
2021,Indonesia,276758056,3.32365E+12,619.622
2022,Indonesia,278830529,3.50009E+12,737.073
1951,Iran,16921281,4.48402964E+10,6.914
1952,Iran,17344434,4.484315E+10,4.092
1953,Iran,17778109,4.488663E+10,3.829
1954,Iran,18226205,4.48843653E+10,1.044
1955,Iran,18700800,4.486281E+10,15.813
1956,Iran,19204391,4.88717E+10,22.808
1957,Iran,19726844,5.570086E+10,21.8
1958,Iran,20266510,6.217875E+10,25.229
1959,Iran,20846778,6.752757E+10,25.569
1960,Iran,21470433,7.405907E+10,37.359
1961,Iran,22125729,8.03384852E+10,36.509
1962,Iran,22807908,8.18920243E+10,37.428
1963,Iran,23519008,9.092197E+10,41.305
1964,Iran,24262863,9.750051E+10,47.519
1965,Iran,25036982,1.09476E+11,53.718
1966,Iran,25829273,1.20467E+11,64.103
1967,Iran,26628431,1.34024E+11,67.881
1968,Iran,27437390,1.5423E+11,82.33
1969,Iran,28273481,1.74223E+11,83.039
1970,Iran,29145099,1.92659E+11,91.787
1971,Iran,30029069,2.1653E+11,101.628
1972,Iran,30921177,2.51717E+11,106.015
1973,Iran,31839836,2.73302E+11,129.475
1974,Iran,32796455,2.97539E+11,143.775
1975,Iran,33802973,3.11929E+11,139.214
1976,Iran,34837283,3.65375E+11,156.49
1977,Iran,35933180,3.60749E+11,163.806
1978,Iran,37126534,3.18003E+11,162.289
1979,Iran,38424956,2.90524E+11,163.137
1980,Iran,39842324,2.49697E+11,120.695
1981,Iran,41989316,2.42199E+11,113.273
1982,Iran,44272142,2.80255E+11,138.132
1983,Iran,46029541,3.17243E+11,150.028
1984,Iran,47793999,3.22589E+11,150.401
1985,Iran,49582288,3.30378E+11,160.486
1986,Iran,51446047,2.99362E+11,148.305
1987,Iran,53323493,2.94831E+11,159.34
1988,Iran,55072694,2.78183E+11,175.962
1989,Iran,56704919,2.88904E+11,191.114
1990,Iran,58380097,3.18478E+11,211.075
1991,Iran,59986931,3.76283E+11,223.046
1992,Iran,61184982,4.24985E+11,228.194
1993,Iran,61403548,4.1999E+11,236.993
1994,Iran,61520597,4.19488E+11,264.822
1995,Iran,62205571,4.37566E+11,270.875
1996,Iran,62881296,4.83475E+11,276.62
1997,Iran,63639637,5.12736E+11,269.263
1998,Iran,64519866,5.411E+11,305.642
1999,Iran,65445389,5.63869E+11,374.452
2000,Iran,66418662,5.95555E+11,367.213
2001,Iran,67452003,6.3657E+11,389.909
2002,Iran,68011316,6.9806E+11,397.031
2003,Iran,68769345,7.7997E+11,410.967
2004,Iran,70256316,8.49442E+11,442.119
2005,Iran,71828456,9.08856E+11,466.784
2006,Iran,73392746,9.95245E+11,501.018
2007,Iran,74602646,1.09878E+12,507.775
2008,Iran,75514200,1.13237E+12,528.536
2009,Iran,76457832,1.20813E+12,543.413
2010,Iran,77420852,1.31051E+12,561.496
2011,Iran,78383602,1.34505E+12,576.146
2012,Iran,79370583,1.32457E+12,599.121
2013,Iran,80414688,1.2871E+12,609.839
2014,Iran,81502045,1.35274E+12,644.151
2015,Iran,82619365,1.33101E+12,641.911
2016,Iran,83812229,1.41372E+12,644.684
2017,Iran,85026761,1.48667E+12,696.4
2018,Iran,86118000,1.48361E+12,689.783
2019,Iran,87051647,1.43875E+12,735.347
2020,Iran,87723446,1.4462E+12,756.606
2021,Iran,88455491,1.52552E+12,779.756
2022,Iran,89524247,1.57221E+12,800.747
1951,Iraq,5774131,1.22058609E+10,2.429
1952,Iraq,5913013,1.35064627E+10,1.96
1953,Iraq,6064248,1.89691269E+10,2.527
1954,Iraq,6219477,2.25452585E+10,3.048
1955,Iraq,6366279,2.16236155E+10,4.099
1956,Iraq,6507499,2.31278612E+10,6.395
1957,Iraq,6633380,2.29075251E+10,5.97
1958,Iraq,6741681,2.55651553E+10,6.666
1959,Iraq,6870386,2.66445947E+10,7.314
1960,Iraq,7022057,2.974405E+10,8.256
1961,Iraq,7194560,3.3164032E+10,8.709
1962,Iraq,7413874,3.481841E+10,9.021
1963,Iraq,7667932,3.4189525E+10,9.383
1964,Iraq,7929573,3.82854676E+10,9.064
1965,Iraq,8202146,4.177468E+10,19.293
1966,Iraq,8485102,4.39875256E+10,27.676
1967,Iraq,8778877,4.296274E+10,18.373
1968,Iraq,9085015,5.059936E+10,19.696
1969,Iraq,9403357,5.23114824E+10,22.601
1970,Iraq,9735611,5.21140838E+10,23.884
1971,Iraq,10077817,5.53372836E+10,28.832
1972,Iraq,10430169,5.32957962E+10,29.52
1973,Iraq,10795873,6.22245028E+10,30.613
1974,Iraq,11167770,6.556668E+10,30.909
1975,Iraq,11543643,7.646826E+10,33.12
1976,Iraq,11927651,9.203242E+10,48.735
1977,Iraq,12331052,9.455236E+10,43.63
1978,Iraq,12753354,1.11778E+11,42.193
1979,Iraq,13170374,1.37503E+11,52.823
1980,Iraq,13591998,1.34512E+11,45.358
1981,Iraq,14006380,1.10104E+11,31.901
1982,Iraq,14406080,1.09191E+11,30.374
1983,Iraq,14840555,9.970835E+10,38.465
1984,Iraq,15310730,9.995348E+10,39.771
1985,Iraq,15683430,9.836761E+10,44.196
1986,Iraq,16074147,9.735406E+10,47.23
1987,Iraq,16521051,1.00119E+11,52.184
1988,Iraq,16908823,7.897152E+10,67.127
1989,Iraq,17364553,7.199536E+10,72.242
1990,Iraq,17581208,7.105176E+10,49.057
1991,Iraq,17767257,2.65383322E+10,45.185
1992,Iraq,18300849,3.65506232E+10,58.889
1993,Iraq,19201194,3.92444477E+10,63.13
1994,Iraq,20139819,3.99939052E+10,76.437
1995,Iraq,20825860,3.90499656E+10,79.695
1996,Iraq,21501321,4.71306772E+10,74.71
1997,Iraq,22176603,4.85943665E+10,76.174
1998,Iraq,22884401,5.986919E+10,80.837
1999,Iraq,23636530,6.96972657E+10,82.043
2000,Iraq,24424059,8.301921E+10,83.266
2001,Iraq,25197841,9.721951E+10,96.332
2002,Iraq,26006558,1.12142E+11,96.54
2003,Iraq,26802660,9.44806E+10,101.267
2004,Iraq,27577878,1.55937E+11,112.803
2005,Iraq,28407450,1.70896E+11,114.02
2006,Iraq,28616518,1.90083E+11,98.564
2007,Iraq,28391605,2.00529E+11,61.086
2008,Iraq,28971042,2.31588E+11,93.938
2009,Iraq,30058207,2.59746E+11,104.815
2010,Iraq,31045365,2.97507E+11,113.536
2011,Iraq,32161425,3.44221E+11,122.937
2012,Iraq,33654841,3.92191E+11,133.421
2013,Iraq,35281987,4.22108E+11,141.053
2014,Iraq,36550059,4.25223E+11,137.021
2015,Iraq,37560535,4.36011E+11,141.987
2016,Iraq,38469629,5.0228E+11,152.422
2017,Iraq,39337357,4.85208E+11,166.704
2018,Iraq,40265629,5.08027E+11,184.777
2019,Iraq,41192172,5.37548E+11,190.234
2020,Iraq,42116604,4.53148E+11,161.115
2021,Iraq,43071210,4.87936E+11,159.045
2022,Iraq,44070556,5.27639E+11,171.279
1951,Ireland,2936865,1.67171482E+10,10.507
1952,Ireland,2941462,1.71372657E+10,9.62
1953,Ireland,2929083,1.76042885E+10,9.535
1954,Ireland,2915173,1.776158E+10,9.092
1955,Ireland,2899543,1.822E+10,11.715
1956,Ireland,2883752,1.798531E+10,10.923
1957,Ireland,2869102,1.79572142E+10,9.718
1958,Ireland,2854004,1.759104E+10,8.956
1959,Ireland,2839215,1.83006556E+10,12.312
1960,Ireland,2827691,1.93284E+10,11.169
1961,Ireland,2824696,2.02523034E+10,12.353
1962,Ireland,2831498,2.09137E+10,13.107
1963,Ireland,2843036,2.190225E+10,13.447
1964,Ireland,2857168,2.27630715E+10,14.216
1965,Ireland,2873156,2.31546757E+10,13.717
1966,Ireland,2888886,2.33517486E+10,15.095
1967,Ireland,2905421,2.47407534E+10,16.395
1968,Ireland,2922791,2.6786263E+10,17.802
1969,Ireland,2940760,2.83958743E+10,18.494
1970,Ireland,2961404,2.91499377E+10,19.394
1971,Ireland,2993120,3.0164222E+10,22.476
1972,Ireland,3037155,3.2122153E+10,22.036
1973,Ireland,3084438,3.36392479E+10,22.846
1974,Ireland,3132176,3.50691451E+10,23.293
1975,Ireland,3180118,3.70536735E+10,22.048
1976,Ireland,3228395,3.75683645E+10,22.293
1977,Ireland,3277756,4.06533571E+10,23.569
1978,Ireland,3329185,4.35791E+10,23.58
1979,Ireland,3375807,4.4914946E+10,27.403
1980,Ireland,3415239,4.63012127E+10,26.272
1981,Ireland,3448826,4.78391542E+10,26.062
1982,Ireland,3475531,4.893228E+10,25.566
1983,Ireland,3497613,4.88142234E+10,25.729
1984,Ireland,3515954,5.09411164E+10,25.549
1985,Ireland,3531274,5.251236E+10,26.75
1986,Ireland,3541875,5.22861036E+10,28.55
1987,Ireland,3540381,5.47197747E+10,30.226
1988,Ireland,3525093,5.75783649E+10,29.884
1989,Ireland,3511071,6.092943E+10,30.061
1990,Ireland,3514015,6.60874732E+10,32.945
1991,Ireland,3534260,6.79319552E+10,33.675
1992,Ireland,3558417,7.126099E+10,33.496
1993,Ireland,3576120,7.376738E+10,33.717
1994,Ireland,3590161,7.895877E+10,34.839
1995,Ireland,3610696,8.74445046E+10,35.853
1996,Ireland,3638507,9.638032E+10,37.469
1997,Ireland,3672287,1.08003E+11,38.805
1998,Ireland,3711075,1.18589E+11,40.708
1999,Ireland,3752937,1.32917E+11,42.44
2000,Ireland,3802590,1.47722E+11,45.25
2001,Ireland,3862978,1.58385E+11,47.608
2002,Ireland,3928440,1.69226E+11,46.081
2003,Ireland,3992938,1.77469E+11,45.684
2004,Ireland,4066064,1.91403E+11,46.167
2005,Ireland,4155282,2.04898E+11,48.153
2006,Ireland,4268774,2.19163E+11,47.597
2007,Ireland,4393518,2.30372E+11,47.657
2008,Ireland,4485992,2.23067E+11,47.359
2009,Ireland,4533750,2.15181E+11,42.191
2010,Ireland,4559083,2.21852E+11,41.792
2011,Ireland,4579604,2.24397E+11,38.054
2012,Ireland,4600137,2.17872E+11,38.224
2013,Ireland,4624687,2.22739E+11,37.279
2014,Ireland,4658237,2.36178E+11,36.85
2015,Ireland,4702497,2.49956E+11,38.716
2016,Ireland,4753505,2.55118E+11,40.367
2017,Ireland,4810258,2.66529E+11,39.076
2018,Ireland,4872557,2.825E+11,39.009
2019,Ireland,4933491,2.94504E+11,37.323
2020,Ireland,4982604,2.74762E+11,35.124
2021,Ireland,5028430,2.8764E+11,37.544
2022,Ireland,5110013,3.08391E+11,36.711
1951,Israel,1351813,7.50214E+09,2.918
1952,Israel,1414225,7.82577254E+09,3.659
1953,Israel,1476336,7.732001E+09,4.04
1954,Israel,1538044,9.205238E+09,4.325
1955,Israel,1599497,1.04532173E+10,4.815
1956,Israel,1660639,1.13834127E+10,4.794
1957,Israel,1720530,1.2372224E+10,5.171
1958,Israel,1779006,1.32622561E+10,5.537
1959,Israel,1836348,1.4935423E+10,5.603
1960,Israel,1891941,1.59177318E+10,6.46
1961,Israel,1956894,1.76565862E+10,7.061
1962,Israel,2040967,1.940235E+10,7.932
1963,Israel,2135049,2.145539E+10,8.2
1964,Israel,2231855,2.3558017E+10,9.137
1965,Israel,2331450,2.57741046E+10,12.929
1966,Israel,2433836,2.605996E+10,13.581
1967,Israel,2538658,2.67149763E+10,13.528
1968,Israel,2645472,3.07937137E+10,13.794
1969,Israel,2754158,3.46779E+10,14.801
1970,Israel,2864771,3.74920438E+10,16.559
1971,Israel,2977303,4.161222E+10,16.219
1972,Israel,3079405,4.67727524E+10,16.891
1973,Israel,3163042,4.91569971E+10,19.261
1974,Israel,3239985,5.250646E+10,19.369
1975,Israel,3318089,5.4258217E+10,19.54
1976,Israel,3398267,5.495961E+10,19.497
1977,Israel,3479618,5.49593252E+10,19.766
1978,Israel,3560403,5.761268E+10,21.032
1979,Israel,3640878,6.123598E+10,20.864
1980,Israel,3721666,6.54356767E+10,20.985
1981,Israel,3802233,6.881562E+10,21.018
1982,Israel,3883641,7.004964E+10,23.855
1983,Israel,3959631,7.252186E+10,23.709
1984,Israel,4033735,7.31712553E+10,23.498
1985,Israel,4105362,7.569388E+10,24.613
1986,Israel,4168965,7.931633E+10,26.348
1987,Israel,4236875,8.503277E+10,27.069
1988,Israel,4307326,8.673706E+10,29.703
1989,Israel,4381512,8.750323E+10,31.394
1990,Israel,4544995,9.326826E+10,35.824
1991,Israel,4779892,9.72353454E+10,36.148
1992,Israel,4957239,1.0386E+11,42.082
1993,Israel,5086041,1.07424E+11,44.235
1994,Israel,5216699,1.14572E+11,47.475
1995,Israel,5354736,1.2522E+11,49.866
1996,Israel,5499554,1.31748E+11,51.936
1997,Israel,5646476,1.36529E+11,54.866
1998,Israel,5790142,1.41524E+11,56.01
1999,Israel,5946079,1.4607E+11,54.756
2000,Israel,6111195,1.58656E+11,59.519
2001,Israel,6259977,1.58567E+11,63.024
2002,Israel,6387714,1.58018E+11,59.301
2003,Israel,6502821,1.59163E+11,62.415
2004,Israel,6615084,1.66466E+11,58.679
2005,Israel,6728208,1.72697E+11,56.524
2006,Israel,6844028,1.81911E+11,62.149
2007,Israel,6962456,1.92597E+11,62.8
2008,Israel,7082621,1.97786E+11,67.98
2009,Israel,7206096,1.99771E+11,63.861
2010,Israel,7336737,2.10328E+11,68.287
2011,Israel,7471021,2.2021E+11,68.595
2012,Israel,7607784,2.25909E+11,74.785
2013,Israel,7749369,2.35886E+11,63.095
2014,Israel,7897173,2.4513E+11,60.282
2015,Israel,8052915,2.51224E+11,62.939
2016,Israel,8210005,2.62584E+11,61.164
2017,Israel,8361796,2.73812E+11,58.845
2018,Israel,8510068,2.84956E+11,59.986
2019,Israel,8657466,2.96799E+11,58.656
2020,Israel,8800379,2.91288E+11,59.156
2021,Israel,8942925,3.16373E+11,59.008
2022,Israel,9103144,3.36723E+11,60.946
1951,Italy,46751901,2.82516E+11,48.822
1952,Italy,47018177,3.0368E+11,50.621
1953,Italy,47410887,3.25628E+11,55.995
1954,Italy,47832232,3.42537E+11,64.938
1955,Italy,48130816,3.62462E+11,73.266
1956,Italy,48401948,3.78893E+11,83.475
1957,Italy,48657023,4.01227E+11,87.078
1958,Italy,48927097,4.22723E+11,87.598
1959,Italy,49219449,4.49036E+11,94.085
1960,Italy,49514555,4.73363E+11,109.203
1961,Italy,49815254,5.13215E+11,124.375
1962,Italy,50170591,5.53276E+11,146.255
1963,Italy,50570978,5.92672E+11,164.556
1964,Italy,51019579,6.15797E+11,175.721
1965,Italy,51480733,6.29616E+11,189.528
1966,Italy,51919066,6.62466E+11,213.982
1967,Italy,52338335,7.09742E+11,234.13
1968,Italy,52712156,7.68995E+11,249.172
1969,Italy,53060142,8.12978E+11,269.661
1970,Italy,53390231,8.31318E+11,296.365
1971,Italy,53707790,8.46968E+11,311.049
1972,Italy,54067562,8.71752E+11,328.237
1973,Italy,54450571,9.28807E+11,353.349
1974,Italy,54821112,9.72369E+11,358.253
1975,Italy,55166046,9.51558E+11,341.052
1976,Italy,55459414,1.0133E+12,365.795
1977,Italy,55714552,1.04265E+12,354.418
1978,Italy,55938969,1.0815E+12,371.274
1979,Italy,56132381,1.14286E+12,385.256
1980,Italy,56412088,1.18316E+12,386.433
1981,Italy,56646753,1.18887E+12,375.3
1982,Italy,56719179,1.1942E+12,366.879
1983,Italy,56766113,1.20877E+12,358.409
1984,Italy,56810354,1.23985E+12,364.601
1985,Italy,56855498,1.27469E+12,368.982
1986,Italy,56875982,1.31089E+12,363.188
1987,Italy,56891919,1.35153E+12,380.099
1988,Italy,56928746,1.40377E+12,385.962
1989,Italy,56976750,1.4442E+12,404.742
1990,Italy,57031457,1.47549E+12,438.207
1991,Italy,57075393,1.50918E+12,437.741
1992,Italy,57124992,1.53192E+12,437.936
1993,Italy,57170761,1.52955E+12,430.267
1994,Italy,57420136,1.57341E+12,424.506
1995,Italy,57403344,1.6302E+12,448.595
1996,Italy,57162098,1.66279E+12,442.842
1997,Italy,57189272,1.70519E+12,448.57
1998,Italy,57215190,1.7449E+12,460.823
1999,Italy,57240797,1.78453E+12,465.506
2000,Italy,57272200,1.86375E+12,469.597
2001,Italy,57305758,1.91027E+12,469.678
2002,Italy,57420635,1.9293E+12,477.105
2003,Italy,57739696,1.94767E+12,495.092
2004,Italy,58176735,1.99429E+12,500.686
2005,Italy,58519697,2.02924E+12,501.364
2006,Italy,58754433,2.08655E+12,495.937
2007,Italy,59108723,2.13437E+12,489.653
2008,Italy,59561686,2.12911E+12,478.126
2009,Italy,59904016,2.02902E+12,424.061
2010,Italy,60164212,2.08055E+12,435.71
2011,Italy,60367882,2.11088E+12,423.894
2012,Italy,60531522,2.04796E+12,403.441
2013,Italy,60653865,2.01026E+12,369.475
2014,Italy,60664169,2.01016E+12,349.4
2015,Italy,60575314,2.02581E+12,361.254
2016,Italy,60478103,2.05201E+12,358.144
2017,Italy,60390317,2.08624E+12,352.679
2018,Italy,60277496,2.10555E+12,349.062
2019,Italy,60130136,2.11573E+12,339.634
2020,Italy,59912763,1.92575E+12,302.602
2021,Italy,59729354,2.0603E+12,335.978
2022,Italy,59619106,2.13601E+12,340.672
1951,Jamaica,1447472,3.16403942E+09,0.52
1952,Jamaica,1481348,3.41834982E+09,0.564
1953,Jamaica,1509741,3.89811533E+09,0.615
1954,Jamaica,1533452,4.346987E+09,0.791
1955,Jamaica,1553715,4.793952E+09,0.985
1956,Jamaica,1571976,5.27132262E+09,1.26
1957,Jamaica,1589682,6.039044E+09,1.604
1958,Jamaica,1608269,6.134628E+09,1.355
1959,Jamaica,1628236,6.476416E+09,1.839
1960,Jamaica,1650008,6.902446E+09,1.468
1961,Jamaica,1673267,7.09758259E+09,2.128
1962,Jamaica,1696935,7.22499E+09,2.117
1963,Jamaica,1721105,7.4620375E+09,2.395
1964,Jamaica,1745570,8.049817E+09,4.062
1965,Jamaica,1769204,8.698581E+09,2.989
1966,Jamaica,1791477,9.078569E+09,3.516
1967,Jamaica,1812870,9.428312E+09,3.864
1968,Jamaica,1833768,9.912352E+09,3.879
1969,Jamaica,1855133,1.06481039E+10,4.267
1970,Jamaica,1878191,1.19251333E+10,4.989
1971,Jamaica,1903733,1.19240264E+10,5.747
1972,Jamaica,1931552,1.22853386E+10,6.282
1973,Jamaica,1961225,1.340547E+10,8.29
1974,Jamaica,1990902,1.29011681E+10,7.594
1975,Jamaica,2018986,1.29008036E+10,8.181
1976,Jamaica,2045578,1.21197773E+10,7.276
1977,Jamaica,2070656,1.18646333E+10,7.441
1978,Jamaica,2094847,1.19476951E+10,9.112
1979,Jamaica,2119492,1.17381294E+10,8.529
1980,Jamaica,2145661,1.10882949E+10,8.445
1981,Jamaica,2173822,1.13821747E+10,7.408
1982,Jamaica,2203894,1.15352125E+10,6.214
1983,Jamaica,2234834,1.18026476E+10,6.445
1984,Jamaica,2264564,1.1703298E+10,5.141
1985,Jamaica,2290656,1.11619912E+10,5.042
1986,Jamaica,2312124,1.13464207E+10,4.547
1987,Jamaica,2329816,1.22239877E+10,5.379
1988,Jamaica,2345785,1.25762294E+10,4.525
1989,Jamaica,2361922,1.34360474E+10,6.724
1990,Jamaica,2379880,1.416971E+10,7.527
1991,Jamaica,2400873,1.45611387E+10,7.751
1992,Jamaica,2424697,1.51853087E+10,7.709
1993,Jamaica,2449911,1.569282E+10,8.001
1994,Jamaica,2475225,1.61603328E+10,8.189
1995,Jamaica,2500152,1.67275059E+10,9.173
1996,Jamaica,2524471,1.69309757E+10,9.688
1997,Jamaica,2547852,1.68270019E+10,10.068
1998,Jamaica,2569741,1.67990016E+10,9.694
1999,Jamaica,2589797,1.71392809E+10,9.958
2000,Jamaica,2607828,1.74414684E+10,10.314
2001,Jamaica,2624409,1.782391E+10,10.576
2002,Jamaica,2640581,1.803275E+10,10.203
2003,Jamaica,2656627,1.87180667E+10,10.667
2004,Jamaica,2672226,1.898708E+10,10.574
2005,Jamaica,2687069,1.917494E+10,10.417
2006,Jamaica,2700972,1.9747242E+10,11.577
2007,Jamaica,2713809,2.00463565E+10,10.749
2008,Jamaica,2725632,1.98931681E+10,10.78
2009,Jamaica,2737001,1.92234619E+10,7.934
2010,Jamaica,2748573,1.89490033E+10,7.677
2011,Jamaica,2760492,1.92202875E+10,8.256
2012,Jamaica,2772431,1.91239885E+10,7.913
2013,Jamaica,2783689,1.91668265E+10,8.492
2014,Jamaica,2793756,1.92770355E+10,7.697
2015,Jamaica,2802535,1.94445537E+10,7.999
2016,Jamaica,2809919,1.97358387E+10,8.163
2017,Jamaica,2815767,1.98698435E+10,7.798
2018,Jamaica,2820103,2.02328617E+10,8.086
2019,Jamaica,2823275,2.042912E+10,9.476
2020,Jamaica,2830746,1.84025539E+10,6.902
2021,Jamaica,2837682,1.92492564E+10,7.346
2022,Jamaica,2839151,2.00192246E+10,7.137
1951,Japan,87849930,2.8862E+11,123.458
1952,Japan,89135134,3.21973E+11,130.428
1953,Japan,90324185,3.45712E+11,145.902
1954,Japan,91407672,3.65311E+11,142.681
1955,Japan,92425476,3.96713E+11,142.036
1956,Japan,93342005,4.2651E+11,160.823
1957,Japan,94108980,4.57723E+11,188.287
1958,Japan,94846958,4.84394E+11,181.421
1959,Japan,95622973,5.28525E+11,192.92
1960,Japan,96399754,5.97858E+11,232.83
1961,Japan,97217594,6.69825E+11,283.131
1962,Japan,98076406,7.29663E+11,293.278
1963,Japan,98958230,7.91534E+11,325.264
1964,Japan,99890178,8.8386E+11,359.349
1965,Japan,100916017,9.3533E+11,386.969
1966,Japan,101887833,1.03483E+12,419.78
1967,Japan,102965529,1.14941E+12,489.912
1968,Japan,104237475,1.29745E+12,562.561
1969,Japan,105475170,1.45937E+12,653.846
1970,Japan,106712370,1.61568E+12,769.74
1971,Japan,107952031,1.69157E+12,799.643
1972,Japan,109238963,1.83399E+12,861.046
1973,Japan,110614742,1.98129E+12,914.262
1974,Japan,112009690,1.95703E+12,914.303
1975,Japan,113321198,2.01747E+12,869.796
1976,Japan,114502794,2.09761E+12,909.555
1977,Japan,115574280,2.18977E+12,935.53
1978,Japan,116576941,2.30515E+12,905.064
1979,Japan,117521561,2.43161E+12,957.13
1980,Japan,118358761,2.50014E+12,948.535
1981,Japan,118994055,2.57932E+12,930.369
1982,Japan,119485773,2.65813E+12,900.713
1983,Japan,119948942,2.71995E+12,884.42
1984,Japan,120384396,2.82658E+12,940.528
1985,Japan,120832158,2.95087E+12,915.263
1986,Japan,121366733,3.03633E+12,914.048
1987,Japan,121943589,3.16265E+12,902.178
1988,Japan,122476957,3.35874E+12,984.697
1989,Japan,122947411,3.521E+12,1021.278
1990,Japan,123399767,3.69982E+12,1157.393
1991,Japan,123889870,3.82468E+12,1169.093
1992,Japan,124383707,3.85652E+12,1178.892
1993,Japan,124839954,3.86087E+12,1171.892
1994,Japan,125286862,3.89322E+12,1226.893
1995,Japan,125672659,3.99743E+12,1239.195
1996,Japan,125975305,4.11888E+12,1251.695
1997,Japan,126265926,4.16071E+12,1244.395
1998,Japan,126549181,4.11125E+12,1204.594
1999,Japan,126801566,4.09828E+12,1241.195
2000,Japan,127027796,4.20965E+12,1263.993
2001,Japan,127260144,4.22416E+12,1249.393
2002,Japan,127484599,4.22658E+12,1278.995
2003,Japan,127671255,4.28849E+12,1287.495
2004,Japan,127815770,4.3804E+12,1282.895
2005,Japan,127913331,4.4506E+12,1290.296
2006,Japan,127997248,4.51423E+12,1267.295
2007,Japan,128087684,4.59081E+12,1302.996
2008,Japan,128155991,4.54241E+12,1232.196
2009,Japan,128192471,4.2981E+12,1163.393
2010,Japan,128185273,4.4803E+12,1214.798
2011,Japan,128096431,4.46874E+12,1264.797
2012,Japan,127928283,4.53017E+12,1305.998
2013,Japan,127723641,4.62101E+12,1315.298
2014,Japan,127486600,4.63469E+12,1263.806
2015,Japan,127275868,4.70703E+12,1223.199
2016,Japan,127159949,4.74251E+12,1203.184
2017,Japan,127064685,4.82196E+12,1187.484
2018,Japan,126913433,4.85299E+12,1142.481
2019,Japan,126699422,4.83347E+12,1105.478
2020,Japan,126304536,4.62666E+12,1040.483
2021,Japan,125679341,4.72588E+12,1061.905
2022,Japan,124997586,4.77449E+12,1032.687
1951,Jordan,471161,1.57843277E+09,0.161
1952,Jordan,506447,1.67237146E+09,0.194
1953,Jordan,544110,1.77274445E+09,0.213
1954,Jordan,583857,1.87761523E+09,0.253
1955,Jordan,625573,1.77921344E+09,0.381
1956,Jordan,669109,2.44152934E+09,0.45
1957,Jordan,714365,2.50395878E+09,0.494
1958,Jordan,760831,2.755759E+09,0.524
1959,Jordan,807610,2.961723E+09,0.655
1960,Jordan,853471,3.15138483E+09,0.743
1961,Jordan,897599,3.795504E+09,0.977
1962,Jordan,940564,3.89854234E+09,1.047
1963,Jordan,984720,4.114546E+09,1.219
1964,Jordan,1035645,4.83363942E+09,1.241
1965,Jordan,1099446,5.385863E+09,1.42
1966,Jordan,1178369,5.53692E+09,1.581
1967,Jordan,1271186,6.11966259E+09,1.413
1968,Jordan,1372469,5.892381E+09,1.504
1969,Jordan,1473101,6.42465126E+09,1.757
1970,Jordan,1565171,5.73829734E+09,1.556
1971,Jordan,1645148,5.868528E+09,1.654
1972,Jordan,1714562,6.05727027E+09,1.914
1973,Jordan,1778095,6.372226E+09,2.2
1974,Jordan,1839191,6.941684E+09,2.225
1975,Jordan,1899060,7.42278656E+09,2.489
1976,Jordan,1958181,9.226757E+09,2.945
1977,Jordan,2019008,9.827771E+09,3.154
1978,Jordan,2083604,1.18929367E+10,3.627
1979,Jordan,2153893,1.29774305E+10,3.777
1980,Jordan,2234193,1.54446049E+10,4.696
1981,Jordan,2325528,1.61716828E+10,5.825
1982,Jordan,2426934,1.73703762E+10,6.256
1983,Jordan,2537308,1.77156772E+10,7.3
1984,Jordan,2654686,1.924455E+10,8.247
1985,Jordan,2778819,1.991309E+10,8.422
1986,Jordan,2909896,2.17202135E+10,9.165
1987,Jordan,3047635,2.23093514E+10,9.506
1988,Jordan,3193045,2.208086E+10,9.177
1989,Jordan,3349640,1.97441946E+10,9.08
1990,Jordan,3621916,1.97158543E+10,10.476
1991,Jordan,3915153,2.14265774E+10,9.904
1992,Jordan,4127700,2.497719E+10,11.984
1993,Jordan,4348018,2.575543E+10,11.774
1994,Jordan,4561406,2.67138642E+10,13.25
1995,Jordan,4752097,2.82148E+10,13.208
1996,Jordan,4912518,2.90052915E+10,13.825
1997,Jordan,5046288,3.040332E+10,14.074
1998,Jordan,5164288,3.192986E+10,14.253
1999,Jordan,5276452,3.37024082E+10,14.267
2000,Jordan,5386944,3.58252421E+10,15.2
2001,Jordan,5498901,3.84059228E+10,15.61
2002,Jordan,5616078,4.13273743E+10,16.42
2003,Jordan,5741838,4.366916E+10,16.982
2004,Jordan,5882067,4.793697E+10,18.671
2005,Jordan,6029597,5.22176143E+10,20.437
2006,Jordan,6427376,5.99778222E+10,20.526
2007,Jordan,6827234,6.82855956E+10,21.436
2008,Jordan,6989874,7.278864E+10,20.718
2009,Jordan,7141763,7.617249E+10,21.337
2010,Jordan,7297045,7.749388E+10,20.615
2011,Jordan,7480430,7.944195E+10,21.244
2012,Jordan,7587134,8.13715948E+10,23.815
2013,Jordan,7991812,8.34953953E+10,23.818
2014,Jordan,8791715,8.632088E+10,25.899
2015,Jordan,9544730,8.847544E+10,25.55
2016,Jordan,10006368,9.023965E+10,24.698
2017,Jordan,10234227,9.247217E+10,25.814
2018,Jordan,10462310,9.42467154E+10,25.142
2019,Jordan,10671892,9.606285E+10,24.747
2020,Jordan,10865231,9.455467E+10,20.96
2021,Jordan,11066358,9.666134E+10,20.639
2022,Jordan,11256268,9.928183E+10,20.255
1973,Kazakhstan,13208123,1.6717E+11,182.211
1980,Kazakhstan,15152952,1.78089E+11,230.187
1981,Kazakhstan,15323086,1.75643E+11,225.503
1982,Kazakhstan,15492598,1.73266E+11,229.666
1983,Kazakhstan,15665552,1.81503E+11,232.714
1984,Kazakhstan,15844621,1.80577E+11,234.585
1985,Kazakhstan,16031088,1.8229E+11,253.065
1986,Kazakhstan,16262698,1.84592E+11,258.059
1987,Kazakhstan,16527719,1.83469E+11,256.619
1988,Kazakhstan,16781168,1.9863E+11,273.668
1989,Kazakhstan,16997012,1.97669E+11,264.541
1990,Kazakhstan,17154060,1.94941E+11,268.173
1991,Kazakhstan,17278604,1.7443E+11,261.066
1992,Kazakhstan,17332623,1.66044E+11,236.131
1993,Kazakhstan,17274487,1.51573E+11,208.217
1994,Kazakhstan,17043775,1.33222E+11,174.933
1995,Kazakhstan,16730541,1.22951E+11,168.286
1996,Kazakhstan,16416036,1.24226E+11,154.505
1997,Kazakhstan,16043250,1.27006E+11,146.425
1998,Kazakhstan,15647789,1.25252E+11,144.283
1999,Kazakhstan,15455878,1.29323E+11,119.265
2000,Kazakhstan,15501107,1.42758E+11,143.38
2001,Kazakhstan,15575551,1.62896E+11,138.769
2002,Kazakhstan,15656677,1.79807E+11,157.525
2003,Kazakhstan,15747379,1.97584E+11,175.855
2004,Kazakhstan,15850164,2.17713E+11,186.356
2005,Kazakhstan,15968118,2.4006E+11,200.042
2006,Kazakhstan,16103717,2.67135E+11,220.575
2007,Kazakhstan,16257212,2.92457E+11,226.745
2008,Kazakhstan,16426527,3.03717E+11,226.831
2009,Kazakhstan,16619850,3.09012E+11,224.55
2010,Kazakhstan,16836809,3.33342E+11,248.803
2011,Kazakhstan,17065997,3.60245E+11,238.988
2012,Kazakhstan,17306114,3.78261E+11,246.345
2013,Kazakhstan,17556502,4.00574E+11,255.165
2014,Kazakhstan,17816285,4.17799E+11,274.29
2015,Kazakhstan,18084173,4.21977E+11,278.661
2016,Kazakhstan,18363601,4.25775E+11,277.696
2017,Kazakhstan,18651930,4.42384E+11,293.476
2018,Kazakhstan,18932725,4.60522E+11,307.174
2019,Kazakhstan,19209556,4.81246E+11,275.29
2020,Kazakhstan,19482117,4.68733E+11,255.486
2021,Kazakhstan,19743607,4.87951E+11,255.143
2022,Kazakhstan,20034612,5.03634E+11,254.414
1951,Kenya,5893577,7.729594E+09,1.392
1952,Kenya,6033296,6.871281E+09,1.59
1953,Kenya,6183897,6.70608435E+09,1.513
1954,Kenya,6348144,7.48581427E+09,1.7
1955,Kenya,6529299,8.046895E+09,1.985
1956,Kenya,6727685,8.49280973E+09,2.22
1957,Kenya,6944873,8.76682E+09,2.282
1958,Kenya,7174794,8.876622E+09,2.088
1959,Kenya,7422742,9.083654E+09,2.208
1960,Kenya,7695306,9.437449E+09,2.424
1961,Kenya,7987767,9.194279E+09,2.399
1962,Kenya,8299310,9.693948E+09,2.622
1963,Kenya,8627972,1.01932687E+10,2.853
1964,Kenya,8973538,1.11710013E+10,2.823
1965,Kenya,9338084,1.13062277E+10,2.464
1966,Kenya,9717825,1.27635487E+10,2.68
1967,Kenya,10111061,1.34222213E+10,2.698
1968,Kenya,10518827,1.4387243E+10,2.815
1969,Kenya,10939696,1.52866591E+10,3.126
1970,Kenya,11368805,1.63983913E+10,3.078
1971,Kenya,11788906,1.74495457E+10,3.679
1972,Kenya,12206063,1.83562527E+10,3.866
1973,Kenya,12634840,1.92972554E+10,3.914
1974,Kenya,13070077,2.0244865E+10,4.944
1975,Kenya,13511670,2.01769882E+10,4.969
1976,Kenya,13957620,2.096901E+10,4.603
1977,Kenya,14428822,2.29106381E+10,5.049
1978,Kenya,14934127,2.49719665E+10,5.317
1979,Kenya,15460669,2.59046052E+10,5.032
1980,Kenya,16018464,2.735366E+10,6.189
1981,Kenya,16601509,2.79779574E+10,6.519
1982,Kenya,17206178,2.966875E+10,4.687
1983,Kenya,17846373,2.98521764E+10,4.655
1984,Kenya,18514909,3.03660421E+10,4.314
1985,Kenya,19201773,3.16974264E+10,3.765
1986,Kenya,19901641,3.39510579E+10,4.157
1987,Kenya,20616091,3.59904338E+10,5.169
1988,Kenya,21356221,3.81555343E+10,4.784
1989,Kenya,22118436,3.98598349E+10,5.187
1990,Kenya,22892657,4.157097E+10,5.819
1991,Kenya,23646516,4.28527862E+10,4.834
1992,Kenya,24382466,4.30981079E+10,5.536
1993,Kenya,25117193,4.375484E+10,6.342
1994,Kenya,25857135,4.566358E+10,6.553
1995,Kenya,26601754,4.84909261E+10,7.549
1996,Kenya,27344212,5.14894848E+10,9.292
1997,Kenya,28101763,5.276122E+10,8.21
1998,Kenya,28888063,5.55182653E+10,9.96
1999,Kenya,29733411,5.79931464E+10,10.071
2000,Kenya,30642894,5.940891E+10,10.409
2001,Kenya,31619172,6.295647E+10,9.278
2002,Kenya,32629809,6.44781261E+10,7.891
2003,Kenya,33652233,6.76170752E+10,6.697
2004,Kenya,34713452,7.207003E+10,7.59
2005,Kenya,35796483,7.759883E+10,8.555
2006,Kenya,36904009,8.365325E+10,9.566
2007,Kenya,38036354,9.106035E+10,9.824
2008,Kenya,39206349,9.297118E+10,10.233
2009,Kenya,40408887,9.779249E+10,12.343
2010,Kenya,41598570,1.08082E+11,12.163
2011,Kenya,42758466,1.17152E+11,13.448
2012,Kenya,43888306,1.22505E+11,12.506
2013,Kenya,44986794,1.27158E+11,13.458
2014,Kenya,46051441,1.33541E+11,14.532
2015,Kenya,47088527,1.40175E+11,16.998
2016,Kenya,48139682,1.46082E+11,18.135
2017,Kenya,49197760,1.51657E+11,17.709
2018,Kenya,50207110,1.60257E+11,18.838
2019,Kenya,51202829,1.68453E+11,19.796
2020,Kenya,52217327,1.68031E+11,21.982
2021,Kenya,53219165,1.80662E+11,22.314
2022,Kenya,54252456,1.90362E+11,21.397
1951,Kuwait,158462,7.22387866E+09,0.117
1952,Kuwait,163170,7.65696E+09,0
1953,Kuwait,168102,8.416748E+09,0
1954,Kuwait,173256,9.376419E+09,1.403
1955,Kuwait,186126,9.596417E+09,1.847
1956,Kuwait,207222,1.0302679E+10,1.041
1957,Kuwait,227051,1.06691185E+10,2.198
1958,Kuwait,250215,1.11957729E+10,3.69
1959,Kuwait,279532,1.23486054E+10,3.8
1960,Kuwait,311065,1.34217861E+10,7.797
1961,Kuwait,345953,1.35413852E+10,9.973
1962,Kuwait,385005,1.51009116E+10,14.279
1963,Kuwait,427702,1.59137065E+10,17.012
1964,Kuwait,473124,1.74735872E+10,25.315
1965,Kuwait,521179,1.785985E+10,35.391
1966,Kuwait,572598,2.00591319E+10,35.123
1967,Kuwait,628102,2.05391073E+10,25.421
1968,Kuwait,687726,2.24580342E+10,23.149
1969,Kuwait,749461,2.307122E+10,26.809
1970,Kuwait,809118,3.657303E+10,25.021
1971,Kuwait,865081,3.91119667E+10,27.117
1972,Kuwait,920357,4.06511E+10,27.612
1973,Kuwait,977664,3.80127232E+10,24.223
1974,Kuwait,1038354,3.31543245E+10,19.312
1975,Kuwait,1104867,2.9149524E+10,16.813
1976,Kuwait,1178715,3.10277734E+10,18.456
1977,Kuwait,1258029,2.98408612E+10,17.201
1978,Kuwait,1340322,3.19937147E+10,20.972
1979,Kuwait,1423523,3.6387115E+10,17.628
1980,Kuwait,1504788,2.89760932E+10,24.616
1981,Kuwait,1583426,2.34907484E+10,25.14
1982,Kuwait,1662488,2.07328051E+10,21.09
1983,Kuwait,1744301,2.23787274E+10,21.541
1984,Kuwait,1820693,2.35511255E+10,28.285
1985,Kuwait,1894254,2.2552705E+10,29.07
1986,Kuwait,1972520,2.44714045E+10,35.23
1987,Kuwait,2053007,2.34847027E+10,31.378
1988,Kuwait,2134707,2.43032637E+10,32.825
1989,Kuwait,2217471,2.612315E+10,35.772
1990,Kuwait,1684833,2.08996E+10,37.807
1991,Kuwait,1351404,5.96835072E+09,492.841
1992,Kuwait,1634968,1.827867E+10,29.648
1993,Kuwait,1672159,2.98451681E+10,49.129
1994,Kuwait,1664372,3.884291E+10,57.197
1995,Kuwait,1681518,4.60905923E+10,56.128
1996,Kuwait,1730255,5.180972E+10,51.627
1997,Kuwait,1787692,5.70629857E+10,56.621
1998,Kuwait,1844306,6.230586E+10,52.812
1999,Kuwait,1900035,6.42364047E+10,54.978
2000,Kuwait,1954713,7.105397E+10,54.89
2001,Kuwait,2008127,7.586744E+10,59.051
2002,Kuwait,2059983,8.363616E+10,59.986
2003,Kuwait,2109887,1.04974E+11,62.336
2004,Kuwait,2157328,1.23478E+11,65.631
2005,Kuwait,2236797,1.428E+11,74.428
2006,Kuwait,2364741,1.5962E+11,76.05
2007,Kuwait,2507891,1.74546E+11,77.16
2008,Kuwait,2651433,1.83756E+11,84.282
2009,Kuwait,2795490,1.75302E+11,88.719
2010,Kuwait,2943372,1.76037E+11,90.873
2011,Kuwait,3132816,2.01229E+11,87.968
2012,Kuwait,3337025,2.1456E+11,102.298
2013,Kuwait,3507754,2.1703E+11,84.313
2014,Kuwait,3665769,2.18113E+11,76.435
2015,Kuwait,3834464,2.19406E+11,94.508
2016,Kuwait,4003976,2.25826E+11,109.905
2017,Kuwait,4154685,2.1518E+11,103.95
2018,Kuwait,4323388,2.20424E+11,106.723
2019,Kuwait,4442202,2.19208E+11,108.549
2020,Kuwait,4400146,1.99797E+11,95.655
2021,Kuwait,4360749,2.0241E+11,95.13
2022,Kuwait,4589514,2.18961E+11,97.461
1973,Kyrgyzstan,3244873,1.878045E+10,15.682
1980,Kyrgyzstan,3729371,2.11857142E+10,19.841
1981,Kyrgyzstan,3804456,2.13625324E+10,19.452
1982,Kyrgyzstan,3882822,2.154491E+10,19.81
1983,Kyrgyzstan,3965767,2.302E+10,20.081
1984,Kyrgyzstan,4039346,2.33543455E+10,20.246
1985,Kyrgyzstan,4102391,2.249518E+10,21.829
1986,Kyrgyzstan,4168594,2.21363446E+10,21.817
1987,Kyrgyzstan,4238470,2.188431E+10,21.212
1988,Kyrgyzstan,4308022,2.40997745E+10,21.346
1989,Kyrgyzstan,4381998,2.46014341E+10,20.724
1990,Kyrgyzstan,4459545,2.51642348E+10,19.198
1991,Kyrgyzstan,4532120,2.29482783E+10,15.893
1992,Kyrgyzstan,4600309,1.958087E+10,11.042
1993,Kyrgyzstan,4626809,1.68658493E+10,8.468
1994,Kyrgyzstan,4649190,1.33897759E+10,6.144
1995,Kyrgyzstan,4713639,1.25370522E+10,4.507
1996,Kyrgyzstan,4782884,1.32895826E+10,5.652
1997,Kyrgyzstan,4847998,1.44635853E+10,5.561
1998,Kyrgyzstan,4907792,1.46241372E+10,5.901
1999,Kyrgyzstan,4968592,1.50096456E+10,4.642
2000,Kyrgyzstan,5025151,1.56675645E+10,4.575
2001,Kyrgyzstan,5071961,1.63365345E+10,3.857
2002,Kyrgyzstan,5116253,1.6170496E+10,4.917
2003,Kyrgyzstan,5159422,1.71357532E+10,5.376
2004,Kyrgyzstan,5203048,1.81556879E+10,5.808
2005,Kyrgyzstan,5246337,1.79421676E+10,5.519
2006,Kyrgyzstan,5282453,1.83164662E+10,5.461
2007,Kyrgyzstan,5313373,1.96840755E+10,6.522
2008,Kyrgyzstan,5342531,2.09603953E+10,7.481
2009,Kyrgyzstan,5398013,2.13482E+10,6.709
2010,Kyrgyzstan,5491763,2.10371482E+10,6.356
2011,Kyrgyzstan,5594537,2.20693217E+10,7.62
2012,Kyrgyzstan,5696519,2.20499067E+10,10.087
2013,Kyrgyzstan,5797296,2.44566528E+10,9.734
2014,Kyrgyzstan,5898324,2.54407823E+10,10.236
2015,Kyrgyzstan,6001876,2.64268657E+10,10.265
2016,Kyrgyzstan,6108460,2.7572738E+10,9.622
2017,Kyrgyzstan,6220146,2.88796836E+10,9.361
2018,Kyrgyzstan,6341733,2.98786386E+10,11.172
2019,Kyrgyzstan,6494036,3.12533545E+10,9.043
2020,Kyrgyzstan,6664142,2.85602529E+10,8.348
2021,Kyrgyzstan,6820483,2.962898E+10,10.327
2022,Kyrgyzstan,6955792,3.17030011E+10,10.032
1955,Laos,1893226,1.532826E+09,0.026
1956,Laos,1937237,1.578024E+09,0.059
1957,Laos,1982141,1.626666E+09,0.059
1958,Laos,2028028,1.679667E+09,0.073
1959,Laos,2074484,1.729665E+09,0.077
1960,Laos,2121516,1.780239E+09,0.081
1961,Laos,2169801,1.837661E+09,0.114
1962,Laos,2219918,1.895883E+09,0.132
1963,Laos,2271068,1.95324E+09,0.147
1964,Laos,2322828,2.014624E+09,0.172
1965,Laos,2376200,2.07765E+09,0.18
1966,Laos,2431089,2.142342E+09,0.234
1967,Laos,2487718,2.208724E+09,0.319
1968,Laos,2546378,2.27682E+09,0.169
1969,Laos,2606966,2.346654E+09,0.319
1970,Laos,2669703,2.41825E+09,0.572
1971,Laos,2734636,2.541E+09,0.421
1972,Laos,2801657,2.626104E+09,0.487
1973,Laos,2870579,2.857488E+09,0.517
1974,Laos,2939760,2.962136E+09,0.293
1975,Laos,3005524,3.157839E+09,0.253
1976,Laos,3064882,3.249048E+09,0.224
1977,Laos,3118927,3.185544E+09,0.231
1978,Laos,3171753,3.218768E+09,0.231
1979,Laos,3228200,3.156888E+09,0.224
1980,Laos,3292574,3.470822E+09,0.187
1981,Laos,3366638,4.001063E+09,0.15
1982,Laos,3450021,4.284216E+09,0.158
1983,Laos,3541005,4.484085E+09,0.18
1984,Laos,3637846,4.807488E+09,0.183
1985,Laos,3739985,5.053974E+09,0.205
1986,Laos,3846722,5.300658E+09,0.209
1987,Laos,3957624,5.22315E+09,0.213
1988,Laos,4072609,5.11828E+09,0.213
1989,Laos,4190973,5.846232E+09,0.231
1990,Laos,4311960,6.23501E+09,0.513
1991,Laos,4435120,6.55055E+09,0.546
1992,Laos,4559651,6.965636E+09,0.593
1993,Laos,4685063,7.43292262E+09,0.607
1994,Laos,4809222,8.095762E+09,0.634
1995,Laos,4929410,8.730283E+09,0.671
1996,Laos,5045686,9.400685E+09,0.75
1997,Laos,5152015,1.0121303E+10,0.792
1998,Laos,5248273,1.05989673E+10,0.82
1999,Laos,5340784,1.14588826E+10,0.846
2000,Laos,5431214,1.22092851E+10,0.96
2001,Laos,5521481,1.30057032E+10,1.063
2002,Laos,5610889,1.3872426E+10,1.166
2003,Laos,5697945,1.48437187E+10,1.221
2004,Laos,5781627,1.60007721E+10,1.282
2005,Laos,5869531,1.720861E+10,1.337
2006,Laos,5963199,1.71769795E+10,1.757
2007,Laos,6056238,2.04548116E+10,1.835
2008,Laos,6148974,2.221096E+10,2.131
2009,Laos,6241649,2.40508436E+10,2.667
2010,Laos,6334198,2.6198018E+10,3.005
2011,Laos,6426595,2.85052764E+10,3.17
2012,Laos,6518981,3.075662E+10,3.398
2013,Laos,6611385,3.32138947E+10,4.261
2014,Laos,6703170,3.57278024E+10,4.45
2015,Laos,6801650,3.8423806E+10,9.229
2016,Laos,6908800,4.11289764E+10,16.458
2017,Laos,7018149,4.395874E+10,19.684
2018,Laos,7128045,4.66949652E+10,20.558
2019,Laos,7237634,4.92433039E+10,19.08
2020,Laos,7346533,5.085667E+10,19.492
2021,Laos,7453191,5.26263624E+10,22.801
2022,Laos,7559007,5.49539021E+10,23.436
1973,Latvia,2415775,3.02814659E+10,18.377
1980,Latvia,2511754,3.46846945E+10,23.375
1981,Latvia,2519972,3.54415534E+10,22.945
1982,Latvia,2532018,3.62161275E+10,23.376
1983,Latvia,2546977,3.694382E+10,23.716
1984,Latvia,2562773,3.79969577E+10,23.931
1985,Latvia,2579236,3.720122E+10,25.797
1986,Latvia,2599784,3.818952E+10,23.59
1987,Latvia,2625969,3.803914E+10,19.281
1988,Latvia,2652251,3.962801E+10,18.853
1989,Latvia,2664839,4.17727242E+10,17.931
1990,Latvia,2660130,4.21007032E+10,19.662
1991,Latvia,2648934,3.651776E+10,17.92
1992,Latvia,2614832,2.459437E+10,14.194
1993,Latvia,2563820,2.161017E+10,11.922
1994,Latvia,2521237,2.19083776E+10,10.37
1995,Latvia,2485951,2.16023265E+10,9.134
1996,Latvia,2457910,2.19445187E+10,9.212
1997,Latvia,2433230,2.373328E+10,8.68
1998,Latvia,2410219,2.508922E+10,8.306
1999,Latvia,2390825,2.554923E+10,7.718
2000,Latvia,2368321,2.672729E+10,7.082
2001,Latvia,2338300,2.82425876E+10,7.497
2002,Latvia,2311356,3.00148552E+10,7.52
2003,Latvia,2288983,3.229835E+10,7.726
2004,Latvia,2264178,3.47204239E+10,7.731
2005,Latvia,2239787,3.81436846E+10,7.811
2006,Latvia,2219038,4.236125E+10,8.31
2007,Latvia,2200772,4.622882E+10,8.637
2008,Latvia,2177711,4.421743E+10,8.198
2009,Latvia,2142043,3.759073E+10,7.456
2010,Latvia,2097834,3.58811771E+10,8.555
2011,Latvia,2059940,3.78697236E+10,7.811
2012,Latvia,2034639,4.05365678E+10,7.52
2013,Latvia,2013004,4.13505126E+10,7.369
2014,Latvia,1994153,4.21370266E+10,7.172
2015,Latvia,1977874,4.377419E+10,7.262
2016,Latvia,1959864,4.4811E+10,7.211
2017,Latvia,1942599,4.62954947E+10,7.215
2018,Latvia,1927586,4.81433969E+10,7.857
2019,Latvia,1914267,4.938062E+10,7.648
2020,Latvia,1901119,4.8292864E+10,6.998
2021,Latvia,1885592,5.02554952E+10,7.238
2022,Latvia,1881058,5.124848E+10,6.62
1951,Lebanon,1387576,7.216417E+09,1.457
1952,Lebanon,1427087,7.668371E+09,1.175
1953,Lebanon,1468018,8.826164E+09,1.248
1954,Lebanon,1510416,1.01316188E+10,1.307
1955,Lebanon,1554070,1.0942505E+10,1.621
1956,Lebanon,1599147,1.06846464E+10,1.885
1957,Lebanon,1645926,1.08712714E+10,2.064
1958,Lebanon,1693555,9.324887E+09,1.98
1959,Lebanon,1742776,1.01152737E+10,2.448
1960,Lebanon,1794410,1.03815977E+10,2.576
1961,Lebanon,1850091,1.10632817E+10,2.679
1962,Lebanon,1909584,1.14890179E+10,2.851
1963,Lebanon,1970319,1.15887606E+10,3.023
1964,Lebanon,2030545,1.2288256E+10,3.261
1965,Lebanon,2088838,1.35248159E+10,3.312
1966,Lebanon,2148255,1.44500746E+10,3.623
1967,Lebanon,2206734,1.37664973E+10,3.565
1968,Lebanon,2266376,1.54965719E+10,3.693
1969,Lebanon,2328163,1.58350582E+10,4.344
1970,Lebanon,2386119,1.68813773E+10,3.941
1971,Lebanon,2446319,1.9054551E+10,5.301
1972,Lebanon,2509731,2.20542976E+10,5.653
1973,Lebanon,2572932,2.37286461E+10,7.067
1974,Lebanon,2635185,2.50504827E+10,7.088
1975,Lebanon,2693196,1.77944351E+10,6.265
1976,Lebanon,2726474,7.618017E+09,5.924
1977,Lebanon,2762162,1.37674752E+10,5.386
1978,Lebanon,2822681,1.312084E+10,5.496
1979,Lebanon,2882635,1.40655462E+10,5.785
1980,Lebanon,2944766,1.42270484E+10,5.89
1981,Lebanon,3008985,1.40256174E+10,5.844
1982,Lebanon,3054931,8.719516E+09,5.719
1983,Lebanon,3094999,1.05182423E+10,6.942
1984,Lebanon,3152743,1.4929919E+10,6.713
1985,Lebanon,3217377,1.82181437E+10,7.765
1986,Lebanon,3300373,1.66813184E+10,7.478
1987,Lebanon,3385558,1.91747174E+10,7.67
1988,Lebanon,3454647,1.35862118E+10,7.346
1989,Lebanon,3525288,7.7357143E+09,7.721
1990,Lebanon,3595174,9.719894E+09,7.868
1991,Lebanon,3668917,1.3892223E+10,8.115
1992,Lebanon,3747374,1.50119352E+10,9.727
1993,Lebanon,3820652,1.6606039E+10,10.355
1994,Lebanon,3889803,1.85429627E+10,11.111
1995,Lebanon,3960741,2.04275651E+10,12.255
1996,Lebanon,4034783,2.22044467E+10,12.753
1997,Lebanon,4108409,2.24346788E+10,15.099
1998,Lebanon,4181287,2.40277955E+10,16.286
1999,Lebanon,4255277,2.47318262E+10,16.43
2000,Lebanon,4329344,2.59159757E+10,15.466
2001,Lebanon,4401921,2.78548255E+10,16.407
2002,Lebanon,4463507,2.97716838E+10,16.244
2003,Lebanon,4525512,3.17785149E+10,18.529
2004,Lebanon,4599286,3.53140122E+10,17.208
2005,Lebanon,4671106,3.75123845E+10,16.65
2006,Lebanon,4751146,3.944214E+10,14.792
2007,Lebanon,4844118,4.45896745E+10,13.746
2008,Lebanon,4925360,5.036156E+10,17.418
2009,Lebanon,4992293,5.730468E+10,20.958
2010,Lebanon,5041290,6.40062423E+10,19.997
2011,Lebanon,5096018,6.678207E+10,20.264
2012,Lebanon,5235744,6.84943647E+10,22.332
2013,Lebanon,5743440,7.11163249E+10,22.163
2014,Lebanon,6346993,7.288356E+10,23.992
2015,Lebanon,6472470,7.32195553E+10,25.735
2016,Lebanon,6323062,7.435886E+10,26.442
2017,Lebanon,6160128,7.503032E+10,27.824
2018,Lebanon,5984120,7.361599E+10,26.157
2019,Lebanon,5794600,6.85254533E+10,25.661
2020,Lebanon,5702401,5.077256E+10,23.815
2021,Lebanon,5718127,5.07726152E+10,19.291
2022,Lebanon,5744494,4.87417078E+10,18.922
1990,Lesotho,1809697,3.205046E+09,1.473
1991,Lesotho,1842383,3.21033651E+09,1.528
1992,Lesotho,1873281,3.373567E+09,1.587
1993,Lesotho,1901801,3.40948429E+09,1.634
1994,Lesotho,1927709,3.499928E+09,1.674
1995,Lesotho,1951442,3.49031578E+09,1.707
1996,Lesotho,1972424,3.610274E+09,1.737
1997,Lesotho,1988139,3.655545E+09,1.77
1998,Lesotho,1998049,3.64732262E+09,1.803
1999,Lesotho,2003238,3.6708073E+09,1.825
2000,Lesotho,2003918,3.769602E+09,1.85
2001,Lesotho,2000859,3.83892147E+09,1.876
2002,Lesotho,1994686,3.77308774E+09,1.905
2003,Lesotho,1985060,3.85795123E+09,1.931
2004,Lesotho,1971132,3.85781581E+09,1.982
2005,Lesotho,1953080,3.8705385E+09,2.012
2006,Lesotho,1945066,3.94609638E+09,2.037
2007,Lesotho,1953272,4.03881242E+09,2.074
2008,Lesotho,1966547,4.17059686E+09,2.125
2009,Lesotho,1980885,4.21404032E+09,2.217
2010,Lesotho,1996257,4.4426537E+09,2.275
2011,Lesotho,2014015,4.51605E+09,3.063
2012,Lesotho,2034363,4.74008E+09,3.092
2013,Lesotho,2056508,4.954224E+09,2.334
2014,Lesotho,2080091,5.134648E+09,2.473
2015,Lesotho,2104613,5.27908E+09,2.242
2016,Lesotho,2130426,5.418793E+09,2.213
2017,Lesotho,2157116,5.19745331E+09,2.514
2018,Lesotho,2183612,5.068079E+09,2.371
2019,Lesotho,2209414,4.99621427E+09,2.389
2020,Lesotho,2235727,4.6235607E+09,2.173
2021,Lesotho,2261549,4.70922035E+09,3.426
2022,Lesotho,2286112,4.76172339E+09,3.833
1951,Liberia,936414,2.745651E+09,0.044
1952,Liberia,954975,2.828051E+09,0.055
1953,Liberia,974392,2.9393E+09,0.059
1954,Liberia,994771,3.104862E+09,0.103
1955,Liberia,1016397,3.205312E+09,0.059
1956,Liberia,1039157,3.326288E+09,0.048
1957,Liberia,1062948,3.452112E+09,0.084
1958,Liberia,1087254,3.548545E+09,0.161
1959,Liberia,1112561,3.75734E+09,0.143
1960,Liberia,1139519,3.87607E+09,0.165
1961,Liberia,1167720,3.967029E+09,0.161
1962,Liberia,1197041,4.020156E+09,0.253
1963,Liberia,1227418,4.116112E+09,0.355
1964,Liberia,1258749,4.326504E+09,0.484
1965,Liberia,1291155,4.399551E+09,0.557
1966,Liberia,1324389,5.234752E+09,0.612
1967,Liberia,1358441,5.2032E+09,0.612
1968,Liberia,1393532,5.451248E+09,0.883
1969,Liberia,1429613,5.847313E+09,1.271
1970,Liberia,1466675,6.226429E+09,1.451
1971,Liberia,1504082,6.54336E+09,1.524
1972,Liberia,1542673,6.778912E+09,1.506
1973,Liberia,1583590,7.037987E+09,1.48
1974,Liberia,1626363,7.279432E+09,1.722
1975,Liberia,1670916,6.999468E+09,1.484
1976,Liberia,1717070,7.333315E+09,1.476
1977,Liberia,1766028,7.402334E+09,1.471
1978,Liberia,1818256,7.828102E+09,1.503
1979,Liberia,1872713,8.200984E+09,1.942
1980,Liberia,1929262,7.688404E+09,2.038
1981,Liberia,1986864,7.388006E+09,1.935
1982,Liberia,2045076,7.519236E+09,0.597
1983,Liberia,2107114,7.261876E+09,0.707
1984,Liberia,2173314,7.216528E+09,0.695
1985,Liberia,2240550,7.070847E+09,0.716
1986,Liberia,2308517,6.987057E+09,0.723
1987,Liberia,2377232,7.111704E+09,0.758
1988,Liberia,2446941,7.31274E+09,0.809
1989,Liberia,2517864,7.518948E+09,0.66
1990,Liberia,2223667,3.68082E+09,0.456
1991,Liberia,1956523,2.990947E+09,0.375
1992,Liberia,2072465,1.83847731E+09,0.392
1993,Liberia,2155134,1.167734E+09,0.417
1994,Liberia,2149928,865093568,0.415
1995,Liberia,2169167,783478656,0.416
1996,Liberia,2232286,8.33013E+08,0.427
1997,Liberia,2412994,1.62603674E+09,0.446
1998,Liberia,2670127,1.996596E+09,0.473
1999,Liberia,2821689,2.32552243E+09,0.376
2000,Liberia,2928117,2.7670935E+09,0.399
2001,Liberia,3015343,3.200677E+09,0.417
2002,Liberia,3094792,3.99873562E+09,0.432
2003,Liberia,3119533,2.5412503E+09,0.464
2004,Liberia,3156892,2.28643174E+09,0.546
2005,Liberia,3301017,2.36989158E+09,0.651
2006,Liberia,3490792,2.547129E+09,0.673
2007,Liberia,3669051,2.66491E+09,0.625
2008,Liberia,3821007,2.92260224E+09,0.531
2009,Liberia,3943036,3.10898022E+09,0.522
2010,Liberia,4058897,3.260615E+09,0.709
2011,Liberia,4221178,3.26688E+09,0.819
2012,Liberia,4373045,3.532273E+09,0.915
2013,Liberia,4470245,3.8196E+09,0.874
2014,Liberia,4564301,3.843632E+09,0.734
2015,Liberia,4659438,3.8579E+09,0.698
2016,Liberia,4755607,3.85997619E+09,0.644
2017,Liberia,4848927,3.97767424E+09,0.67
2018,Liberia,4944727,4.05163187E+09,0.606
2019,Liberia,5043720,3.959326E+09,0.932
2020,Liberia,5149471,3.84566451E+09,0.78
2021,Liberia,5259326,4.03743667E+09,0.783
2022,Liberia,5373296,4.231561E+09,0.792
1951,Libya,1145389,6.610468E+08,0.169
1952,Libya,1162480,7.107511E+08,0.165
1953,Libya,1183300,720506944,0.249
1954,Libya,1208183,7.189572E+08,0.3
1955,Libya,1241388,9.058373E+08,0.429
1956,Libya,1282960,1.10289971E+09,0.33
1957,Libya,1328857,1.15111168E+09,0.311
1958,Libya,1379207,1.26951949E+09,0.352
1959,Libya,1433965,1.37139866E+09,0.432
1960,Libya,1492892,1.77010394E+09,0.692
1961,Libya,1555702,1.94392384E+09,1.194
1962,Libya,1621959,2.578051E+09,1.048
1963,Libya,1690459,3.4797655E+09,1.462
1964,Libya,1753691,4.92449946E+09,0.663
1965,Libya,1804016,6.3148416E+09,1.015
1966,Libya,1849067,7.482067E+09,2.627
1967,Libya,1898203,8.326407E+09,18.492
1968,Libya,1952789,1.113255E+10,30.114
1969,Libya,2014294,1.25743268E+10,35.522
1970,Libya,2082597,1.31764767E+10,32.305
1971,Libya,2153537,1.24809062E+10,21.628
1972,Libya,2226105,1.362084E+10,15.22
1973,Libya,2314198,1.38857759E+10,14.575
1974,Libya,2432219,1.69708687E+10,9.338
1975,Libya,2571563,1.76583332E+10,11.568
1976,Libya,2721245,2.17078743E+10,17.888
1977,Libya,2881540,2.363052E+10,20.198
1978,Libya,3052531,2.44156E+10,21.155
1979,Libya,3233850,2.66090332E+10,25.926
1980,Libya,3424375,2.67943547E+10,26.781
1981,Libya,3621488,2.1659519E+10,28.668
1982,Libya,3724775,2.22748774E+10,30.565
1983,Libya,3718967,2.173302E+10,30.146
1984,Libya,3773637,2.064392E+10,28.276
1985,Libya,3898745,2.23906714E+10,31.002
1986,Libya,4017404,1.986652E+10,33.895
1987,Libya,4129743,1.69663078E+10,32.348
1988,Libya,4237754,1.82751764E+10,36.16
1989,Libya,4342927,1.9622826E+10,37.069
1990,Libya,4445242,2.037208E+10,36.514
1991,Libya,4544405,2.53892772E+10,42.62
1992,Libya,4640358,2.66177864E+10,37.024
1993,Libya,4733054,2.76019569E+10,38.708
1994,Libya,4822039,3.03195587E+10,51.36
1995,Libya,4906851,3.19435284E+10,54.596
1996,Libya,4987402,3.521177E+10,53.952
1997,Libya,5064640,3.99832842E+10,51.779
1998,Libya,5140710,4.16176E+10,51.653
1999,Libya,5218040,4.525716E+10,50.26
2000,Libya,5305020,4.998345E+10,53.239
2001,Libya,5403637,5.42257E+10,53.114
2002,Libya,5508411,5.77858E+10,52.525
2003,Libya,5619403,7.047528E+10,55.477
2004,Libya,5736696,7.941554E+10,56.85
2005,Libya,5858791,9.452315E+10,55.986
2006,Libya,5980212,1.08873E+11,53.777
2007,Libya,6104379,1.23716E+11,44.392
2008,Libya,6235433,1.53727E+11,49.699
2009,Libya,6366688,1.6556E+11,51.627
2010,Libya,6497838,1.87529E+11,59.148
2011,Libya,6343210,7.921008E+10,53.542
2012,Libya,6179328,1.47986E+11,61.606
2013,Libya,6304636,1.21351E+11,51.344
2014,Libya,6427260,9.338834E+10,68.348
2015,Libya,6531825,9.260108E+10,62.644
2016,Libya,6632129,9.122039E+10,60.171
2017,Libya,6738770,1.2086E+11,69.58
2018,Libya,6849060,1.30457E+11,65.323
2019,Libya,6951038,1.15851E+11,76.247
2020,Libya,7045404,8.172608E+10,34.237
2021,Libya,7135180,1.04883E+11,56.541
2022,Libya,7223804,9.144448E+10,57.546
1973,Lithuania,3236224,3.92809021E+10,28.609
1980,Lithuania,3428416,4.374497E+10,36.583
1981,Lithuania,3452313,4.566828E+10,35.962
1982,Lithuania,3477581,4.76794143E+10,36.65
1983,Lithuania,3505434,4.83337257E+10,37.212
1984,Lithuania,3534124,4.90455245E+10,37.569
1985,Lithuania,3562393,4.76608922E+10,40.477
1986,Lithuania,3593781,4.94689772E+10,36.035
1987,Lithuania,3627368,5.05293332E+10,36.044
1988,Lithuania,3672653,5.4561833E+10,36.441
1989,Lithuania,3696106,5.40886057E+10,36.79
1990,Lithuania,3695015,5.102199E+10,35.772
1991,Lithuania,3701409,4.778676E+10,37.855
1992,Lithuania,3697553,3.715935E+10,21.203
1993,Lithuania,3680202,3.073628E+10,16.355
1994,Lithuania,3654893,2.76614513E+10,15.802
1995,Lithuania,3627038,2.921654E+10,15.092
1996,Lithuania,3599721,3.07217633E+10,15.775
1997,Lithuania,3573418,3.326737E+10,15.198
1998,Lithuania,3547769,3.5744383E+10,16.032
1999,Lithuania,3522905,3.533538E+10,13.485
2000,Lithuania,3500410,3.66848E+10,11.878
2001,Lithuania,3473008,3.907707E+10,12.629
2002,Lithuania,3444051,4.17166746E+10,12.701
2003,Lithuania,3415276,4.610606E+10,12.695
2004,Lithuania,3376703,4.912358E+10,13.29
2005,Lithuania,3322264,5.291308E+10,13.901
2006,Lithuania,3269809,5.682741E+10,14.234
2007,Lithuania,3231378,6.312223E+10,15.519
2008,Lithuania,3198483,6.47762452E+10,14.958
2009,Lithuania,3163258,5.51745331E+10,12.861
2010,Lithuania,3097719,5.60737772E+10,13.834
2011,Lithuania,3028642,5.946037E+10,13.991
2012,Lithuania,2988334,6.174595E+10,14.084
2013,Lithuania,2958359,6.39378473E+10,13.18
2014,Lithuania,2933172,6.619937E+10,12.885
2015,Lithuania,2905772,6.75396567E+10,13.088
2016,Lithuania,2869108,6.924091E+10,13.156
2017,Lithuania,2829318,7.220613E+10,13.32
2018,Lithuania,2802484,7.50896E+10,13.47
2019,Lithuania,2795057,7.856264E+10,13.707
2020,Lithuania,2795766,7.854527E+10,13.563
2021,Lithuania,2794489,8.32428442E+10,13.851
2022,Lithuania,2816922,8.481426E+10,12.857
1951,Luxembourg,298159,3.66933222E+09,9.009
1952,Luxembourg,299907,3.93889971E+09,9.401
1953,Luxembourg,301691,3.99139482E+09,8.654
1954,Luxembourg,303488,4.01030656E+09,8.782
1955,Luxembourg,305313,4.21140864E+09,9.885
1956,Luxembourg,306953,4.397779E+09,10.368
1957,Luxembourg,308438,4.61476557E+09,10.837
1958,Luxembourg,310039,4.683222E+09,10.086
1959,Luxembourg,312041,4.80116838E+09,10.42
1960,Luxembourg,313886,4.98268826E+09,11.508
1961,Luxembourg,316345,5.180099E+09,11.581
1962,Luxembourg,319662,5.250677E+09,11.541
1963,Luxembourg,322856,5.43386061E+09,11.438
1964,Luxembourg,326232,5.854926E+09,12.296
1965,Luxembourg,329709,5.967663E+09,12.193
1966,Luxembourg,333085,6.03815731E+09,11.61
1967,Luxembourg,335524,6.052327E+09,11.35
1968,Luxembourg,337014,6.305567E+09,12.259
1969,Luxembourg,338270,6.92415E+09,13.182
1970,Luxembourg,339338,7.0422697E+09,13.735
1971,Luxembourg,341961,7.230461E+09,13.194
1972,Luxembourg,346085,7.706998E+09,13.493
1973,Luxembourg,349205,8.347719E+09,14.175
1974,Luxembourg,351432,8.69979E+09,14.424
1975,Luxembourg,353686,8.127705E+09,11.864
1976,Luxembourg,355878,8.333325E+09,11.862
1977,Luxembourg,358251,8.464075E+09,10.954
1978,Luxembourg,361046,8.810255E+09,11.881
1979,Luxembourg,362896,9.015468E+09,12.162
1980,Luxembourg,363710,9.092144E+09,11.074
1981,Luxembourg,364486,9.184694E+09,9.486
1982,Luxembourg,365060,9.144779E+09,8.924
1983,Luxembourg,365492,9.417148E+09,8.364
1984,Luxembourg,365904,1.00003246E+10,9.004
1985,Luxembourg,366664,1.0292481E+10,9.237
1986,Luxembourg,368408,1.108939E+10,9.111
1987,Luxembourg,370790,1.13478943E+10,8.812
1988,Luxembourg,373786,1.25274358E+10,9.1
1989,Luxembourg,377384,1.37612646E+10,9.846
1990,Luxembourg,381707,1.405715E+10,11.813
1991,Luxembourg,386820,1.52159959E+10,12.424
1992,Luxembourg,391973,1.54376325E+10,12.192
1993,Luxembourg,397210,1.60360387E+10,12.341
1994,Luxembourg,402596,1.65983683E+10,11.525
1995,Luxembourg,408237,1.67699487E+10,9.136
1996,Luxembourg,413779,1.69102991E+10,9.186
1997,Luxembourg,418970,1.78134979E+10,8.547
1998,Luxembourg,424158,1.8821505E+10,7.655
1999,Luxembourg,429909,2.03553423E+10,8.117
2000,Luxembourg,436142,2.19374674E+10,8.702
2001,Luxembourg,441755,2.2387798E+10,9.206
2002,Luxembourg,446393,2.31602729E+10,9.979
2003,Luxembourg,451845,2.34541916E+10,10.451
2004,Luxembourg,458307,2.41955389E+10,11.819
2005,Luxembourg,465372,2.48728658E+10,12.077
2006,Luxembourg,472871,2.60456448E+10,11.909
2007,Luxembourg,480277,2.81359483E+10,11.305
2008,Luxembourg,488995,2.76604662E+10,11.169
2009,Luxembourg,498195,2.63446036E+10,10.625
2010,Luxembourg,507418,2.75267E+10,11.195
2011,Luxembourg,518583,2.81431265E+10,11.097
2012,Luxembourg,530952,2.860741E+10,10.866
2013,Luxembourg,543359,2.95148114E+10,10.334
2014,Luxembourg,556285,3.02890148E+10,9.816
2015,Luxembourg,569541,3.09764915E+10,9.345
2016,Luxembourg,583511,3.25185536E+10,9.09
2017,Luxembourg,596505,3.29469112E+10,9.263
2018,Luxembourg,608108,3.33486039E+10,9.567
2019,Luxembourg,620166,3.41222932E+10,9.762
2020,Luxembourg,630597,3.385019E+10,8.075
2021,Luxembourg,640276,3.55773972E+10,8.421
2022,Luxembourg,653316,3.612836E+10,7.277
1951,Madagascar,4057204,7.264858E+09,0.245
1952,Madagascar,4160843,7.53016371E+09,0.308
1953,Madagascar,4267536,7.80570726E+09,0.253
1954,Madagascar,4377321,8.091949E+09,0.289
1955,Madagascar,4490119,8.389456E+09,0.304
1956,Madagascar,4606423,8.698909E+09,0.319
1957,Madagascar,4726637,9.021303E+09,0.315
1958,Madagascar,4850853,9.356975E+09,0.374
1959,Madagascar,4979096,9.70116E+09,0.374
1960,Madagascar,5111034,9.828726E+09,0.399
1961,Madagascar,5246163,1.003425E+10,0.355
1962,Madagascar,5384153,1.0265983E+10,0.396
1963,Madagascar,5525189,1.01695631E+10,0.461
1964,Madagascar,5669866,1.057392E+10,0.483
1965,Madagascar,5819116,1.05253868E+10,0.557
1966,Madagascar,5974281,1.07446E+10,0.579
1967,Madagascar,6136494,1.13388554E+10,0.842
1968,Madagascar,6306501,1.2111318E+10,0.912
1969,Madagascar,6484720,1.25701591E+10,0.85
1970,Madagascar,6672005,1.32200684E+10,0.971
1971,Madagascar,6868874,1.37441014E+10,1.026
1972,Madagascar,7074405,1.35699364E+10,1.286
1973,Madagascar,7288053,1.322483E+10,1.073
1974,Madagascar,7509734,1.34812088E+10,1.187
1975,Madagascar,7739340,1.36488028E+10,1.693
1976,Madagascar,7976837,1.32257352E+10,0.992
1977,Madagascar,8222239,1.3547776E+10,0.846
1978,Madagascar,8475862,1.31917527E+10,1.017
1979,Madagascar,8737586,1.44886661E+10,1.13
1980,Madagascar,9006039,1.46012918E+10,1.614
1981,Madagascar,9279017,1.33366354E+10,1.025
1982,Madagascar,9557679,1.30857277E+10,1.013
1983,Madagascar,9843046,1.32009083E+10,0.65
1984,Madagascar,10134560,1.27113984E+10,0.866
1985,Madagascar,10433143,1.29971067E+10,1.053
1986,Madagascar,10736864,1.30848041E+10,1.137
1987,Madagascar,11047299,1.33811978E+10,1.282
1988,Madagascar,11369461,1.35871058E+10,1.286
1989,Madagascar,11705003,1.41227438E+10,0.926
1990,Madagascar,12055648,1.46806794E+10,0.944
1991,Madagascar,12421413,1.39149189E+10,1.025
1992,Madagascar,12800869,1.42427177E+10,1.003
1993,Madagascar,13197353,1.4700034E+10,1.032
1994,Madagascar,13613859,1.48628E+10,1.152
1995,Madagascar,14051278,1.528815E+10,1.192
1996,Madagascar,14510711,1.57937961E+10,1.245
1997,Madagascar,14990817,1.65610691E+10,1.535
1998,Madagascar,15489363,1.73939323E+10,1.619
1999,Madagascar,16000506,1.84162468E+10,1.763
2000,Madagascar,16516337,1.94572E+10,1.948
2001,Madagascar,17032933,2.08504156E+10,1.743
2002,Madagascar,17549914,1.847384E+10,1.236
2003,Madagascar,18071858,2.05097021E+10,1.692
2004,Madagascar,18606607,2.18349322E+10,1.804
2005,Madagascar,19159713,2.31297618E+10,1.741
2006,Madagascar,19730918,2.46522348E+10,1.675
2007,Madagascar,20318590,2.65391882E+10,1.735
2008,Madagascar,20923841,2.87624479E+10,1.78
2009,Madagascar,21547277,2.77250519E+10,1.706
2010,Madagascar,22183343,2.81224212E+10,1.872
2011,Madagascar,22822305,2.88436347E+10,2.374
2012,Madagascar,23462444,2.971212E+10,2.744
2013,Madagascar,24109290,3.03955E+10,3.193
2014,Madagascar,24764357,3.14104054E+10,3.096
2015,Madagascar,25426704,3.23941765E+10,3.249
2016,Madagascar,26099951,3.36876749E+10,3.374
2017,Madagascar,26788379,3.50126121E+10,3.976
2018,Madagascar,27494930,3.613092E+10,3.733
2019,Madagascar,28219558,3.772465E+10,4.297
2020,Madagascar,28953560,3.50318633E+10,3.975
2021,Madagascar,29691087,3.70426962E+10,4.455
2022,Madagascar,30437263,3.86021868E+10,4.309
1951,Malawi,3002887,1.51613414E+09,0.259
1952,Malawi,3059384,1.575613E+09,0.291
1953,Malawi,3119242,1.64350822E+09,0.317
1954,Malawi,3181538,1.7142391E+09,0.349
1955,Malawi,3246544,1.74171942E+09,0.411
1956,Malawi,3315299,1.88799475E+09,0.448
1957,Malawi,3387745,1.96495514E+09,0.461
1958,Malawi,3463948,2.03612275E+09,0.412
1959,Malawi,3544167,2.10965376E+09,0.46
1960,Malawi,3628136,2.16687872E+09,0.438
1961,Malawi,3715543,2.274644E+09,0.373
1962,Malawi,3806310,2.27150848E+09,0.361
1963,Malawi,3900513,2.23211E+09,0.347
1964,Malawi,3997308,2.18286464E+09,0.33
1965,Malawi,4096158,2.477622E+09,0.348
1966,Malawi,4197928,2.731617E+09,0.429
1967,Malawi,4303018,3.009892E+09,0.366
1968,Malawi,4411055,2.97807744E+09,0.388
1969,Malawi,4521184,3.171731E+09,0.381
1970,Malawi,4633949,3.21424819E+09,0.454
1971,Malawi,4751442,3.67648051E+09,0.502
1972,Malawi,4874479,4.05132672E+09,0.546
1973,Malawi,5003936,4.390892E+09,0.571
1974,Malawi,5141342,4.707626E+09,0.549
1975,Malawi,5287371,4.96636672E+09,0.578
1976,Malawi,5443389,5.209986E+09,0.582
1977,Malawi,5614990,5.47984128E+09,0.637
1978,Malawi,5810134,5.968533E+09,0.67
1979,Malawi,6028752,6.24762368E+09,0.637
1980,Malawi,6265530,6.283546E+09,0.71
1981,Malawi,6516458,5.9748183E+09,0.604
1982,Malawi,6778885,6.02806733E+09,0.593
1983,Malawi,7051707,6.284869E+09,0.575
1984,Malawi,7332810,6.57162547E+09,0.556
1985,Malawi,7620509,7.081271E+09,0.556
1986,Malawi,7906485,7.121541E+09,0.552
1987,Malawi,8293174,7.28450355E+09,0.545
1988,Malawi,8753264,7.48157E+09,0.541
1989,Malawi,9176223,7.84686336E+09,0.563
1990,Malawi,9545860,8.210711E+09,0.74
1991,Malawi,9844228,8.902463E+09,0.788
1992,Malawi,10135082,8.22706637E+09,0.787
1993,Malawi,10284027,9.004543E+09,0.882
1994,Malawi,10164900,8.05987942E+09,0.902
1995,Malawi,10150123,9.155588E+09,0.907
1996,Malawi,10352228,1.00647127E+10,0.92
1997,Malawi,10562035,1.07170427E+10,0.915
1998,Malawi,10792877,1.08222863E+10,0.902
1999,Malawi,11047814,1.11948667E+10,0.893
2000,Malawi,11315946,1.12742062E+10,0.858
2001,Malawi,11593057,1.0808319E+10,0.773
2002,Malawi,11880440,1.09842708E+10,0.856
2003,Malawi,12181575,1.15817E+10,0.918
2004,Malawi,12500736,1.21768223E+10,0.902
2005,Malawi,12840034,1.25352294E+10,0.849
2006,Malawi,13198700,1.30794957E+10,0.848
2007,Malawi,13576343,1.42828943E+10,0.919
2008,Malawi,13976416,1.52937851E+10,0.998
2009,Malawi,14395788,1.64868721E+10,1.013
2010,Malawi,14826466,1.749588E+10,0.968
2011,Malawi,15265026,1.82203474E+10,1.056
2012,Malawi,15709576,1.85639813E+10,1.066
2013,Malawi,16161817,1.952931E+10,1.146
2014,Malawi,16621535,2.06424822E+10,1.041
2015,Malawi,17085585,2.12514365E+10,1.083
2016,Malawi,17557739,2.173384E+10,1.206
2017,Malawi,18039712,2.26031944E+10,1.23
2018,Malawi,18528087,2.35959276E+10,1.723
2019,Malawi,19025748,2.48814326E+10,1.721
2020,Malawi,19533886,2.51086049E+10,1.768
2021,Malawi,20047263,2.62553088E+10,1.885
2022,Malawi,20568731,2.64653517E+10,1.748
1951,Malaysia,6257416,1.5105321E+10,5.22
1952,Malaysia,6422850,1.58249462E+10,6.371
1953,Malaysia,6593946,1.59019223E+10,6.499
1954,Malaysia,6772375,1.69042145E+10,7.004
1955,Malaysia,6959960,1.70143724E+10,7.43
1956,Malaysia,7156628,1.803967E+10,7.563
1957,Malaysia,7362818,1.79472855E+10,3.513
1958,Malaysia,7562884,1.79392737E+10,3.832
1959,Malaysia,7755779,1.91615713E+10,3.183
1960,Malaysia,7956200,2.05570949E+10,4.201
1961,Malaysia,8164448,2.198771E+10,4.685
1962,Malaysia,8380175,2.32367575E+10,4.777
1963,Malaysia,8602168,2.43348787E+10,5.828
1964,Malaysia,8828414,2.58806149E+10,7.399
1965,Malaysia,9056415,2.77466522E+10,8.38
1966,Malaysia,9284694,2.912522E+10,9.834
1967,Malaysia,9507107,2.96217784E+10,10.128
1968,Malaysia,9725281,3.22273137E+10,10.53
1969,Malaysia,9947602,3.40767212E+10,9.138
1970,Malaysia,10178801,3.6156457E+10,14.586
1971,Malaysia,10423464,3.882038E+10,16.663
1972,Malaysia,10676839,4.17498931E+10,17.901
1973,Malaysia,10935623,4.77961257E+10,17.505
1974,Malaysia,11200905,5.13611244E+10,19.045
1975,Malaysia,11471912,5.17802844E+10,19.445
1976,Malaysia,11750093,5.822528E+10,23.898
1977,Malaysia,12035715,6.29809029E+10,22.621
1978,Malaysia,12328158,6.85042934E+10,23.26
1979,Malaysia,12627863,7.407558E+10,27.306
1980,Malaysia,12983361,8.023241E+10,28.033
1981,Malaysia,13399206,8.591567E+10,30.878
1982,Malaysia,13832795,9.10227E+10,30.642
1983,Malaysia,14285914,9.65804851E+10,38.048
1984,Malaysia,14759014,1.04084E+11,34.794
1985,Malaysia,15252259,1.03003E+11,36.33
1986,Malaysia,15760425,1.04308E+11,40.102
1987,Malaysia,16276735,1.09809E+11,40.878
1988,Malaysia,16796611,1.19529E+11,42.869
1989,Malaysia,17315003,1.307E+11,50.084
1990,Malaysia,17833178,1.43192E+11,54.269
1991,Malaysia,18342474,1.57808E+11,65.785
1992,Malaysia,18834569,1.73042E+11,72.961
1993,Malaysia,19322667,1.91755E+11,86.612
1994,Malaysia,19820445,2.11154E+11,87.497
1995,Malaysia,20330602,2.33787E+11,109.595
1996,Malaysia,20850085,2.5919E+11,110.108
1997,Malaysia,21375224,2.80384E+11,118.471
1998,Malaysia,21906713,2.61784E+11,109.782
1999,Malaysia,22435533,2.79672E+11,103.987
2000,Malaysia,22967817,3.05803E+11,122.878
2001,Malaysia,23526534,3.09934E+11,130.89
2002,Malaysia,24102479,3.297E+11,132.035
2003,Malaysia,24679604,3.50967E+11,153.384
2004,Malaysia,25256771,3.77079E+11,169.678
2005,Malaysia,25836073,3.99781E+11,169.967
2006,Malaysia,26417906,4.26609E+11,170.166
2007,Malaysia,26998384,4.58126E+11,175.451
2008,Malaysia,27570054,4.85245E+11,192.847
2009,Malaysia,28124780,4.83081E+11,192.119
2010,Malaysia,28655771,5.25057E+11,199.346
2011,Malaysia,29162033,5.5747E+11,203.452
2012,Malaysia,29662835,5.87986E+11,212.99
2013,Malaysia,30174269,6.15586E+11,241.671
2014,Malaysia,30696133,6.52564E+11,245.05
2015,Malaysia,31232796,6.85238E+11,235.938
2016,Malaysia,31789694,7.15731E+11,237.294
2017,Malaysia,32355642,7.57336E+11,244.457
2018,Malaysia,32910962,7.94014E+11,262.643
2019,Malaysia,33440588,8.29054E+11,279.842
2020,Malaysia,33889555,7.83174E+11,263.199
2021,Malaysia,34282405,8.0739E+11,273.152
2022,Malaysia,34695494,8.77584E+11,285.448
1959,Mali,5325648,3.72362342E+09,0.048
1960,Mali,5402549,3.825022E+09,0.121
1961,Mali,5482289,3.851527E+09,0.117
1962,Mali,5563922,3.86914253E+09,0.139
1963,Mali,5646608,4.135129E+09,0.176
1964,Mali,5730130,4.32865126E+09,0.176
1965,Mali,5815484,4.38520934E+09,0.198
1966,Mali,5902207,4.57041357E+09,0.191
1967,Mali,5990908,4.726339E+09,0.224
1968,Mali,6082987,4.89868237E+09,0.198
1969,Mali,6177696,4.87683072E+09,0.161
1970,Mali,6276476,5.180025E+09,0.202
1971,Mali,6377946,5.35957248E+09,0.227
1972,Mali,6483730,5.632969E+09,0.245
1973,Mali,6597115,5.496109E+09,0.267
1974,Mali,6715436,5.3633705E+09,0.304
1975,Mali,6837265,6.10558771E+09,0.341
1976,Mali,6960979,6.93885952E+09,0.34
1977,Mali,7090985,7.41013658E+09,0.413
1978,Mali,7229653,7.21177037E+09,0.395
1979,Mali,7375272,8.945926E+09,0.428
1980,Mali,7530521,7.893523E+09,0.391
1981,Mali,7692765,7.63388774E+09,0.395
1982,Mali,7860195,7.19821158E+09,0.365
1983,Mali,8034400,7.51419E+09,0.417
1984,Mali,8208599,7.840599E+09,0.435
1985,Mali,8374661,8.016484E+09,0.405
1986,Mali,8531272,8.52863642E+09,0.38
1987,Mali,8681166,8.685989E+09,0.358
1988,Mali,8834000,8.679173E+09,0.383
1989,Mali,8999935,9.552949E+09,0.416
1990,Mali,9178827,9.628797E+09,0.422
1991,Mali,9362885,1.0269525E+10,0.426
1992,Mali,9553541,9.995131E+09,0.463
1993,Mali,9754785,1.02495324E+10,0.503
1994,Mali,9967032,1.05207921E+10,0.548
1995,Mali,10185367,1.07366472E+10,0.595
1996,Mali,10407275,1.13899643E+10,0.646
1997,Mali,10646498,1.17931674E+10,0.727
1998,Mali,10919578,1.20085852E+10,0.934
1999,Mali,11227419,1.26341939E+10,0.971
2000,Mali,11559291,1.24903721E+10,1.066
2001,Mali,11912162,1.42573906E+10,1.161
2002,Mali,12288051,1.45445315E+10,1.209
2003,Mali,12684952,1.57307935E+10,1.246
2004,Mali,13102414,1.58289254E+10,1.407
2005,Mali,13538647,1.67002132E+10,1.455
2006,Mali,13990143,1.73204234E+10,1.535
2007,Mali,14457777,1.77796526E+10,1.788
2008,Mali,14940785,1.848611E+10,1.957
2009,Mali,15435537,1.91862866E+10,1.887
2010,Mali,15945201,2.00547287E+10,2.088
2011,Mali,16469051,2.05186949E+10,2.279
2012,Mali,16957039,2.034716E+10,2.437
2013,Mali,17459621,2.08141271E+10,2.743
2014,Mali,18020267,2.22888059E+10,3.136
2015,Mali,18593022,2.36644721E+10,3.399
2016,Mali,19191297,2.50493174E+10,4.29
2017,Mali,19813016,2.63781847E+10,4.77
2018,Mali,20442029,2.76300943E+10,5.198
2019,Mali,21068406,2.89466655E+10,5.833
2020,Mali,21713839,2.85865677E+10,6.448
2021,Mali,22388638,2.94598881E+10,6.886
2022,Mali,23072639,3.05510851E+10,6.988
1951,Malta,300462,513364736,0.256
1952,Malta,304914,5.385689E+08,0.242
1953,Malta,309349,5.643842E+08,0.231
1954,Malta,313753,589687232,0.308
1955,Malta,318148,606732160,0.341
1956,Malta,322464,6.752419E+08,0.297
1957,Malta,326704,683462144,0.311
1958,Malta,329415,7.259747E+08,0.33
1959,Malta,330361,7.399901E+08,0.388
1960,Malta,330829,7.82856E+08,0.341
1961,Malta,330855,7.764243E+08,0.293
1962,Malta,330499,743564864,0.33
1963,Malta,329814,7.425265E+08,0.41
1964,Malta,328794,7.581737E+08,0.498
1965,Malta,327408,8.103574E+08,0.473
1966,Malta,325676,8.978391E+08,0.414
1967,Malta,323820,9.60179E+08,0.52
1968,Malta,323515,1.05641146E+09,0.638
1969,Malta,324760,1.12413478E+09,0.652
1970,Malta,326016,1.26613786E+09,0.663
1971,Malta,327298,1.297641E+09,0.66
1972,Malta,328616,1.37322957E+09,0.839
1973,Malta,330057,1.42960435E+09,0.806
1974,Malta,331686,1.57329715E+09,0.744
1975,Malta,333458,1.88115738E+09,0.667
1976,Malta,335291,2.201402E+09,0.762
1977,Malta,337169,2.469907E+09,0.802
1978,Malta,339069,2.745471E+09,0.934
1979,Malta,340974,3.03343053E+09,0.905
1980,Malta,342882,3.246889E+09,1.022
1981,Malta,344756,3.354326E+09,1.143
1982,Malta,346654,3.43147469E+09,1.312
1983,Malta,348597,3.41044E+09,0.997
1984,Malta,350555,3.44246016E+09,1.363
1985,Malta,352567,3.5314688E+09,1.198
1986,Malta,355082,3.668679E+09,1.484
1987,Malta,358089,3.81962138E+09,1.854
1988,Malta,361226,4.14070349E+09,2.012
1989,Malta,364530,4.479557E+09,2.169
1990,Malta,367913,4.7614E+09,2.427
1991,Malta,371335,5.01792768E+09,2.272
1992,Malta,374806,5.25106739E+09,2.294
1993,Malta,378221,5.496706E+09,2.886
1994,Malta,381467,5.813473E+09,2.658
1995,Malta,384559,6.198304E+09,2.452
1996,Malta,387627,6.43028326E+09,2.534
1997,Malta,390687,6.769142E+09,2.556
1998,Malta,393782,7.11869133E+09,2.525
1999,Malta,396896,7.45606042E+09,2.573
2000,Malta,399905,7.96375245E+09,2.468
2001,Malta,402788,8.01947136E+09,2.737
2002,Malta,405572,8.259627E+09,2.747
2003,Malta,408236,8.473515E+09,2.961
2004,Malta,410800,8.512523E+09,2.849
2005,Malta,413323,8.839849E+09,2.65
2006,Malta,415463,9.004656E+09,2.655
2007,Malta,417201,9.368888E+09,2.728
2008,Malta,418969,9.685986E+09,2.721
2009,Malta,420800,9.450779E+09,2.561
2010,Malta,422652,9.78887E+09,2.619
2011,Malta,424634,9.930575E+09,2.608
2012,Malta,426616,1.03395809E+10,2.749
2013,Malta,428457,1.0905471E+10,2.429
2014,Malta,434494,1.1737899E+10,2.417
2015,Malta,444979,1.28656968E+10,1.699
2016,Malta,455273,1.33006981E+10,1.376
2017,Malta,467902,1.47465052E+10,1.537
2018,Malta,484559,1.56597586E+10,1.547
2019,Malta,504017,1.67573084E+10,1.649
2020,Malta,518213,1.53140716E+10,1.6
2021,Malta,524383,1.71220439E+10,1.611
2022,Malta,528194,1.82951342E+10,1.774
1959,Mauritania,803610,9.46374E+08,0.033
1960,Mauritania,824307,1.019821E+09,0.037
1961,Mauritania,846174,1.19426E+09,0.048
1962,Mauritania,869191,1.168793E+09,0.062
1963,Mauritania,893426,1.096928E+09,0.088
1964,Mauritania,918957,1.423024E+09,0.117
1965,Mauritania,945849,1.62281E+09,0.161
1966,Mauritania,974160,1.63014E+09,0.18
1967,Mauritania,1003857,1.688932E+09,0.198
1968,Mauritania,1034748,1.837279E+09,0.234
1969,Mauritania,1066760,1.808325E+09,0.275
1970,Mauritania,1099815,1.995372E+09,0.429
1971,Mauritania,1133708,2.009763E+09,0.399
1972,Mauritania,1168357,2.014163E+09,0.447
1973,Mauritania,1203842,1.997388E+09,0.469
1974,Mauritania,1240194,2.1666E+09,0.484
1975,Mauritania,1277337,2.385396E+09,0.509
1976,Mauritania,1315342,2.54397E+09,0.517
1977,Mauritania,1353771,2.536352E+09,0.557
1978,Mauritania,1392716,2.346204E+09,0.583
1979,Mauritania,1432762,2.582884E+09,0.605
1980,Mauritania,1474047,2.59869E+09,0.63
1981,Mauritania,1516883,2.704692E+09,0.634
1982,Mauritania,1561182,2.495376E+09,0.883
1983,Mauritania,1606749,2.559344E+09,0.938
1984,Mauritania,1653695,2.50391E+09,0.872
1985,Mauritania,1702109,2.587946E+09,0.656
1986,Mauritania,1751844,2.739492E+09,0.374
1987,Mauritania,1803016,2.799555E+09,3.243
1988,Mauritania,1855862,2.834517E+09,3.184
1989,Mauritania,1903059,2.940274E+09,2.803
1990,Mauritania,1951881,2.908675E+09,0.854
1991,Mauritania,2009741,3.0533033E+09,0.868
1992,Mauritania,2088142,3.18688563E+09,0.905
1993,Mauritania,2174332,3.536022E+09,0.927
1994,Mauritania,2249462,3.78313267E+09,0.956
1995,Mauritania,2312027,3.768652E+09,1.015
1996,Mauritania,2358195,4.25369856E+09,1.063
1997,Mauritania,2411316,4.16659533E+09,1.077
1998,Mauritania,2474650,4.37102643E+09,1.07
1999,Mauritania,2541699,4.762457E+09,1.096
2000,Mauritania,2613451,4.83879E+09,1.114
2001,Mauritania,2678767,5.04076749E+09,1.172
2002,Mauritania,2738660,5.178324E+09,1.249
2003,Mauritania,2802049,5.60375347E+09,1.29
2004,Mauritania,2868671,6.05071E+09,1.385
2005,Mauritania,2939062,6.72891648E+09,1.437
2006,Mauritania,3013660,8.166142E+09,1.55
2007,Mauritania,3093064,8.57047859E+09,1.758
2008,Mauritania,3183278,8.846257E+09,1.834
2009,Mauritania,3284455,8.935093E+09,2.012
2010,Mauritania,3390967,9.55971E+09,2.094
2011,Mauritania,3502814,1.01873275E+10,2.23
2012,Mauritania,3619035,1.07924675E+10,2.448
2013,Mauritania,3734324,1.14107218E+10,2.169
2014,Mauritania,3848513,1.21653033E+10,2.566
2015,Mauritania,3965959,1.23161283E+10,3.002
2016,Mauritania,4086656,1.24163185E+10,2.627
2017,Mauritania,4210602,1.31370435E+10,3.581
2018,Mauritania,4337685,1.3699199E+10,4.452
2019,Mauritania,4467714,1.44247962E+10,4.62
2020,Mauritania,4600135,1.42894172E+10,4.782
2021,Mauritania,4734875,1.46388449E+10,4.503
2022,Mauritania,4875645,1.56745452E+10,4.578
1951,Mauritius,541172,2.005341E+09,0.139
1952,Mauritius,557187,2.06725722E+09,0.176
1953,Mauritius,571925,2.14744435E+09,0.187
1954,Mauritius,585487,2.26853581E+09,0.187
1955,Mauritius,599592,2.34098458E+09,0.128
1956,Mauritius,614563,2.429783E+09,0.22
1957,Mauritius,630413,2.522199E+09,0.22
1958,Mauritius,647157,2.5934912E+09,0.209
1959,Mauritius,664842,2.7432256E+09,0.224
1960,Mauritius,680332,2.91555456E+09,0.18
1961,Mauritius,692534,3.57946624E+09,0.187
1962,Mauritius,705284,3.60602624E+09,0.253
1963,Mauritius,720358,4.10847923E+09,0.209
1964,Mauritius,736545,3.82520166E+09,0.308
1965,Mauritius,752669,3.94914483E+09,0.304
1966,Mauritius,768653,3.80964147E+09,0.275
1967,Mauritius,784262,3.974171E+09,0.498
1968,Mauritius,799288,3.70082253E+09,0.638
1969,Mauritius,813743,3.88265651E+09,0.572
1970,Mauritius,827701,3.86718029E+09,0.498
1971,Mauritius,841115,4.04054349E+09,0.396
1972,Mauritius,853611,4.3656407E+09,0.689
1973,Mauritius,865151,4.88150272E+09,0.678
1974,Mauritius,876471,5.272937E+09,0.692
1975,Mauritius,888032,5.33933E+09,0.59
1976,Mauritius,899860,6.52169933E+09,0.619
1977,Mauritius,912153,6.94812E+09,0.641
1978,Mauritius,925286,7.214676E+09,0.63
1979,Mauritius,939394,7.468043E+09,0.66
1980,Mauritius,954222,6.716996E+09,0.59
1981,Mauritius,969221,7.11181926E+09,0.542
1982,Mauritius,983608,7.50279834E+09,0.502
1983,Mauritius,997375,7.53234739E+09,0.597
1984,Mauritius,1011247,7.89190349E+09,0.627
1985,Mauritius,1025067,8.434796E+09,0.707
1986,Mauritius,1038350,9.255126E+09,0.799
1987,Mauritius,1051116,1.01969162E+10,0.931
1988,Mauritius,1063596,1.08862054E+10,0.854
1989,Mauritius,1075986,1.13830728E+10,1.052
1990,Mauritius,1089033,1.21966991E+10,1.462
1991,Mauritius,1103050,1.2478463E+10,1.521
1992,Mauritius,1117677,1.30203013E+10,1.707
1993,Mauritius,1132396,1.34350643E+10,1.773
1994,Mauritius,1146559,1.37590794E+10,1.623
1995,Mauritius,1159824,1.41152911E+10,1.828
1996,Mauritius,1172389,1.45799578E+10,1.949
1997,Mauritius,1184305,1.51562619E+10,1.997
1998,Mauritius,1195110,1.57941279E+10,2.169
1999,Mauritius,1205903,1.5922519E+10,2.426
2000,Mauritius,1216632,1.69333709E+10,2.689
2001,Mauritius,1225807,1.72039332E+10,2.862
2002,Mauritius,1234091,1.71867218E+10,2.884
2003,Mauritius,1242094,1.786939E+10,3.059
2004,Mauritius,1249798,1.831351E+10,3.089
2005,Mauritius,1257214,1.83067648E+10,3.294
2006,Mauritius,1263786,1.88466483E+10,3.627
2007,Mauritius,1269522,1.95734016E+10,3.686
2008,Mauritius,1274634,2.02490552E+10,3.767
2009,Mauritius,1278977,2.044821E+10,3.708
2010,Mauritius,1282710,2.08509235E+10,3.913
2011,Mauritius,1286271,2.11908751E+10,3.917
2012,Mauritius,1289174,2.19317064E+10,3.964
2013,Mauritius,1290989,2.266861E+10,4.067
2014,Mauritius,1292006,2.35361423E+10,4.206
2015,Mauritius,1292282,2.44048527E+10,4.21
2016,Mauritius,1291807,2.53473731E+10,4.346
2017,Mauritius,1290652,2.63455519E+10,4.536
2018,Mauritius,1288835,2.74012242E+10,4.459
2019,Mauritius,1286269,2.81933865E+10,4.521
2020,Mauritius,1283230,2.40777155E+10,3.807
2021,Mauritius,1279627,2.49201951E+10,3.972
2022,Mauritius,1276134,2.69885747E+10,3.928
1951,Mexico,28320487,1.07605E+11,34.889
1952,Mexico,29090173,1.11715E+11,37.212
1953,Mexico,29899241,1.11775E+11,36.707
1954,Mexico,30753011,1.23075E+11,36.27
1955,Mexico,31650601,1.33695E+11,39.662
1956,Mexico,32587939,1.43014E+11,42.134
1957,Mexico,33562717,1.54173E+11,49.278
1958,Mexico,34575071,1.62675E+11,54.008
1959,Mexico,35627261,1.67866E+11,58.287
1960,Mexico,36724612,1.82206E+11,63.052
1961,Mexico,37890124,1.91493E+11,65.24
1962,Mexico,39129206,2.00714E+11,63.744
1963,Mexico,40424069,2.17179E+11,66.292
1964,Mexico,41772052,2.43168E+11,74.2
1965,Mexico,43174477,2.58982E+11,75.168
1966,Mexico,44629106,2.769E+11,80.845
1967,Mexico,46129603,2.94309E+11,90.006
1968,Mexico,47668308,3.18505E+11,93.887
1969,Mexico,49233192,3.38814E+11,102.176
1970,Mexico,50814959,3.62724E+11,113.951
1971,Mexico,52412563,3.76061E+11,126.182
1972,Mexico,54030170,4.06222E+11,132.261
1973,Mexico,55667287,4.37263E+11,144.04
1974,Mexico,57320149,4.61217E+11,154.701
1975,Mexico,58982403,4.86092E+11,164.104
1976,Mexico,60645513,5.05911E+11,183.693
1977,Mexico,62308499,5.21365E+11,192.338
1978,Mexico,63979054,5.67422E+11,222.048
1979,Mexico,65648867,6.21948E+11,240.175
1980,Mexico,67300338,6.78622E+11,267.645
1981,Mexico,68892104,7.37336E+11,283.587
1982,Mexico,70433259,7.33603E+11,303.764
1983,Mexico,71971238,7.08392E+11,277.43
1984,Mexico,73506848,7.34059E+11,276.491
1985,Mexico,75043416,7.51167E+11,287.181
1986,Mexico,76585639,7.28181E+11,293.219
1987,Mexico,78136650,7.41614E+11,305.79
1988,Mexico,79695527,7.5182E+11,305.418
1989,Mexico,81247176,7.82981E+11,323.216
1990,Mexico,82820171,8.23577E+11,316.746
1991,Mexico,84430563,8.65149E+11,329.827
1992,Mexico,86044810,9.02108E+11,332.453
1993,Mexico,87653815,9.25343E+11,337.722
1994,Mexico,89259202,9.72992E+11,351.534
1995,Mexico,90862449,9.16479E+11,330.905
1996,Mexico,92452701,9.7122E+11,341.544
1997,Mexico,94021205,1.04571E+12,362.462
1998,Mexico,95575245,1.10564E+12,381.102
1999,Mexico,97115711,1.15662E+12,386.04
2000,Mexico,98625554,1.24119E+12,391.439
2001,Mexico,100099100,1.2515E+12,407.485
2002,Mexico,101548627,1.27546E+12,410.301
2003,Mexico,102978518,1.30668E+12,435.969
2004,Mexico,104394132,1.37306E+12,438.588
2005,Mexico,105811502,1.42714E+12,463.432
2006,Mexico,107253666,1.51073E+12,474.519
2007,Mexico,108774357,1.57248E+12,473.595
2008,Mexico,110374285,1.60748E+12,472.981
2009,Mexico,111999721,1.54382E+12,460.294
2010,Mexico,113623897,1.63827E+12,456.409
2011,Mexico,115243504,1.71609E+12,483.302
2012,Mexico,116818209,1.775E+12,501.489
2013,Mexico,118343571,1.80306E+12,495.415
2014,Mexico,119784263,1.85455E+12,484.045
2015,Mexico,121072310,1.91601E+12,479.434
2016,Mexico,122251345,1.96191E+12,478.828
2017,Mexico,123400054,2.00772E+12,464.406
2018,Mexico,124573714,2.05154E+12,468.413
2019,Mexico,125762977,2.0477E+12,468.236
2020,Mexico,126799052,1.88018E+12,428.94
2021,Mexico,127648152,1.97314E+12,446.834
2022,Mexico,128613113,2.03344E+12,465.336
1973,Moldova,3752616,3.20941773E+10,28.593
1980,Moldova,4048713,3.627821E+10,36.336
1981,Moldova,4089539,3.84019333E+10,35.675
1982,Moldova,4130068,4.06562939E+10,36.33
1983,Moldova,4172082,4.23703757E+10,36.862
1984,Moldova,4215891,4.322196E+10,37.195
1985,Moldova,4261133,3.898452E+10,40.072
1986,Moldova,4309371,4.15692841E+10,39.08
1987,Moldova,4359066,4.154275E+10,37.469
1988,Moldova,4407775,4.174267E+10,39.008
1989,Moldova,4439385,4.48504955E+10,38.114
1990,Moldova,4451150,4.321499E+10,36.479
1991,Moldova,4456609,3.5018367E+10,29.596
1992,Moldova,4455714,2.44170445E+10,20.978
1993,Moldova,4448242,2.36932833E+10,15.846
1994,Moldova,4434460,1.60842015E+10,12.427
1995,Moldova,4414215,1.55698309E+10,11.405
1996,Moldova,4387651,1.43914383E+10,11.687
1997,Moldova,4355536,1.43665326E+10,7.301
1998,Moldova,4318714,1.3191425E+10,6.444
1999,Moldova,4278220,1.2519934E+10,4.685
2000,Moldova,4234970,1.25540434E+10,3.573
2001,Moldova,4189770,1.30877225E+10,3.787
2002,Moldova,4142937,1.38578135E+10,4.052
2003,Moldova,4095419,1.451355E+10,4.404
2004,Moldova,4046672,1.53028413E+10,4.613
2005,Moldova,3988666,1.61574523E+10,4.938
2006,Moldova,3921319,1.66282527E+10,5.03
2007,Moldova,3851399,1.68197581E+10,4.979
2008,Moldova,3779501,1.78151424E+10,5.19
2009,Moldova,3706211,1.64492349E+10,4.54
2010,Moldova,3631993,1.72992512E+10,4.831
2011,Moldova,3557278,1.81453578E+10,4.945
2012,Moldova,3482629,1.80383027E+10,4.766
2013,Moldova,3408741,1.96696863E+10,4.899
2014,Moldova,3342714,2.065317E+10,4.759
2015,Moldova,3287169,2.05833626E+10,4.782
2016,Moldova,3237798,2.14908826E+10,4.904
2017,Moldova,3193500,2.23934976E+10,5.221
2018,Moldova,3153779,2.33116365E+10,5.434
2019,Moldova,3112563,2.415085E+10,5.495
2020,Moldova,3069135,2.21463286E+10,5.238
2021,Moldova,3023780,2.523464E+10,5.85
2022,Moldova,3039987,2.38275543E+10,5.79
1951,Mongolia,794329,5.49933E+08,0.293
1952,Mongolia,807094,5.75919E+08,0.3
1953,Mongolia,820278,6.03174E+08,0.304
1954,Mongolia,834024,6.32592E+08,0.487
1955,Mongolia,848686,6.63384E+08,0.59
1956,Mongolia,868487,6.9822E+08,0.689
1957,Mongolia,893240,7.3647E+08,0.762
1958,Mongolia,919297,7.76536E+08,1.136
1959,Mongolia,947419,8.22165E+08,1.345
1960,Mongolia,977602,8.7096E+08,1.293
1961,Mongolia,1009291,9.22098E+08,1.392
1962,Mongolia,1041446,9.7566E+08,1.971
1963,Mongolia,1071366,1.026876E+09,1.601
1964,Mongolia,1100236,1.089647E+09,2.045
1965,Mongolia,1131184,1.15213E+09,1.957
1966,Mongolia,1163761,1.216353E+09,1.953
1967,Mongolia,1196997,1.2903E+09,2.151
1968,Mongolia,1229931,1.362874E+09,2.48
1969,Mongolia,1262292,1.443446E+09,2.682
1970,Mongolia,1295276,1.530048E+09,2.847
1971,Mongolia,1330077,1.598618E+09,3.032
1972,Mongolia,1366829,1.659176E+09,3.276
1973,Mongolia,1405506,1.80608E+09,3.472
1974,Mongolia,1446054,1.882826E+09,3.741
1975,Mongolia,1488300,2.005602E+09,4.055
1976,Mongolia,1531952,2.083287E+09,4.39
1977,Mongolia,1576247,2.24616E+09,4.961
1978,Mongolia,1619479,2.416164E+09,5.764
1979,Mongolia,1660661,2.516052E+09,6.277
1980,Mongolia,1701341,2.67779E+09,6.855
1981,Mongolia,1742856,2.903516E+09,6.615
1982,Mongolia,1785364,3.145476E+09,6.712
1983,Mongolia,1829092,3.328024E+09,6.969
1984,Mongolia,1874355,3.52304E+09,6.425
1985,Mongolia,1921519,3.725436E+09,8.998
1986,Mongolia,1970967,4.076226E+09,9.595
1987,Mongolia,2022803,4.221096E+09,10.483
1988,Mongolia,2076327,4.436184E+09,11.493
1989,Mongolia,2124189,4.62024E+09,10.459
1990,Mongolia,2164578,4.502883E+09,9.791
1991,Mongolia,2202771,4.28797E+09,11.96
1992,Mongolia,2239129,4.06863744E+09,10.943
1993,Mongolia,2273514,4.139238E+09,9.193
1994,Mongolia,2305742,4.442844E+09,7.865
1995,Mongolia,2335717,4.952893E+09,7.837
1996,Mongolia,2363470,5.318281E+09,7.935
1997,Mongolia,2389131,5.79957E+09,7.615
1998,Mongolia,2412793,6.29703526E+09,7.622
1999,Mongolia,2434044,6.81693E+09,7.488
2000,Mongolia,2455184,7.22565E+09,7.432
2001,Mongolia,2477704,7.79942042E+09,7.804
2002,Mongolia,2500075,8.569503E+09,8.197
2003,Mongolia,2521811,9.616041E+09,7.931
2004,Mongolia,2542800,1.11563121E+10,8.501
2005,Mongolia,2563466,1.25474509E+10,8.515
2006,Mongolia,2584762,1.42889052E+10,9.281
2007,Mongolia,2607977,1.6520107E+10,11.958
2008,Mongolia,2634431,1.886576E+10,11.918
2009,Mongolia,2665331,1.95345818E+10,13.026
2010,Mongolia,2701738,2.17910682E+10,13.772
2011,Mongolia,2745182,2.68112671E+10,21.368
2012,Mongolia,2795463,3.011491E+10,35
2013,Mongolia,2851887,3.361904E+10,43.478
2014,Mongolia,2913041,3.62716979E+10,29.626
2015,Mongolia,2976528,3.71072123E+10,23.282
2016,Mongolia,3040815,3.732235E+10,25.629
2017,Mongolia,3104371,3.905369E+10,34.135
2018,Mongolia,3167714,4.16466944E+10,45.316
2019,Mongolia,3232119,4.397984E+10,47.244
2020,Mongolia,3290788,4.197535E+10,37.073
2021,Mongolia,3339678,4.266239E+10,41.852
2022,Mongolia,3386015,4.48094659E+10,43.415
1952,Montenegro,418912,7.382799E+08,0.256
1953,Montenegro,427489,6.585428E+08,0.254
1954,Montenegro,434373,6.720278E+08,0.303
1955,Montenegro,440594,9.060501E+08,0.347
1956,Montenegro,446694,8.333966E+08,0.397
1957,Montenegro,452750,941011648,0.431
1958,Montenegro,458808,929082752,0.424
1959,Montenegro,464906,1.00088781E+09,0.487
1960,Montenegro,471204,1.12556685E+09,0.531
1961,Montenegro,477833,1.367534E+09,0.557
1962,Montenegro,484444,1.35098125E+09,0.572
1963,Montenegro,490789,1.544308E+09,0.636
1964,Montenegro,496937,1.81575987E+09,0.721
1965,Montenegro,502896,1.86697587E+09,0.741
1966,Montenegro,508637,1.960336E+09,0.735
1967,Montenegro,514098,2.00163482E+09,0.742
1968,Montenegro,519311,2.10297152E+09,0.794
1969,Montenegro,524441,2.31846451E+09,0.823
1970,Montenegro,529677,2.4987904E+09,1.075
1971,Montenegro,535113,2.59645056E+09,1.159
1972,Montenegro,540705,2.74709171E+09,1.086
1973,Montenegro,546269,2.74552627E+09,1.298
1974,Montenegro,551745,2.92474E+09,1.303
1975,Montenegro,557155,3.026088E+09,1.36
1976,Montenegro,562637,3.18312858E+09,1.404
1977,Montenegro,568095,3.52733978E+09,1.365
1978,Montenegro,573523,3.72308813E+09,1.525
1979,Montenegro,579016,3.72475034E+09,1.659
1980,Montenegro,584830,4.47552E+09,1.631
1981,Montenegro,589917,4.27628723E+09,1.775
1982,Montenegro,593634,4.382249E+09,1.631
1983,Montenegro,596961,4.3050153E+09,1.756
1984,Montenegro,600259,4.371069E+09,1.852
1985,Montenegro,603506,4.374626E+09,1.889
1986,Montenegro,606803,4.52831949E+09,1.973
1987,Montenegro,610181,4.323439E+09,1.927
1988,Montenegro,613592,4.192553E+09,1.988
1989,Montenegro,617048,4.21382374E+09,1.982
1990,Montenegro,620507,3.85204915E+09,1.961
1991,Montenegro,623563,3.58553856E+09,1.387
1992,Montenegro,626030,2.86275046E+09,1.483
1993,Montenegro,628107,1.856251E+09,1.294
1994,Montenegro,629890,1.91509862E+09,1.257
1995,Montenegro,631386,2.22663859E+09,1.327
1996,Montenegro,632625,2.909672E+09,1.553
1997,Montenegro,633538,3.19486234E+09,1.67
1998,Montenegro,634099,3.442988E+09,1.758
1999,Montenegro,634280,3.20530355E+09,1.212
2000,Montenegro,634198,3.76665574E+09,1.521
2001,Montenegro,634000,4.00358477E+09,1.667
2002,Montenegro,633767,4.290323E+09,1.766
2003,Montenegro,633561,4.622736E+09,1.889
2004,Montenegro,633755,5.084312E+09,2.041
2005,Montenegro,634057,5.587145E+09,1.751
2006,Montenegro,633877,6.39571E+09,2.063
2007,Montenegro,633388,7.46296E+09,2.056
2008,Montenegro,632854,8.414771E+09,2.605
2009,Montenegro,632445,8.37137766E+09,1.682
2010,Montenegro,632090,9.033098E+09,2.422
2011,Montenegro,632691,9.801453E+09,2.407
2012,Montenegro,633549,9.59308E+09,2.213
2013,Montenegro,633203,9.985414E+09,2.151
2014,Montenegro,631376,1.02056673E+10,2.107
2015,Montenegro,628147,1.06895852E+10,2.239
2016,Montenegro,624247,1.09886648E+10,2.015
2017,Montenegro,620115,1.14877471E+10,2.103
2018,Montenegro,615799,1.20498545E+10,2.4
2019,Montenegro,611673,1.2539436E+10,2.477
2020,Montenegro,607936,1.06200371E+10,2.407
2021,Montenegro,603854,1.20052613E+10,2.411
2022,Montenegro,614650,1.27744E+10,2.391
1951,Morocco,9159293,2.23885353E+10,2.926
1952,Morocco,9394882,2.31285576E+10,3.563
1953,Morocco,9639571,2.38814925E+10,4.171
1954,Morocco,9893318,2.46747341E+10,3.584
1955,Morocco,10158129,2.54878843E+10,3.555
1956,Morocco,10434022,2.56477245E+10,3.519
1957,Morocco,10720555,2.581257E+10,3.054
1958,Morocco,11013746,2.59809935E+10,3.267
1959,Morocco,11317011,2.61410222E+10,3.369
1960,Morocco,11624932,2.6312833E+10,3.636
1961,Morocco,11931097,2.72303E+10,3.771
1962,Morocco,12253095,2.817615E+10,3.075
1963,Morocco,12577499,2.91666985E+10,3.954
1964,Morocco,12898883,3.02031852E+10,4.415
1965,Morocco,13239174,3.12549949E+10,4.254
1966,Morocco,13597063,3.29951027E+10,5.46
1967,Morocco,13968181,3.48431278E+10,5.408
1968,Morocco,14347898,3.676842E+10,5.62
1969,Morocco,14734253,3.883944E+10,5.817
1970,Morocco,15129452,4.098229E+10,7.282
1971,Morocco,15527226,4.329574E+10,8.186
1972,Morocco,15924696,4.431738E+10,8.028
1973,Morocco,16326277,4.589562E+10,9.613
1974,Morocco,16733850,4.83826442E+10,11.099
1975,Morocco,17150789,5.162945E+10,11.065
1976,Morocco,17574188,5.72864061E+10,11.49
1977,Morocco,18014760,6.01212068E+10,12.625
1978,Morocco,18477384,6.186482E+10,12.992
1979,Morocco,18955588,6.468399E+10,15.85
1980,Morocco,19459942,7.05829E+10,15.818
1981,Morocco,19985406,6.860838E+10,15.718
1982,Morocco,20520325,7.524027E+10,16.905
1983,Morocco,21060697,7.482538E+10,17.627
1984,Morocco,21593778,7.795084E+10,17.645
1985,Morocco,22113954,8.28162458E+10,17.682
1986,Morocco,22600803,8.931471E+10,18.684
1987,Morocco,23054390,8.72816558E+10,19.905
1988,Morocco,23500528,9.62192343E+10,20.931
1989,Morocco,23939414,9.844364E+10,22.661
1990,Morocco,24375558,1.02155E+11,22.298
1991,Morocco,24799015,1.0974E+11,23.688
1992,Morocco,25212469,1.07664E+11,24.737
1993,Morocco,25614587,1.07073E+11,26.779
1994,Morocco,26000824,1.18651E+11,28.124
1995,Morocco,26399430,1.12285E+11,28.75
1996,Morocco,26808109,1.26008E+11,29.525
1997,Morocco,27213339,1.23891E+11,29.978
1998,Morocco,27621638,1.32709E+11,30.881
1999,Morocco,28027189,1.34069E+11,31.986
2000,Morocco,28423439,1.36639E+11,33.199
2001,Morocco,28814647,1.46693E+11,36.806
2002,Morocco,29198146,1.51386E+11,37.306
2003,Morocco,29571416,1.6056E+11,36.57
2004,Morocco,29953021,1.68467E+11,42.226
2005,Morocco,30358145,1.74391E+11,44.661
2006,Morocco,30771180,1.88101E+11,46.249
2007,Morocco,31186468,1.95287E+11,48.913
2008,Morocco,31606768,2.07385E+11,51.369
2009,Morocco,32030779,2.16763E+11,50.86
2010,Morocco,32467008,2.25644E+11,54.365
2011,Morocco,32912586,2.38103E+11,54.868
2012,Morocco,33355247,2.4527E+11,56.954
2013,Morocco,33787573,2.56393E+11,56.606
2014,Morocco,34204783,2.63252E+11,57.175
2015,Morocco,34607590,2.7469E+11,58.495
2016,Morocco,35023460,2.76121E+11,58.457
2017,Morocco,35446396,2.90087E+11,61.104
2018,Morocco,35839760,2.98981E+11,62.306
2019,Morocco,36210907,3.07625E+11,68.74
2020,Morocco,36584208,2.85516E+11,64.564
2021,Morocco,36954442,3.08157E+11,70.245
2022,Morocco,37329069,3.11655E+11,69.506
1951,Mozambique,5978158,1.1682688E+10,0.93
1952,Mozambique,6050765,1.21061816E+10,1.073
1953,Mozambique,6123119,1.25213993E+10,1.081
1954,Mozambique,6196984,1.28214221E+10,1.143
1955,Mozambique,6274475,1.36107028E+10,1.373
1956,Mozambique,6355040,1.36746E+10,1.553
1957,Mozambique,6438186,1.39775375E+10,1.769
1958,Mozambique,6521556,1.46403881E+10,1.817
1959,Mozambique,6610403,1.54406789E+10,1.794
1960,Mozambique,6713698,1.58037668E+10,1.882
1961,Mozambique,6834936,1.6254505E+10,2.63
1962,Mozambique,6969369,1.73849231E+10,1.985
1963,Mozambique,7109827,1.6757463E+10,1.659
1964,Mozambique,7255066,1.747357E+10,2.139
1965,Mozambique,7406419,1.78730148E+10,2.003
1966,Mozambique,7562992,1.84493916E+10,2.124
1967,Mozambique,7724556,1.9714345E+10,1.871
1968,Mozambique,7892610,2.19336724E+10,2.776
1969,Mozambique,8066953,2.45414584E+10,3.238
1970,Mozambique,8250505,2.5847554E+10,2.981
1971,Mozambique,8456325,2.76155761E+10,3.611
1972,Mozambique,8692931,2.85066854E+10,3.296
1973,Mozambique,8954247,3.01225144E+10,3.559
1974,Mozambique,9236094,2.78338335E+10,3.146
1975,Mozambique,9540822,2.33481687E+10,2.882
1976,Mozambique,9867205,2.22285558E+10,2.555
1977,Mozambique,10224976,2.24003973E+10,2.706
1978,Mozambique,10618249,2.25775043E+10,2.866
1979,Mozambique,11028808,2.2910892E+10,2.635
1980,Mozambique,11336218,2.35395932E+10,3.198
1981,Mozambique,11568124,2.39846748E+10,2.479
1982,Mozambique,11824372,2.331174E+10,2.524
1983,Mozambique,12073826,2.16371917E+10,1.954
1984,Mozambique,12315952,2.105128E+10,1.511
1985,Mozambique,12548950,1.914977E+10,1.135
1986,Mozambique,12770581,1.94385224E+10,0.977
1987,Mozambique,12822573,2.01417544E+10,0.977
1988,Mozambique,12800557,2.13016453E+10,1.006
1989,Mozambique,12906843,2.21682033E+10,1.035
1990,Mozambique,13094535,2.24958341E+10,1.025
1991,Mozambique,13352092,2.21020959E+10,0.941
1992,Mozambique,13613316,1.92797614E+10,1.027
1993,Mozambique,14051203,1.928415E+10,1.14
1994,Mozambique,15033850,1.87836662E+10,1.098
1995,Mozambique,15960528,1.76251372E+10,1.131
1996,Mozambique,16492483,2.05728952E+10,1.092
1997,Mozambique,16949989,2.09950372E+10,1.17
1998,Mozambique,17340462,2.16379187E+10,1.112
1999,Mozambique,17734499,2.15049032E+10,1.168
2000,Mozambique,18129652,2.014192E+10,1.322
2001,Mozambique,18537734,2.09436733E+10,1.554
2002,Mozambique,18958338,2.10253722E+10,1.537
2003,Mozambique,19392477,2.06738063E+10,1.856
2004,Mozambique,19840311,2.05617254E+10,1.864
2005,Mozambique,20304578,2.065823E+10,1.77
2006,Mozambique,20787088,2.095197E+10,1.916
2007,Mozambique,21287638,2.08035369E+10,2.189
2008,Mozambique,21819035,2.05533573E+10,2.18
2009,Mozambique,22391752,2.024994E+10,2.439
2010,Mozambique,22999235,2.003961E+10,2.635
2011,Mozambique,23649044,1.99196262E+10,3.107
2012,Mozambique,24337849,2.13653934E+10,3.052
2013,Mozambique,25051613,2.28532756E+10,3.579
2014,Mozambique,25788474,2.45441925E+10,8.122
2015,Mozambique,26547575,2.61942968E+10,6.731
2016,Mozambique,27337109,2.719597E+10,8.547
2017,Mozambique,28166399,2.82133668E+10,6.905
2018,Mozambique,29018646,2.91850363E+10,7.01
2019,Mozambique,29884376,2.98606735E+10,7.101
2020,Mozambique,30783685,2.95026463E+10,6.376
2021,Mozambique,31707797,3.01894636E+10,7.868
2022,Mozambique,32656240,3.14417254E+10,8.358
1951,Myanmar,18070426,1.406945E+10,0.916
1952,Myanmar,18418011,1.43869389E+10,1.132
1953,Myanmar,18779903,1.47720878E+10,1.304
1954,Myanmar,19156653,1.38424033E+10,1.462
1955,Myanmar,19550487,1.56611461E+10,1.421
1956,Myanmar,19959223,1.67032668E+10,1.656
1957,Myanmar,20382706,1.76695112E+10,2.099
1958,Myanmar,20816423,1.71862487E+10,2.411
1959,Myanmar,21264017,1.987587E+10,2.777
1960,Myanmar,21730254,2.05323E+10,2.715
1961,Myanmar,22210580,2.100174E+10,2.59
1962,Myanmar,22704722,2.28342374E+10,2.88
1963,Myanmar,23213405,2.35039273E+10,2.634
1964,Myanmar,23737316,2.390244E+10,2.857
1965,Myanmar,24279437,2.45133353E+10,2.725
1966,Myanmar,24836495,2.34940088E+10,2.806
1967,Myanmar,25406432,2.4167893E+10,3.616
1968,Myanmar,25989668,2.57352376E+10,2.927
1969,Myanmar,26585110,2.681996E+10,3.213
1970,Myanmar,27193013,2.80230113E+10,4.612
1971,Myanmar,27807214,2.893165E+10,5.099
1972,Myanmar,28428330,2.91290071E+10,4.894
1973,Myanmar,29026389,2.926417E+10,4.107
1974,Myanmar,29598164,3.07819786E+10,4.671
1975,Myanmar,30176563,3.2064127E+10,4.583
1976,Myanmar,30758817,3.40513628E+10,4.893
1977,Myanmar,31355968,3.605628E+10,5.166
1978,Myanmar,31972974,3.83954125E+10,5.146
1979,Myanmar,32596551,4.01826243E+10,5.086
1980,Myanmar,33227203,4.3641086E+10,5.509
1981,Myanmar,33858787,4.609343E+10,5.623
1982,Myanmar,34482968,4.861224E+10,5.58
1983,Myanmar,35162716,5.075636E+10,5.754
1984,Myanmar,35899314,5.32206E+10,6.549
1985,Myanmar,36622832,5.47365028E+10,6.676
1986,Myanmar,37314881,5.420145E+10,6.756
1987,Myanmar,37971601,5.19982735E+10,4.943
1988,Myanmar,38600927,4.610301E+10,4.087
1989,Myanmar,39214624,4.778211E+10,4.425
1990,Myanmar,39817252,4.91714724E+10,4.236
1991,Myanmar,40394159,4.80639263E+10,4.137
1992,Myanmar,40950343,5.189117E+10,4.842
1993,Myanmar,41502423,5.419838E+10,5.303
1994,Myanmar,42055150,5.73382451E+10,6.174
1995,Myanmar,42605343,6.04528435E+10,6.893
1996,Myanmar,43154857,6.33786245E+10,7.188
1997,Myanmar,43708802,6.59351675E+10,7.42
1998,Myanmar,44257792,6.86988861E+10,8.046
1999,Myanmar,44787727,7.507548E+10,8.934
2000,Myanmar,45290851,8.409354E+10,10.219
2001,Myanmar,45771140,9.217509E+10,8.856
2002,Myanmar,46232656,1.01591E+11,9.328
2003,Myanmar,46667190,1.13781E+11,9.997
2004,Myanmar,47068779,1.27116E+11,12.565
2005,Myanmar,47438362,1.42039E+11,11.555
2006,Myanmar,47785142,1.58029E+11,12.813
2007,Myanmar,48125046,1.74123E+11,12.841
2008,Myanmar,48390791,1.77513E+11,9.772
2009,Myanmar,48660458,1.83292E+11,10.207
2010,Myanmar,49024376,1.89724E+11,13.122
2011,Myanmar,49419824,1.97359E+11,15.122
2012,Myanmar,49837450,2.1016E+11,11.819
2013,Myanmar,50262658,2.2676E+11,12.722
2014,Myanmar,50681634,2.45355E+11,15.849
2015,Myanmar,51089060,2.6369E+11,21.887
2016,Myanmar,51495702,2.80587E+11,21.14
2017,Myanmar,51894938,2.96721E+11,23.63
2018,Myanmar,52272246,3.15726E+11,34.017
2019,Myanmar,52640718,3.37038E+11,33.62
2020,Myanmar,53016525,3.47786E+11,34.588
2021,Myanmar,53387102,2.854E+11,29.6
2022,Myanmar,53756790,2.91025E+11,29.533
1991,Namibia,1415689,7.91942861E+09,1.044
1992,Namibia,1461326,8.581728E+09,1.136
1993,Namibia,1508699,8.429493E+09,1.374
1994,Namibia,1556315,9.059012E+09,1.557
1995,Namibia,1602182,9.444539E+09,1.619
1996,Namibia,1646107,9.761026E+09,1.718
1997,Namibia,1689275,1.01879286E+10,1.817
1998,Namibia,1732747,1.05391176E+10,1.865
1999,Namibia,1776370,1.0909783E+10,1.74
2000,Namibia,1818651,1.1306497E+10,1.722
2001,Namibia,1857058,1.14557092E+10,2.228
2002,Namibia,1889977,1.20218665E+10,1.971
2003,Namibia,1917468,1.221339E+10,2.092
2004,Namibia,1942087,1.36563958E+10,2.242
2005,Namibia,1966581,1.40233339E+10,2.528
2006,Namibia,1991889,1.50357381E+10,2.517
2007,Namibia,2018607,1.58668042E+10,2.327
2008,Namibia,2047059,1.63113462E+10,2.858
2009,Namibia,2077400,1.63831388E+10,2.664
2010,Namibia,2109813,1.73985935E+10,2.785
2011,Namibia,2146330,1.83093412E+10,2.782
2012,Namibia,2194657,1.92361656E+10,3.201
2013,Namibia,2252506,2.03162747E+10,3.59
2014,Namibia,2312144,2.15541453E+10,3.74
2015,Namibia,2374305,2.2473214E+10,3.932
2016,Namibia,2439219,2.24808571E+10,3.974
2017,Namibia,2506855,2.224998E+10,4.099
2018,Namibia,2577327,2.248583E+10,4.21
2019,Namibia,2650500,2.22971679E+10,4.239
2020,Namibia,2728763,2.05053665E+10,3.832
2021,Namibia,2810553,2.104999E+10,3.901
2022,Namibia,2889668,2.1858732E+10,4.085
1951,Nepal,8572664,7.414176E+09,0.029
1952,Nepal,8747301,7.667805E+09,0.029
1953,Nepal,8918223,8.13856E+09,0.037
1954,Nepal,9087773,8.309794E+09,0.04
1955,Nepal,9257986,8.474226E+09,0.044
1956,Nepal,9427890,8.8615E+09,0.048
1957,Nepal,9598045,8.85903E+09,0.055
1958,Nepal,9766253,9.358284E+09,0.059
1959,Nepal,9938915,9.618726E+09,0.066
1960,Nepal,10123663,9.8343E+09,0.081
1961,Nepal,10318399,1.007424E+10,0.081
1962,Nepal,10521124,1.03113359E+10,0.088
1963,Nepal,10729818,1.0563E+10,0.099
1964,Nepal,10946389,1.08051241E+10,0.15
1965,Nepal,11173411,1.10683781E+10,0.18
1966,Nepal,11408713,1.1842047E+10,0.191
1967,Nepal,11652717,1.16449075E+10,0.213
1968,Nepal,11906273,1.17368791E+10,0.253
1969,Nepal,12167031,1.22649078E+10,0.399
1970,Nepal,12436191,1.25745449E+10,0.227
1971,Nepal,12710069,1.242241E+10,0.198
1972,Nepal,12989102,1.28102257E+10,0.267
1973,Nepal,13275240,1.27446794E+10,0.421
1974,Nepal,13568435,1.35539681E+10,0.425
1975,Nepal,13870692,1.37638615E+10,0.352
1976,Nepal,14177650,1.43706778E+10,0.282
1977,Nepal,14499175,1.48097E+10,0.336
1978,Nepal,14839706,1.546337E+10,0.329
1979,Nepal,15190602,1.5813588E+10,0.512
1980,Nepal,15553107,1.54459412E+10,0.541
1981,Nepal,15922421,1.67245742E+10,0.453
1982,Nepal,16297995,1.736323E+10,0.442
1983,Nepal,16689122,1.68544645E+10,0.492
1984,Nepal,17085243,1.8482688E+10,0.701
1985,Nepal,17477694,1.96281651E+10,0.676
1986,Nepal,17868128,2.05208637E+10,0.697
1987,Nepal,18250512,2.08657838E+10,0.861
1988,Nepal,18638660,2.24790651E+10,0.976
1989,Nepal,19057812,2.344317E+10,0.894
1990,Nepal,19524578,2.4523434E+10,0.721
1991,Nepal,20036505,2.6059006E+10,1.026
1992,Nepal,20609707,2.70876979E+10,1.233
1993,Nepal,21180157,2.808992E+10,1.397
1994,Nepal,21717482,3.03492854E+10,1.619
1995,Nepal,22245442,3.13566986E+10,2.309
1996,Nepal,22741867,3.29618412E+10,2.353
1997,Nepal,23219459,3.46603479E+10,2.641
1998,Nepal,23680357,3.56100833E+10,2.223
1999,Nepal,24125201,3.7151146E+10,3.191
2000,Nepal,24546510,3.93817252E+10,3.037
2001,Nepal,24946755,4.152311E+10,3.236
2002,Nepal,25328989,4.150146E+10,2.596
2003,Nepal,25688764,4.30739538E+10,2.81
2004,Nepal,26016653,4.503377E+10,2.582
2005,Nepal,26309462,4.63759E+10,2.987
2006,Nepal,26565431,4.80166257E+10,2.456
2007,Nepal,26788499,4.959551E+10,2.57
2008,Nepal,26990038,5.254596E+10,3.352
2009,Nepal,27173035,5.483774E+10,4.129
2010,Nepal,27341955,5.73882532E+10,4.824
2011,Nepal,27464499,5.928031E+10,5.22
2012,Nepal,27534917,6.210629E+10,5.47
2013,Nepal,27589997,6.46557737E+10,6.218
2014,Nepal,27672373,6.85409321E+10,7.591
2015,Nepal,27823631,7.040449E+10,6.905
2016,Nepal,27955471,7.094261E+10,10.088
2017,Nepal,28011259,7.734948E+10,12.42
2018,Nepal,28079686,8.323479E+10,13.999
2019,Nepal,28414066,8.877578E+10,12.75
2020,Nepal,28966582,8.667212E+10,15.632
2021,Nepal,29475018,9.086547E+10,15.724
2022,Nepal,29715434,9.596591E+10,16.089
1951,Netherlands,10264537,9.869135E+10,54.968
1952,Netherlands,10382295,1.00685E+11,54.715
1953,Netherlands,10493533,1.09433E+11,55.264
1954,Netherlands,10615730,1.16875E+11,58.393
1955,Netherlands,10751230,1.25548E+11,60.986
1956,Netherlands,10889768,1.3016E+11,65.079
1957,Netherlands,11026877,1.33827E+11,64.408
1958,Netherlands,11187365,1.33415E+11,66.69
1959,Netherlands,11348108,1.3995E+11,67.118
1960,Netherlands,11486909,1.51719E+11,73.438
1961,Netherlands,11639371,1.52165E+11,75.819
1962,Netherlands,11807552,1.62564E+11,83.282
1963,Netherlands,11969156,1.68457E+11,91.145
1964,Netherlands,12131887,1.82416E+11,96.777
1965,Netherlands,12301136,1.91976E+11,100.404
1966,Netherlands,12464282,1.97259E+11,103.558
1967,Netherlands,12607834,2.07633E+11,106.682
1968,Netherlands,12740849,2.20964E+11,113.446
1969,Netherlands,12890638,2.3519E+11,115.802
1970,Netherlands,13052082,2.48592E+11,141.803
1971,Netherlands,13208353,2.59073E+11,140.666
1972,Netherlands,13342780,2.67651E+11,157.495
1973,Netherlands,13453743,2.80204E+11,165.26
1974,Netherlands,13559670,2.91312E+11,159.985
1975,Netherlands,13680031,2.91064E+11,152.525
1976,Netherlands,13786640,3.04756E+11,169.131
1977,Netherlands,13868607,3.1305E+11,163.606
1978,Netherlands,13953922,3.20434E+11,169.793
1979,Netherlands,14050176,3.27558E+11,187.007
1980,Netherlands,14162687,3.31505E+11,176.632
1981,Netherlands,14262690,3.29839E+11,164.11
1982,Netherlands,14333902,3.25991E+11,133.487
1983,Netherlands,14396901,3.3157E+11,137.357
1984,Netherlands,14462810,3.42476E+11,144.073
1985,Netherlands,14538958,3.53025E+11,146.98
1986,Netherlands,14626489,3.62738E+11,144.014
1987,Netherlands,14724947,3.67879E+11,151.48
1988,Netherlands,14825916,3.77506E+11,145.603
1989,Netherlands,14921107,3.95159E+11,161.664
1990,Netherlands,15030884,4.11391E+11,162.797
1991,Netherlands,15155091,4.23942E+11,171.193
1992,Netherlands,15276786,4.33664E+11,170.997
1993,Netherlands,15389718,4.41708E+11,170.964
1994,Netherlands,15485453,4.57377E+11,171.731
1995,Netherlands,15565033,4.74451E+11,173.261
1996,Netherlands,15640031,4.94207E+11,182.323
1997,Netherlands,15723620,5.18458E+11,175.247
1998,Netherlands,15827109,5.45041E+11,176.179
1999,Netherlands,15940182,5.75899E+11,170.835
2000,Netherlands,16058758,6.03803E+11,171.936
2001,Netherlands,16182705,6.20171E+11,177.247
2002,Netherlands,16288060,6.24425E+11,176.525
2003,Netherlands,16366914,6.29812E+11,179.964
2004,Netherlands,16425561,6.46331E+11,181.892
2005,Netherlands,16465707,6.64118E+11,177.931
2006,Netherlands,16493851,6.91454E+11,173.085
2007,Netherlands,16531360,7.212E+11,172.833
2008,Netherlands,16597257,7.37705E+11,175.705
2009,Netherlands,16684147,7.13987E+11,170.234
2010,Netherlands,16771232,7.28193E+11,182.289
2011,Netherlands,16851061,7.44614E+11,169.162
2012,Netherlands,16915191,7.36942E+11,165.575
2013,Netherlands,16967065,7.35983E+11,164.758
2014,Netherlands,17030087,7.46459E+11,157.342
2015,Netherlands,17107427,7.61083E+11,163.743
2016,Netherlands,17204694,7.77764E+11,164.608
2017,Netherlands,17315375,8.00404E+11,162.078
2018,Netherlands,17421284,8.19301E+11,158.042
2019,Netherlands,17537506,8.35323E+11,152.422
2020,Netherlands,17636732,8.02862E+11,136.67
2021,Netherlands,17730564,8.41907E+11,139.684
2022,Netherlands,17904422,8.79609E+11,127.241
1951,New Zealand,1951209,2.37561979E+10,8.17
1952,New Zealand,1997754,2.47893053E+10,9.32
1953,New Zealand,2047749,2.563743E+10,8.551
1954,New Zealand,2095143,2.91649679E+10,9.067
1955,New Zealand,2139673,2.9709824E+10,9.393
1956,New Zealand,2184844,3.12497336E+10,9.675
1957,New Zealand,2233688,3.214359E+10,10.305
1958,New Zealand,2284996,3.34039245E+10,10.18
1959,New Zealand,2333486,3.578272E+10,10.319
1960,New Zealand,2379483,3.57825331E+10,11.532
1961,New Zealand,2429744,3.77832448E+10,11.755
1962,New Zealand,2484404,3.85998971E+10,11.198
1963,New Zealand,2538119,4.10428E+10,12.217
1964,New Zealand,2588771,4.30419231E+10,13.092
1965,New Zealand,2636494,4.5787177E+10,13.685
1966,New Zealand,2682588,4.867422E+10,14
1967,New Zealand,2723416,4.645221E+10,13.627
1968,New Zealand,2754521,4.637603E+10,13.473
1969,New Zealand,2784399,5.11634E+10,14.257
1970,New Zealand,2822183,5.043827E+10,14.18
1971,New Zealand,2867168,5.30550374E+10,15.049
1972,New Zealand,2919262,5.532777E+10,16.19
1973,New Zealand,2978988,5.925951E+10,18.2
1974,New Zealand,3041227,6.27858924E+10,18.76
1975,New Zealand,3094041,6.20660449E+10,18.27
1976,New Zealand,3126641,6.35787223E+10,19.249
1977,New Zealand,3140130,6.0481237E+10,20.313
1978,New Zealand,3142243,6.07263744E+10,18.024
1979,New Zealand,3141596,6.19618877E+10,16.494
1980,New Zealand,3146324,6.239172E+10,17.479
1981,New Zealand,3159845,6.54195876E+10,16.561
1982,New Zealand,3185129,6.66401546E+10,18.27
1983,New Zealand,3219281,6.846687E+10,17.998
1984,New Zealand,3249830,7.184033E+10,19.337
1985,New Zealand,3268029,7.239672E+10,21.858
1986,New Zealand,3281510,7.39162849E+10,22.946
1987,New Zealand,3299444,7.421999E+10,24.165
1988,New Zealand,3316026,7.401594E+10,25.449
1989,New Zealand,3333821,7.46774446E+10,25.453
1990,New Zealand,3396981,7.448324E+10,25.497
1991,New Zealand,3480933,7.496122E+10,26.176
1992,New Zealand,3532245,7.56241E+10,28.162
1993,New Zealand,3573610,7.946185E+10,27.755
1994,New Zealand,3621031,8.489007E+10,27.895
1995,New Zealand,3674435,8.872428E+10,28.001
1996,New Zealand,3729383,9.224684E+10,29.301
1997,New Zealand,3776950,9.519528E+10,31.274
1998,New Zealand,3811377,9.617042E+10,29.853
1999,New Zealand,3835561,1.00616E+11,31.461
2000,New Zealand,3857576,1.04942E+11,32.241
2001,New Zealand,3891763,1.07227E+11,34.379
2002,New Zealand,3951114,1.12776E+11,34.542
2003,New Zealand,4022585,1.18222E+11,36.243
2004,New Zealand,4083911,1.23732E+11,35.837
2005,New Zealand,4135004,1.27087E+11,37.425
2006,New Zealand,4181942,1.30824E+11,37.33
2007,New Zealand,4223268,1.36253E+11,36.409
2008,New Zealand,4261819,1.35933E+11,37.506
2009,New Zealand,4304304,1.36501E+11,34.617
2010,New Zealand,4347767,1.39479E+11,34.808
2011,New Zealand,4382702,1.42522E+11,34.262
2012,New Zealand,4411682,1.46281E+11,35.941
2013,New Zealand,4453859,1.49512E+11,35.238
2014,New Zealand,4522977,1.54423E+11,35.435
2015,New Zealand,4614037,1.60782E+11,35.802
2016,New Zealand,4714768,1.67418E+11,34.146
2017,New Zealand,4812748,1.74188E+11,35.685
2018,New Zealand,4900844,1.81446E+11,35.703
2019,New Zealand,4989412,1.87275E+11,36.732
2020,New Zealand,5069893,1.84971E+11,34.023
2021,New Zealand,5107696,1.96312E+11,34.323
2022,New Zealand,5131733,2.00603E+11,31.61
1951,Nicaragua,1369654,3.005067E+09,0.201
1952,Nicaragua,1409023,3.516656E+09,0.275
1953,Nicaragua,1449906,3.602394E+09,0.286
1954,Nicaragua,1492260,3.937542E+09,0.315
1955,Nicaragua,1536246,4.198776E+09,0.392
1956,Nicaragua,1581978,4.195962E+09,0.377
1957,Nicaragua,1629469,4.554009E+09,0.418
1958,Nicaragua,1678745,4.567716E+09,0.601
1959,Nicaragua,1729795,4.632984E+09,0.48
1960,Nicaragua,1782371,4.699964E+09,0.531
1961,Nicaragua,1836457,5.049857E+09,0.56
1962,Nicaragua,1892325,5.601911E+09,0.659
1963,Nicaragua,1950162,6.208402E+09,0.843
1964,Nicaragua,2010183,6.93594E+09,0.949
1965,Nicaragua,2072688,7.595E+09,0.78
1966,Nicaragua,2137821,7.845994E+09,0.96
1967,Nicaragua,2205570,8.3925E+09,1.08
1968,Nicaragua,2275838,8.510994E+09,1.231
1969,Nicaragua,2348401,9.073232E+09,1.286
1970,Nicaragua,2423066,9.162539E+09,1.403
1971,Nicaragua,2499829,9.60996E+09,1.505
1972,Nicaragua,2573583,9.917369E+09,1.604
1973,Nicaragua,2649283,1.04239759E+10,1.828
1974,Nicaragua,2732074,1.174848E+10,1.948
1975,Nicaragua,2816945,1.20061348E+10,1.927
1976,Nicaragua,2903850,1.26098268E+10,2.222
1977,Nicaragua,2992531,1.34008381E+10,2.833
1978,Nicaragua,3080323,1.24427684E+10,2.627
1979,Nicaragua,3164524,9.149235E+09,1.709
1980,Nicaragua,3252404,9.569442E+09,2.022
1981,Nicaragua,3345679,1.008852E+10,2.135
1982,Nicaragua,3438745,9.99936E+09,2.111
1983,Nicaragua,3530287,1.04622285E+10,1.997
1984,Nicaragua,3619108,1.03011123E+10,1.846
1985,Nicaragua,3706480,9.88026E+09,1.985
1986,Nicaragua,3794162,9.779728E+09,2.256
1987,Nicaragua,3882168,9.706884E+09,2.431
1988,Nicaragua,3972318,8.503192E+09,2.24
1989,Nicaragua,4066482,8.356356E+09,1.468
1990,Nicaragua,4162566,8.348404E+09,2.044
1991,Nicaragua,4259635,8.48339968E+09,1.986
1992,Nicaragua,4357031,8.66881E+09,2.373
1993,Nicaragua,4453733,8.788659E+09,2.282
1994,Nicaragua,4549317,9.239789E+09,2.518
1995,Nicaragua,4642935,9.966536E+09,2.755
1996,Nicaragua,4729979,1.07855954E+10,2.847
1997,Nicaragua,4809574,1.14154127E+10,3.114
1998,Nicaragua,4883659,1.20499251E+10,3.393
1999,Nicaragua,4954021,1.313055E+10,3.597
2000,Nicaragua,5022636,1.39095921E+10,3.721
2001,Nicaragua,5087822,1.45798994E+10,3.922
2002,Nicaragua,5149914,1.49541878E+10,3.99
2003,Nicaragua,5210970,1.55994511E+10,4.335
2004,Nicaragua,5272909,1.6722815E+10,4.378
2005,Nicaragua,5342108,1.77538847E+10,4.27
2006,Nicaragua,5418856,1.88194058E+10,4.418
2007,Nicaragua,5497246,2.01710367E+10,4.551
2008,Nicaragua,5576597,2.111848E+10,4.365
2009,Nicaragua,5656605,2.09003581E+10,4.445
2010,Nicaragua,5737451,2.1950677E+10,4.468
2011,Nicaragua,5819054,2.37348741E+10,4.806
2012,Nicaragua,5901290,2.5065728E+10,4.55
2013,Nicaragua,5983850,2.6206804E+10,4.605
2014,Nicaragua,6066491,2.74025656E+10,4.745
2015,Nicaragua,6149418,2.8748329E+10,5.431
2016,Nicaragua,6232663,2.99296625E+10,5.406
2017,Nicaragua,6316236,3.117962E+10,5.461
2018,Nicaragua,6400074,3.00027146E+10,5.199
2019,Nicaragua,6483660,2.91335762E+10,5.223
2020,Nicaragua,6565267,2.86190039E+10,4.66
2021,Nicaragua,6644745,3.15802747E+10,5.145
2022,Nicaragua,6730661,3.27647826E+10,5.296
1951,Niger,2684752,3.33746074E+09,0.024
1952,Niger,2771894,3.45719578E+09,0.027
1953,Niger,2859196,3.58142285E+09,0.022
1954,Niger,2946889,3.71735885E+09,0.026
1955,Niger,3035285,3.85137254E+09,0.026
1956,Niger,3124755,3.99783117E+09,0.03
1957,Niger,3215846,4.1426304E+09,0.031
1958,Niger,3309227,4.30068634E+09,0.026
1959,Niger,3405468,4.4573783E+09,0.022
1960,Niger,3505057,4.74606029E+09,0.029
1961,Niger,3608171,4.94671E+09,0.055
1962,Niger,3714521,5.46592666E+09,0.066
1963,Niger,3823878,6.007102E+09,0.088
1964,Niger,3935821,6.01675264E+09,0.095
1965,Niger,4049702,6.47205939E+09,0.092
1966,Niger,4165551,6.39461E+09,0.136
1967,Niger,4283593,6.424766E+09,0.132
1968,Niger,4403640,6.477022E+09,0.161
1969,Niger,4525724,6.2788393E+09,0.19
1970,Niger,4650272,6.47174963E+09,0.216
1971,Niger,4776227,6.839058E+09,0.23
1972,Niger,4904846,6.487256E+09,0.252
1973,Niger,5037868,5.377249E+09,0.327
1974,Niger,5174956,5.850713E+09,0.288
1975,Niger,5317024,5.68999E+09,0.333
1976,Niger,5464963,5.73097472E+09,0.331
1977,Niger,5619722,6.17642752E+09,0.363
1978,Niger,5782940,7.00780646E+09,0.413
1979,Niger,5955557,7.50603571E+09,0.476
1980,Niger,6135969,7.86666854E+09,0.566
1981,Niger,6322012,7.9672E+09,0.68
1982,Niger,6512734,7.86508442E+09,0.742
1983,Niger,6708646,7.7220736E+09,0.958
1984,Niger,6909973,6.409068E+09,0.987
1985,Niger,7118458,6.52574874E+09,0.99
1986,Niger,7335814,6.821579E+09,0.894
1987,Niger,7561154,6.58095462E+09,0.993
1988,Niger,7793752,6.947782E+09,0.983
1989,Niger,8034783,6.960921E+09,1.034
1990,Niger,8286066,6.83798835E+09,0.599
1991,Niger,8546899,6.989575E+09,0.566
1992,Niger,8817632,6.52773171E+09,0.525
1993,Niger,9100788,6.61226445E+09,0.598
1994,Niger,9398265,6.867284E+09,0.577
1995,Niger,9714537,6.41592166E+09,0.558
1996,Niger,10044847,6.73137664E+09,0.639
1997,Niger,10383977,6.7592233E+09,0.644
1998,Niger,10741417,7.611873E+09,0.696
1999,Niger,11117413,7.681518E+09,0.682
2000,Niger,11509635,7.47810765E+09,0.687
2001,Niger,11920648,8.07956838E+09,0.646
2002,Niger,12349151,8.5067095E+09,0.685
2003,Niger,12796980,9.1085E+09,0.744
2004,Niger,13265843,9.044074E+09,0.792
2005,Niger,13756191,9.809322E+09,0.691
2006,Niger,14268583,1.03825684E+10,0.671
2007,Niger,14803604,1.07161815E+10,0.71
2008,Niger,15361920,1.17628764E+10,0.792
2009,Niger,15943673,1.17002486E+10,0.952
2010,Niger,16548832,1.26941184E+10,1.16
2011,Niger,17176286,1.2994345E+10,1.317
2012,Niger,17836770,1.43642071E+10,1.844
2013,Niger,18519898,1.51270892E+10,2.078
2014,Niger,19215917,1.613213E+10,2.256
2015,Niger,19939497,1.68408187E+10,2.206
2016,Niger,20685760,1.780765E+10,2.145
2017,Niger,21435449,1.86982113E+10,2.25
2018,Niger,22188074,2.00083927E+10,1.803
2019,Niger,22947765,2.12375081E+10,2.513
2020,Niger,23717614,2.199144E+10,2.461
2021,Niger,24502144,2.22990971E+10,2.713
2022,Niger,25311977,2.47767552E+10,2.697
1951,Nigeria,37994083,4.1005015E+10,1.685
1952,Nigeria,38716209,4.39338476E+10,2.18
1953,Nigeria,39439812,4.49765949E+10,2.437
1954,Nigeria,40176323,4.827791E+10,2.572
1955,Nigeria,40935636,4.957961E+10,2.697
1956,Nigeria,41716058,4.84398162E+10,3.012
1957,Nigeria,42517478,5.039281E+10,3.184
1958,Nigeria,43324653,4.97939128E+10,3.722
1959,Nigeria,44161685,5.198365E+10,3.565
1960,Nigeria,45053787,5.43025562E+10,3.403
1961,Nigeria,45989311,5.61590436E+10,4.11
1962,Nigeria,46965300,5.94008023E+10,4.175
1963,Nigeria,47973577,6.49625027E+10,5.344
1964,Nigeria,49012023,6.77260247E+10,7.267
1965,Nigeria,50086763,7.23363758E+10,11.75
1966,Nigeria,51188241,6.998047E+10,12.893
1967,Nigeria,52293067,5.910039E+10,12.824
1968,Nigeria,53432784,5.84237957E+10,6.626
1969,Nigeria,54631918,7.407434E+10,12.1
1970,Nigeria,55893837,9.694135E+10,21.52
1971,Nigeria,57214688,1.08402E+11,32.252
1972,Nigeria,58601749,1.1246E+11,41.388
1973,Nigeria,60082138,1.22133E+11,49.532
1974,Nigeria,61679153,1.36239E+11,62.235
1975,Nigeria,63410822,1.32128E+11,47.352
1976,Nigeria,65258002,1.46596E+11,55.19
1977,Nigeria,67234590,1.51895E+11,50.505
1978,Nigeria,69326530,1.4294E+11,48.223
1979,Nigeria,71498241,1.52726E+11,70.186
1980,Nigeria,73764644,1.55628E+11,68.035
1981,Nigeria,76068116,1.43112E+11,65.811
1982,Nigeria,78378696,1.41848E+11,65.394
1983,Nigeria,80438257,1.32378E+11,59.705
1984,Nigeria,82526444,1.2632E+11,69.406
1985,Nigeria,84897972,1.37606E+11,69.636
1986,Nigeria,87235959,1.40218E+11,73.192
1987,Nigeria,89591718,1.39114E+11,59.024
1988,Nigeria,92020092,1.52965E+11,70.421
1989,Nigeria,94531021,1.62802E+11,42.119
1990,Nigeria,97120926,1.71278E+11,38.857
1991,Nigeria,99720162,1.74068E+11,41.929
1992,Nigeria,102372779,1.81866E+11,46.265
1993,Nigeria,105122075,1.88894E+11,44.814
1994,Nigeria,107935717,1.93991E+11,80.462
1995,Nigeria,110819431,2.02398E+11,84.343
1996,Nigeria,113754782,2.1595E+11,97.89
1997,Nigeria,116754791,2.27883E+11,95.782
1998,Nigeria,119846260,2.39845E+11,86.493
1999,Nigeria,123047322,2.47535E+11,84.992
2000,Nigeria,126382491,2.68133E+11,97.64
2001,Nigeria,129862594,2.93372E+11,100.954
2002,Nigeria,133471994,3.44836E+11,90.479
2003,Nigeria,137202647,3.87284E+11,100.764
2004,Nigeria,141057046,4.38815E+11,95.553
2005,Nigeria,145017255,4.81798E+11,102.321
2006,Nigeria,149077333,5.27632E+11,90.987
2007,Nigeria,153267257,5.81001E+11,83.386
2008,Nigeria,157595017,6.38908E+11,90.395
2009,Nigeria,162049465,7.09931E+11,80.346
2010,Nigeria,166642887,8.09999E+11,114.533
2011,Nigeria,171379601,8.71104E+11,129.196
2012,Nigeria,176200628,9.08381E+11,114.071
2013,Nigeria,181049443,9.57383E+11,122.647
2014,Nigeria,185896917,1.01779E+12,129.276
2015,Nigeria,190671883,1.04479E+12,115.831
2016,Nigeria,195443699,1.0279E+12,123.853
2017,Nigeria,200254578,1.03618E+12,118.72
2018,Nigeria,204938753,1.0561E+12,112.612
2019,Nigeria,209485636,1.07943E+12,133.824
2020,Nigeria,213996186,1.06006E+12,129.497
2021,Nigeria,218529285,1.09872E+12,135.07
2022,Nigeria,223150906,1.13445E+12,131.568
1990,North Korea,21112135,5.02239478E+10,118.379
1991,North Korea,21428637,4.82020557E+10,112.819
1992,North Korea,21750912,4.49174077E+10,97.982
1993,North Korea,22073353,4.30460723E+10,89.582
1994,North Korea,22393967,4.208599E+10,81.58
1995,North Korea,22669306,4.014651E+10,76.082
1996,North Korea,22895752,3.86897142E+10,66.292
1997,North Korea,23110836,3.601876E+10,63.679
1998,North Korea,23311570,3.55215852E+10,58.749
1999,North Korea,23497597,3.761092E+10,64.14
2000,North Korea,23665910,3.77580339E+10,69.165
2001,North Korea,23815363,3.9161385E+10,71.664
2002,North Korea,23943975,3.96341453E+10,68.642
2003,North Korea,24090383,4.0352084E+10,70.139
2004,North Korea,24254945,4.11714232E+10,71.722
2005,North Korea,24396433,4.2708226E+10,75.01
2006,North Korea,24524508,4.226417E+10,76.17
2007,North Korea,24646384,4.17655439E+10,63.478
2008,North Korea,24764620,4.31633039E+10,70.329
2009,North Korea,24878338,4.279121E+10,67.664
2010,North Korea,24987258,4.26054369E+10,65.359
2011,North Korea,25097878,4.29614326E+10,47.834
2012,North Korea,25211737,4.3545174E+10,46.722
2013,North Korea,25329455,4.40337572E+10,36.111
2014,North Korea,25451263,4.45184737E+10,39.788
2015,North Korea,25575355,4.40329544E+10,31.248
2016,North Korea,25698325,4.573974E+10,34.2
2017,North Korea,25817710,4.41605E+10,69.675
2018,North Korea,25931155,4.23494738E+10,62.59
2019,North Korea,26037633,4.24991E+10,69.49
2020,North Korea,26136313,4.057289E+10,65.548
2021,North Korea,26232531,4.055043E+10,53.952
2022,North Korea,26328842,4.048885E+10,56.192
1952,North Macedonia,1294538,2.73396378E+09,1.425
1953,North Macedonia,1319468,2.91077248E+09,1.417
1954,North Macedonia,1340009,3.03343539E+09,1.697
1955,North Macedonia,1355680,3.7065257E+09,1.944
1956,North Macedonia,1370923,3.75059558E+09,2.233
1957,North Macedonia,1385258,4.11791846E+09,2.412
1958,North Macedonia,1400120,4.439092E+09,2.376
1959,North Macedonia,1417079,4.57631539E+09,2.726
1960,North Macedonia,1435061,4.899186E+09,2.98
1961,North Macedonia,1455174,5.0212905E+09,3.13
1962,North Macedonia,1471743,5.1366784E+09,3.208
1963,North Macedonia,1488746,6.06114458E+09,3.567
1964,North Macedonia,1510901,7.87348429E+09,4.05
1965,North Macedonia,1533472,7.250173E+09,4.169
1966,North Macedonia,1557354,7.90804941E+09,4.126
1967,North Macedonia,1582501,8.29231053E+09,4.17
1968,North Macedonia,1608933,8.592602E+09,4.452
1969,North Macedonia,1636357,9.522106E+09,4.615
1970,North Macedonia,1664213,1.03044936E+10,6.063
1971,North Macedonia,1691224,1.098749E+10,6.523
1972,North Macedonia,1717400,1.15293553E+10,6.066
1973,North Macedonia,1743825,1.22467318E+10,7.28
1974,North Macedonia,1770551,1.296591E+10,7.3
1975,North Macedonia,1797973,1.3579776E+10,7.61
1976,North Macedonia,1825833,1.41959158E+10,7.844
1977,North Macedonia,1853147,1.509749E+10,7.604
1978,North Macedonia,1879853,1.63197829E+10,8.514
1979,North Macedonia,1906524,1.74892954E+10,9.276
1980,North Macedonia,1933044,1.7739008E+10,9.101
1981,North Macedonia,1959070,1.796712E+10,9.896
1982,North Macedonia,1978962,1.81959619E+10,9.062
1983,North Macedonia,1991903,1.78162872E+10,9.791
1984,North Macedonia,2003401,1.83858115E+10,10.351
1985,North Macedonia,2014334,1.82518579E+10,10.578
1986,North Macedonia,2024729,1.95265147E+10,11.063
1987,North Macedonia,2035161,1.92784855E+10,10.792
1988,North Macedonia,2045738,1.86524037E+10,11.157
1989,North Macedonia,2055650,1.901385E+10,11.13
1990,North Macedonia,2063689,1.70742641E+10,11.098
1991,North Macedonia,2055999,1.60917391E+10,7.788
1992,North Macedonia,2032515,1.50990049E+10,8.394
1993,North Macedonia,2006853,1.40323881E+10,7.599
1994,North Macedonia,1992669,1.38433341E+10,7.903
1995,North Macedonia,1998531,1.37547919E+10,7.925
1996,North Macedonia,2012551,1.39852831E+10,9.417
1997,North Macedonia,2025762,1.42493624E+10,8.446
1998,North Macedonia,2037576,1.47895214E+10,9.647
1999,North Macedonia,2048087,1.55081667E+10,8.783
2000,North Macedonia,2057255,1.63079946E+10,8.468
2001,North Macedonia,2066298,1.58726676E+10,8.288
2002,North Macedonia,2074482,1.60174326E+10,7.834
2003,North Macedonia,2081418,1.6466E+10,8.53
2004,North Macedonia,2086583,1.73242163E+10,8.226
2005,North Macedonia,2089808,1.82191288E+10,8.596
2006,North Macedonia,2089233,1.92277811E+10,8.651
2007,North Macedonia,2081976,2.0547244E+10,9.013
2008,North Macedonia,2070840,2.17522217E+10,8.936
2009,North Macedonia,2060601,2.175891E+10,8.237
2010,North Macedonia,2051510,2.25831281E+10,8.186
2011,North Macedonia,2040442,2.32014828E+10,8.838
2012,North Macedonia,2027288,2.30956851E+10,8.486
2013,North Macedonia,2013280,2.37711974E+10,7.489
2014,North Macedonia,1997842,2.46339912E+10,7.203
2015,North Macedonia,1980366,2.55838147E+10,6.757
2016,North Macedonia,1961268,2.63125361E+10,6.657
2017,North Macedonia,1940877,2.65971057E+10,7.152
2018,North Macedonia,1919730,2.736328E+10,7.636
2019,North Macedonia,1897643,2.84332749E+10,7.647
2020,North Macedonia,1872021,2.7100244E+10,6.962
2021,North Macedonia,1851109,2.81656361E+10,6.489
2022,North Macedonia,1840236,2.87702548E+10,7.127
1951,Norway,3295966,2.97880822E+10,9.476
1952,Norway,3327841,3.08380549E+10,9.685
1953,Norway,3361032,3.20628716E+10,9.783
1954,Norway,3394397,3.36811028E+10,9.882
1955,Norway,3428531,3.44248975E+10,11.414
1956,Norway,3461075,3.62607165E+10,11.952
1957,Norway,3491981,3.735326E+10,11.358
1958,Norway,3523007,3.73542953E+10,11.186
1959,Norway,3552829,3.892859E+10,11.808
1960,Norway,3581119,4.112337E+10,13.087
1961,Norway,3609660,4.370024E+10,13.335
1962,Norway,3638841,4.49297326E+10,14.06
1963,Norway,3666498,4.664939E+10,14.965
1964,Norway,3694318,4.89721569E+10,16.17
1965,Norway,3723175,5.15731169E+10,16.39
1966,Norway,3752787,5.351923E+10,19.54
1967,Norway,3784113,5.6866005E+10,19.304
1968,Norway,3816088,5.81401969E+10,21.114
1969,Norway,3847306,6.07645655E+10,22.194
1970,Norway,3875352,6.197226E+10,27.979
1971,Norway,3902754,6.5149526E+10,27.166
1972,Norway,3932910,6.84696658E+10,29.395
1973,Norway,3960597,7.148906E+10,30.492
1974,Norway,3985284,7.44884552E+10,27.69
1975,Norway,4007368,7.838304E+10,30.602
1976,Norway,4026219,8.2979E+10,33.332
1977,Norway,4043259,8.65205453E+10,33.309
1978,Norway,4058668,8.953834E+10,32.625
1979,Norway,4072502,9.354979E+10,34.625
1980,Norway,4085601,9.818154E+10,31.777
1981,Norway,4099675,9.91267E+10,31.805
1982,Norway,4114740,9.933507E+10,30.912
1983,Norway,4128332,1.02897E+11,31.947
1984,Norway,4139970,1.08971E+11,33.81
1985,Norway,4152401,1.1464E+11,32.286
1986,Norway,4167252,1.18765E+11,34.785
1987,Norway,4186821,1.21202E+11,33.207
1988,Norway,4209471,1.21152E+11,35.592
1989,Norway,4226915,1.22313E+11,34.148
1990,Norway,4241438,1.24859E+11,35.003
1991,Norway,4261618,1.32698E+11,33.458
1992,Norway,4286256,1.41648E+11,34.394
1993,Norway,4311865,1.50177E+11,35.938
1994,Norway,4336467,1.62645E+11,37.853
1995,Norway,4358991,1.74592E+11,38.458
1996,Norway,4381137,1.89011E+11,41.524
1997,Norway,4404986,2.0513E+11,41.625
1998,Norway,4431307,2.16979E+11,41.818
1999,Norway,4461788,2.28193E+11,42.591
2000,Norway,4490866,2.42751E+11,42.11
2001,Norway,4513652,2.55455E+11,43.498
2002,Norway,4538014,2.67081E+11,42.553
2003,Norway,4564666,2.77856E+11,43.9
2004,Norway,4591740,2.97743E+11,44.236
2005,Norway,4623119,3.14941E+11,43.263
2006,Norway,4660485,3.32458E+11,43.842
2007,Norway,4709017,3.52693E+11,45.588
2008,Norway,4768099,3.64944E+11,44.675
2009,Norway,4828624,3.70113E+11,43.081
2010,Norway,4889160,3.83761E+11,45.621
2011,Norway,4952968,3.9942E+11,44.747
2012,Norway,5018456,4.10276E+11,44.228
2013,Norway,5080125,4.14445E+11,44.516
2014,Norway,5137397,4.22934E+11,44.958
2015,Norway,5189776,4.30789E+11,45.494
2016,Norway,5235977,4.35807E+11,44.678
2017,Norway,5276806,4.46544E+11,44.165
2018,Norway,5311751,4.50245E+11,44.405
2019,Norway,5347735,4.55305E+11,42.793
2020,Norway,5379274,4.49485E+11,41.231
2021,Norway,5408081,4.67008E+11,41.028
2022,Norway,5456795,4.82328E+11,40.808
1964,Oman,572586,1.13436979E+09,0.011
1965,Oman,585245,1.13881165E+09,0.026
1966,Oman,598815,1.19974835E+09,0.029
1967,Oman,613318,1.9927927E+09,0.136
1968,Oman,628802,3.62611482E+09,0.161
1969,Oman,645261,4.555251E+09,0.234
1970,Oman,662691,4.714814E+09,0.234
1971,Oman,681125,4.75376435E+09,2.092
1972,Oman,700591,5.19897242E+09,2.088
1973,Oman,721184,4.478044E+09,2.11
1974,Oman,746995,4.99152538E+09,2.334
1975,Oman,778870,6.21216461E+09,7.251
1976,Oman,814703,7.008888E+09,8.321
1977,Oman,855316,7.029722E+09,8.5
1978,Oman,900312,6.89559962E+09,7.79
1979,Oman,949123,7.19061E+09,7.716
1980,Oman,1001248,7.625997E+09,6.042
1981,Oman,1057327,8.925583E+09,6.013
1982,Oman,1117685,9.954318E+09,5.73
1983,Oman,1181464,1.16157338E+10,7.526
1984,Oman,1247723,1.35604613E+10,8.053
1985,Oman,1325489,1.54573967E+10,8.619
1986,Oman,1413425,1.57890724E+10,9.825
1987,Oman,1501005,1.70529434E+10,9.402
1988,Oman,1588572,1.75638241E+10,10.517
1989,Oman,1676234,1.83008768E+10,9.986
1990,Oman,1763957,1.8309503E+10,11.222
1991,Oman,1851477,2.05234483E+10,11.595
1992,Oman,1938241,2.34776269E+10,11.893
1993,Oman,2021677,2.63281623E+10,13.225
1994,Oman,2081840,2.88913428E+10,17.384
1995,Oman,2120531,3.23132846E+10,18.735
1996,Oman,2156925,3.584207E+10,18.108
1997,Oman,2190726,4.13469532E+10,18.054
1998,Oman,2222494,4.6306005E+10,18.445
1999,Oman,2252910,5.052259E+10,21.985
2000,Oman,2282138,5.812419E+10,23.89
2001,Oman,2310221,6.494914E+10,22.404
2002,Oman,2337144,6.8132E+10,26.842
2003,Oman,2363801,6.99784151E+10,34.356
2004,Oman,2404822,7.474545E+10,29.024
2005,Oman,2459808,8.093661E+10,31.601
2006,Oman,2514794,9.05534341E+10,40.167
2007,Oman,2570176,1.00681E+11,45.071
2008,Oman,2626536,1.15218E+11,47.19
2009,Oman,2684665,1.27017E+11,44.278
2010,Oman,2757451,1.35198E+11,51.178
2011,Oman,3076761,1.32757E+11,57.011
2012,Oman,3547106,1.44523E+11,62.728
2013,Oman,3833915,1.52077E+11,65.272
2014,Oman,4002445,1.54042E+11,65.911
2015,Oman,4184897,1.6177E+11,67.59
2016,Oman,4390880,1.69933E+11,65.925
2017,Oman,4537397,1.7045E+11,66.242
2018,Oman,4597879,1.72643E+11,70.376
2019,Oman,4591247,1.70692E+11,71.725
2020,Oman,4522503,1.6523E+11,68.625
2021,Oman,4500427,1.70025E+11,75.116
2022,Oman,4730227,1.77355E+11,76.606
1951,Pakistan,36581907,3.91303578E+10,6.613
1952,Pakistan,37377005,3.927923E+10,6.983
1953,Pakistan,38229659,4.29775462E+10,7.107
1954,Pakistan,39137074,4.39792722E+10,7.218
1955,Pakistan,40098069,4.49676575E+10,7.437
1956,Pakistan,41113926,4.630982E+10,8.812
1957,Pakistan,42185139,4.83604234E+10,9.105
1958,Pakistan,43312057,4.90656563E+10,10.224
1959,Pakistan,44495163,4.95460475E+10,9.921
1960,Pakistan,45709314,5.19488922E+10,11.926
1961,Pakistan,46921275,5.51320125E+10,12.35
1962,Pakistan,48156130,5.915415E+10,13.57
1963,Pakistan,49447779,6.28121928E+10,15.6
1964,Pakistan,50799993,6.763397E+10,16.039
1965,Pakistan,52209015,7.066128E+10,16.83
1966,Pakistan,53678671,7.64057846E+10,17.126
1967,Pakistan,55214771,7.925896E+10,18.176
1968,Pakistan,56810514,8.47664742E+10,20.842
1969,Pakistan,58460945,9.026165E+10,20.213
1970,Pakistan,60166720,9.967594E+10,20.504
1971,Pakistan,61847897,1.00157E+11,19.441
1972,Pakistan,63583193,1.00869E+11,18.903
1973,Pakistan,65461911,1.08175E+11,20.008
1974,Pakistan,67415486,1.11774E+11,21.387
1975,Pakistan,69461179,1.16475E+11,23.188
1976,Pakistan,71620249,1.22636E+11,22.789
1977,Pakistan,73901832,1.27467E+11,24.32
1978,Pakistan,76307382,1.37688E+11,26.051
1979,Pakistan,78997041,1.42755E+11,28.134
1980,Pakistan,82291008,1.57741E+11,31.932
1981,Pakistan,85802047,1.70114E+11,34.233
1982,Pakistan,89089248,1.83113E+11,37.19
1983,Pakistan,92227712,1.95559E+11,40.022
1984,Pakistan,95164941,2.03233E+11,42.557
1985,Pakistan,98229291,2.2094E+11,46.814
1986,Pakistan,101606771,2.34955E+11,49.059
1987,Pakistan,105130713,2.48713E+11,52.989
1988,Pakistan,108724741,2.64732E+11,57.607
1989,Pakistan,112336635,2.77371E+11,60.317
1990,Pakistan,116155583,2.9007E+11,67.827
1991,Pakistan,120060408,3.11483E+11,67.477
1992,Pakistan,123546854,3.27814E+11,72.015
1993,Pakistan,127020115,3.38978E+11,77.176
1994,Pakistan,130748078,3.56455E+11,84.018
1995,Pakistan,134582253,3.76968E+11,83.614
1996,Pakistan,138557089,3.91435E+11,93.539
1997,Pakistan,142531801,4.0236E+11,93.788
1998,Pakistan,146522357,4.19025E+11,96.741
1999,Pakistan,150565382,4.40333E+11,99.389
2000,Pakistan,154879124,4.59799E+11,103.94
2001,Pakistan,159270911,4.77964E+11,105.401
2002,Pakistan,163222552,5.04825E+11,112.9
2003,Pakistan,167110250,5.4392E+11,117.462
2004,Pakistan,171285998,5.92026E+11,129.796
2005,Pakistan,175453212,6.41139E+11,133.645
2006,Pakistan,179682692,6.85966E+11,144.053
2007,Pakistan,184493230,7.19254E+11,157.678
2008,Pakistan,189499114,7.46913E+11,155.149
2009,Pakistan,194376535,7.74881E+11,155.521
2010,Pakistan,199239047,8.05492E+11,154.202
2011,Pakistan,203746069,8.45097E+11,154.801
2012,Pakistan,207667129,8.78485E+11,154.768
2013,Pakistan,211073979,9.18329E+11,151.847
2014,Pakistan,214264649,9.61517E+11,156.705
2015,Pakistan,217290885,1.01083E+12,150.59
2016,Pakistan,220138862,1.06115E+12,178.032
2017,Pakistan,223273975,1.11727E+12,218.361
2018,Pakistan,226928893,1.16541E+12,210.348
2019,Pakistan,230800909,1.17233E+12,207.622
2020,Pakistan,235001743,1.20203E+12,230.754
2021,Pakistan,239477805,1.2782E+12,247.901
2022,Pakistan,243700667,1.31883E+12,223.834
1990,Palestine,2139067,1.014481E+10,0.861
1991,Palestine,2228954,9.454878E+09,0.883
1992,Palestine,2324698,1.13947761E+10,0.916
1993,Palestine,2425066,1.22610934E+10,0.934
1994,Palestine,2529164,1.38437612E+10,0.967
1995,Palestine,2636554,1.44266537E+10,0.945
1996,Palestine,2746830,1.42104023E+10,1.037
1997,Palestine,2859582,1.58535956E+10,0.865
1998,Palestine,2962895,1.76412385E+10,1.462
1999,Palestine,3056256,1.858912E+10,1.367
2000,Palestine,3151801,1.65354854E+10,1.66
2001,Palestine,3242287,1.45959864E+10,1.348
2002,Palestine,3322369,1.24293437E+10,1.154
2003,Palestine,3398072,1.37847624E+10,1.279
2004,Palestine,3475177,1.48015258E+10,2.195
2005,Palestine,3557407,1.59627192E+10,2.741
2006,Palestine,3645096,1.4923434E+10,2.264
2007,Palestine,3736694,1.54821007E+10,2.323
2008,Palestine,3829038,1.59784274E+10,2.052
2009,Palestine,3921243,1.68952515E+10,2.088
2010,Palestine,4016915,1.77711124E+10,2.034
2011,Palestine,4115912,1.943741E+10,2.246
2012,Palestine,4215318,2.06607524E+10,2.198
2013,Palestine,4315264,2.11156111E+10,2.437
2014,Palestine,4415886,2.108459E+10,2.836
2015,Palestine,4521566,2.18080768E+10,3.004
2016,Palestine,4632743,2.36659139E+10,3.232
2017,Palestine,4742747,2.388648E+10,3.268
2018,Palestine,4850593,2.40822067E+10,2.957
2019,Palestine,4957774,2.44103741E+10,3.265
2020,Palestine,5069691,2.16474931E+10,3.327
2021,Palestine,5185341,2.31654113E+10,3.635
2022,Palestine,5305274,2.4076503E+10,3.516
1951,Panama,882014,2.281756E+09,0.751
1952,Panama,904462,2.40358E+09,0.908
1953,Panama,928203,2.548338E+09,0.817
1954,Panama,953090,2.640785E+09,0.718
1955,Panama,978970,2.796426E+09,0.791
1956,Panama,1005879,2.940932E+09,0.74
1957,Panama,1033915,3.249456E+09,0.916
1958,Panama,1063167,3.27019E+09,1.121
1959,Panama,1093805,3.48326E+09,1.3
1960,Panama,1126004,3.693116E+09,1.264
1961,Panama,1159878,4.088622E+09,1.344
1962,Panama,1195311,4.434752E+09,1.461
1963,Panama,1232138,4.850127E+09,1.74
1964,Panama,1270068,5.060552E+09,2.033
1965,Panama,1308840,5.504226E+09,2.124
1966,Panama,1348390,5.911815E+09,2.106
1967,Panama,1388630,6.405395E+09,2.15
1968,Panama,1429452,6.876144E+09,2.601
1969,Panama,1470888,7.409264E+09,2.384
1970,Panama,1513070,7.855561E+09,2.677
1971,Panama,1556077,8.611354E+09,3.08
1972,Panama,1599721,9.008307E+09,3.505
1973,Panama,1643696,9.49354E+09,3.966
1974,Panama,1687932,9.721366E+09,3.849
1975,Panama,1732392,9.880101E+09,4.773
1976,Panama,1776941,1.0042368E+10,4.625
1977,Panama,1821550,1.01531044E+10,4.588
1978,Panama,1866314,1.114875E+10,3.923
1979,Panama,1911555,1.165185E+10,4.207
1980,Panama,1957544,1.342404E+10,3.108
1981,Panama,2004424,1.46186875E+10,3.323
1982,Panama,2052278,1.518576E+10,3.279
1983,Panama,2101107,1.49540659E+10,3.48
1984,Panama,2150782,1.52686162E+10,2.867
1985,Panama,2200921,1.60518717E+10,2.727
1986,Panama,2251329,1.67625359E+10,2.735
1987,Panama,2301979,1.72728218E+10,3.18
1988,Panama,2352856,1.55223859E+10,2.915
1989,Panama,2403820,1.57601055E+10,2.51
1990,Panama,2455589,1.70357668E+10,2.632
1991,Panama,2508272,1.86967675E+10,3.104
1992,Panama,2561345,2.02819441E+10,4.112
1993,Panama,2615098,2.14478049E+10,3.785
1994,Panama,2669547,2.21264876E+10,4.177
1995,Panama,2724552,2.2570156E+10,3.653
1996,Panama,2780225,2.32740844E+10,4.447
1997,Panama,2836702,2.48461558E+10,4.63
1998,Panama,2893916,2.67402568E+10,5.901
1999,Panama,2951819,2.786681E+10,5.622
2000,Panama,3010376,2.87064863E+10,5.728
2001,Panama,3069545,2.89430569E+10,6.953
2002,Panama,3129343,2.9668E+10,5.821
2003,Panama,3189813,3.1009622E+10,6.09
2004,Panama,3251157,3.34286E+10,5.711
2005,Panama,3313025,3.59330652E+10,6.971
2006,Panama,3375023,3.9099564E+10,7.524
2007,Panama,3437493,4.395818E+10,7.35
2008,Panama,3500643,4.78856643E+10,7.335
2009,Panama,3564383,4.87729725E+10,8.461
2010,Panama,3628537,5.17418844E+10,9.072
2011,Panama,3693508,5.799652E+10,9.953
2012,Panama,3759260,6.335901E+10,9.768
2013,Panama,3825332,6.754626E+10,10.513
2014,Panama,3892101,7.163684E+10,10.855
2015,Panama,3960036,7.578401E+10,10.788
2016,Panama,4029085,7.945419E+10,10.439
2017,Panama,4098705,8.381223E+10,9.816
2018,Panama,4167859,8.682096E+10,9.503
2019,Panama,4234699,8.967032E+10,13.128
2020,Panama,4293258,7.38270659E+10,7.25
2021,Panama,4345410,8.551815E+10,10.541
2022,Panama,4400772,9.476212E+10,11.356
1951,Paraguay,1537946,3.59580442E+09,0.048
1952,Paraguay,1572608,3.536506E+09,0.103
1953,Paraguay,1608308,3.63572557E+09,0.121
1954,Paraguay,1644932,3.69807821E+09,0.183
1955,Paraguay,1682290,3.87031373E+09,0.19
1956,Paraguay,1720417,4.03184922E+09,0.198
1957,Paraguay,1759490,4.21651763E+09,0.212
1958,Paraguay,1799652,4.45488333E+09,0.242
1959,Paraguay,1840974,4.44158771E+09,0.304
1960,Paraguay,1883516,4.47977626E+09,0.304
1961,Paraguay,1927402,4.6938455E+09,0.363
1962,Paraguay,1973136,5.022523E+09,0.392
1963,Paraguay,2021913,5.163015E+09,0.41
1964,Paraguay,2073122,5.38568858E+09,0.432
1965,Paraguay,2125176,5.69456E+09,0.549
1966,Paraguay,2177589,5.757943E+09,0.513
1967,Paraguay,2229991,6.122648E+09,0.487
1968,Paraguay,2282394,6.340658E+09,0.59
1969,Paraguay,2334997,6.585254E+09,0.52
1970,Paraguay,2388031,6.996918E+09,0.743
1971,Paraguay,2442540,7.39436954E+09,0.633
1972,Paraguay,2499884,7.886752E+09,0.714
1973,Paraguay,2561104,8.48295E+09,0.867
1974,Paraguay,2625623,9.206906E+09,0.951
1975,Paraguay,2691649,9.879328E+09,0.836
1976,Paraguay,2758842,1.06039378E+10,1.03
1977,Paraguay,2827874,1.17837148E+10,1.153
1978,Paraguay,2899269,1.31383081E+10,1.454
1979,Paraguay,2973966,1.46515456E+10,1.325
1980,Paraguay,3053239,1.63411476E+10,1.485
1981,Paraguay,3137609,1.77852969E+10,1.383
1982,Paraguay,3226194,1.76251E+10,1.362
1983,Paraguay,3318075,1.71096453E+10,1.408
1984,Paraguay,3412940,1.764376E+10,1.49
1985,Paraguay,3510677,1.83429612E+10,1.548
1986,Paraguay,3611474,1.83529738E+10,1.655
1987,Paraguay,3714893,1.91496663E+10,1.877
1988,Paraguay,3820552,2.03635732E+10,2.144
1989,Paraguay,3927802,2.1535529E+10,2.223
1990,Paraguay,4035749,2.219612E+10,2.136
1991,Paraguay,4144372,2.28150927E+10,2.103
1992,Paraguay,4253609,2.32977347E+10,2.58
1993,Paraguay,4362705,2.43427E+10,2.914
1994,Paraguay,4471423,2.518086E+10,3.404
1995,Paraguay,4579805,2.66375127E+10,3.937
1996,Paraguay,4687540,2.68355052E+10,3.719
1997,Paraguay,4794417,2.77173043E+10,4.128
1998,Paraguay,4900028,2.79582249E+10,4.384
1999,Paraguay,5003139,2.76353925E+10,4.376
2000,Paraguay,5100874,2.6799188E+10,3.606
2001,Paraguay,5187690,2.74386145E+10,3.696
2002,Paraguay,5261335,3.16648735E+10,3.857
2003,Paraguay,5326437,3.313545E+10,4.031
2004,Paraguay,5388181,3.459108E+10,4.061
2005,Paraguay,5448102,3.544358E+10,3.78
2006,Paraguay,5505144,3.72615332E+10,3.909
2007,Paraguay,5559383,3.94060227E+10,4.042
2008,Paraguay,5613576,4.205062E+10,4.278
2009,Paraguay,5671245,4.050901E+10,4.531
2010,Paraguay,5737974,4.59617E+10,5.022
2011,Paraguay,5814634,4.811331E+10,5.199
2012,Paraguay,5897011,4.77726638E+10,5.173
2013,Paraguay,5982446,5.17344543E+10,5.172
2014,Paraguay,6069816,5.44768942E+10,5.458
2015,Paraguay,6159106,5.608778E+10,6.051
2016,Paraguay,6249127,5.84816026E+10,7.193
2017,Paraguay,6338656,6.129457E+10,7.932
2018,Paraguay,6427383,6.32584561E+10,8.401
2019,Paraguay,6515060,6.300415E+10,8.133
2020,Paraguay,6603742,6.248752E+10,7.377
2021,Paraguay,6684184,6.499764E+10,8.133
2022,Paraguay,6760461,6.51276329E+10,8.107
1951,Peru,7893621,3.02639145E+10,4.773
1952,Peru,8116669,3.18138757E+10,5.187
1953,Peru,8344907,3.38421617E+10,5.513
1954,Peru,8579313,3.47762975E+10,6.234
1955,Peru,8822015,3.73654938E+10,6.124
1956,Peru,9073472,3.90479872E+10,6.311
1957,Peru,9333871,4.09653821E+10,6.674
1958,Peru,9603649,4.10823721E+10,7.373
1959,Peru,9883654,4.12870943E+10,7.216
1960,Peru,10174127,4.70034227E+10,8.165
1961,Peru,10475127,5.116924E+10,8.634
1962,Peru,10784614,5.50012969E+10,9.96
1963,Peru,11102093,5.75283E+10,10.223
1964,Peru,11427988,6.154555E+10,12.253
1965,Peru,11761091,6.569616E+10,11.952
1966,Peru,12101301,7.122666E+10,13.241
1967,Peru,12448815,7.409135E+10,13.64
1968,Peru,12803984,7.328403E+10,14.487
1969,Peru,13166757,7.51657E+10,15.285
1970,Peru,13501237,8.104337E+10,17.766
1971,Peru,13838069,8.469333E+10,18.591
1972,Peru,14210145,8.74122445E+10,18.148
1973,Peru,14582865,9.202848E+10,19.723
1974,Peru,14956552,9.686885E+10,21.325
1975,Peru,15333955,1.04552E+11,21.927
1976,Peru,15716812,1.06022E+11,22.4
1977,Peru,16109808,1.0595E+11,23.296
1978,Peru,16516060,1.05939E+11,22.413
1979,Peru,16933140,1.1228E+11,22.217
1980,Peru,17360954,1.17522E+11,24.065
1981,Peru,17798803,1.22881E+11,24.027
1982,Peru,18246506,1.23031E+11,23.6
1983,Peru,18705958,1.06508E+11,20.393
1984,Peru,19174715,1.11385E+11,20.632
1985,Peru,19648210,1.13561E+11,19.455
1986,Peru,20117126,1.24888E+11,21.775
1987,Peru,20582325,1.35511E+11,25.694
1988,Peru,21054704,1.24322E+11,25.018
1989,Peru,21532587,1.09139E+11,21.762
1990,Peru,22014771,1.03572E+11,21.401
1991,Peru,22483787,1.08469E+11,20.758
1992,Peru,22946346,1.10495E+11,20.986
1993,Peru,23413779,9.21214157E+10,23.885
1994,Peru,23881497,1.0351E+11,24.177
1995,Peru,24348921,1.11334E+11,25.143
1996,Peru,24811173,1.1466E+11,24.717
1997,Peru,25274149,1.22418E+11,27.747
1998,Peru,25738102,1.22317E+11,28.062
1999,Peru,26186499,1.24629E+11,29.562
2000,Peru,26598327,1.28562E+11,28.678
2001,Peru,26964610,1.30005E+11,25.416
2002,Peru,27288210,1.37911E+11,25.439
2003,Peru,27580485,1.44584E+11,24.676
2004,Peru,27852191,1.52841E+11,28.334
2005,Peru,28101174,1.63489E+11,30.321
2006,Peru,28324489,1.76775E+11,28.197
2007,Peru,28530703,1.92943E+11,34.306
2008,Peru,28719038,2.1101E+11,35.299
2009,Peru,28896818,2.1283E+11,39.511
2010,Peru,29086021,2.30353E+11,42.505
2011,Peru,29304083,2.44712E+11,42.173
2012,Peru,29550366,2.59737E+11,45.509
2013,Peru,29817909,2.7494E+11,43.024
2014,Peru,30115826,2.81489E+11,49.388
2015,Peru,30457600,2.90643E+11,49.228
2016,Peru,30866496,3.02132E+11,52.733
2017,Peru,31324638,3.09743E+11,54.859
2018,Peru,31897590,3.22061E+11,55.848
2019,Peru,32449301,3.29253E+11,58.365
2020,Peru,32838576,2.92989E+11,46.925
2021,Peru,33155883,3.32692E+11,52.017
2022,Peru,33475435,3.41678E+11,54.793
1951,Philippines,19568082,3.99574344E+10,3.553
1952,Philippines,20328753,4.24091279E+10,4.051
1953,Philippines,21132499,4.62217421E+10,4.033
1954,Philippines,21982505,4.96793149E+10,5.33
1955,Philippines,22880570,5.31573637E+10,6.616
1956,Philippines,23825809,5.68771543E+10,6.253
1957,Philippines,24815856,5.99399752E+10,6.729
1958,Philippines,25842526,6.200824E+10,7.56
1959,Philippines,26907611,6.625098E+10,7.226
1960,Philippines,27891900,6.71285944E+10,8.325
1961,Philippines,28792617,7.087921E+10,8.713
1962,Philippines,29723537,7.429689E+10,10.336
1963,Philippines,30674733,7.949647E+10,11.472
1964,Philippines,31643038,8.224859E+10,12.823
1965,Philippines,32625327,8.65954857E+10,13.965
1966,Philippines,33617170,9.04260649E+10,16.104
1967,Philippines,34621325,9.525068E+10,18.209
1968,Philippines,35638340,9.998508E+10,22.223
1969,Philippines,36660795,1.04606E+11,22.829
1970,Philippines,37622201,1.08554E+11,24.751
1971,Philippines,38518658,1.14468E+11,27.552
1972,Philippines,39408559,1.20671E+11,26.409
1973,Philippines,40294125,1.31496E+11,31.501
1974,Philippines,41174339,1.36133E+11,30.492
1975,Philippines,42120830,1.43696E+11,32.482
1976,Philippines,43201484,1.5632E+11,35.066
1977,Philippines,44367965,1.65103E+11,36.676
1978,Philippines,45575286,1.73707E+11,37.38
1979,Philippines,46807103,1.83437E+11,38.031
1980,Philippines,48043744,1.9291E+11,36.869
1981,Philippines,49311730,1.99457E+11,34.528
1982,Philippines,50695715,2.06677E+11,34.839
1983,Philippines,52194624,2.10595E+11,35.239
1984,Philippines,53726186,1.95159E+11,30.831
1985,Philippines,55213007,1.80907E+11,27.899
1986,Philippines,56645081,1.87087E+11,29.025
1987,Philippines,58157496,1.95166E+11,32.496
1988,Philippines,59739056,2.08281E+11,37.485
1989,Philippines,61265258,2.21234E+11,38.907
1990,Philippines,62854667,2.27937E+11,40.91
1991,Philippines,64382249,2.28436E+11,43.032
1992,Philippines,65926133,2.3091E+11,47.934
1993,Philippines,67530620,2.37664E+11,48.548
1994,Philippines,69019296,2.50065E+11,53.741
1995,Philippines,70546244,2.63742E+11,59.525
1996,Philippines,72190237,2.81423E+11,60.814
1997,Philippines,73908814,2.9836E+11,69.615
1998,Philippines,75791031,2.99105E+11,67.809
1999,Philippines,77753260,3.10804E+11,67.734
2000,Philippines,79625402,3.27248E+11,71.902
2001,Philippines,81401489,3.3958E+11,70.143
2002,Philippines,83068887,3.54897E+11,70.069
2003,Philippines,84731838,3.75677E+11,70.107
2004,Philippines,86394513,4.04092E+11,72.663
2005,Philippines,88015957,4.26864E+11,73.16
2006,Philippines,89508993,4.52835E+11,66.279
2007,Philippines,91075179,4.86739E+11,70.444
2008,Philippines,92699093,5.11142E+11,76.979
2009,Philippines,94384256,5.21164E+11,75.91
2010,Philippines,96337126,5.65515E+11,82.598
2011,Philippines,98248616,5.90943E+11,83.41
2012,Philippines,100175512,6.317E+11,88.119
2013,Philippines,102076337,6.74347E+11,95.519
2014,Philippines,103767129,7.17154E+11,100.784
2015,Philippines,105312986,7.62679E+11,111.852
2016,Philippines,106735723,8.17203E+11,120.987
2017,Philippines,108119693,8.73843E+11,134.447
2018,Philippines,109465284,9.29254E+11,140.785
2019,Philippines,110804685,9.86115E+11,143.526
2020,Philippines,112081271,8.92256E+11,132.232
2021,Philippines,113100946,9.43142E+11,141.174
2022,Philippines,113964342,1.01481E+12,144.898
1951,Poland,25222692,1.01074E+11,122.132
1952,Poland,25672466,1.03385E+11,128.042
1953,Poland,26126457,1.09421E+11,139.193
1954,Poland,26590475,1.15623E+11,147.568
1955,Poland,27063640,1.21241E+11,154.202
1956,Poland,27535570,1.26651E+11,166.417
1957,Poland,28076495,1.33299E+11,178.682
1958,Poland,28643644,1.39819E+11,176.735
1959,Poland,29132534,1.43867E+11,189.66
1960,Poland,29575967,1.51648E+11,199.577
1961,Poland,29979693,1.63715E+11,207.235
1962,Poland,30338095,1.61505E+11,216.607
1963,Poland,30674024,1.71156E+11,230.999
1964,Poland,30993140,1.78822E+11,242.88
1965,Poland,31288338,1.887E+11,246.981
1966,Poland,31568282,2.00607E+11,252.431
1967,Poland,31828625,2.07876E+11,259.025
1968,Poland,32078387,2.20432E+11,275.801
1969,Poland,32322777,2.18219E+11,293.365
1970,Poland,32542639,2.29569E+11,304.143
1971,Poland,32771298,2.45932E+11,312.881
1972,Poland,33041994,2.63854E+11,329.506
1973,Poland,33333277,2.83715E+11,335.59
1974,Poland,33642463,3.00364E+11,346.237
1975,Poland,33964399,3.14487E+11,374.78
1976,Poland,34296611,3.22312E+11,398.119
1977,Poland,34628514,3.28313E+11,417.955
1978,Poland,34934216,3.40244E+11,430.87
1979,Poland,35248381,3.33916E+11,441.309
1980,Poland,35576518,3.25503E+11,463.329
1981,Poland,35900913,3.08182E+11,408.997
1982,Poland,36233466,3.05361E+11,420.97
1983,Poland,36573701,3.20512E+11,421.024
1984,Poland,36905796,3.32359E+11,432.467
1985,Poland,37200851,3.35851E+11,444.508
1986,Poland,37452612,3.46539E+11,451.849
1987,Poland,37665712,3.41893E+11,463.733
1988,Poland,37817862,3.49435E+11,444.23
1989,Poland,37938087,3.4401E+11,422.175
1990,Poland,38055449,3.10673E+11,376.641
1991,Poland,38152947,2.91289E+11,373.623
1992,Poland,38233632,3.0127E+11,364.511
1993,Poland,38294881,3.15272E+11,365.175
1994,Poland,38344311,3.34403E+11,360.218
1995,Poland,38364668,3.60934E+11,362.615
1996,Poland,38359165,3.86315E+11,377.285
1997,Poland,38348307,4.14942E+11,367.236
1998,Poland,38326432,4.37955E+11,339.076
1999,Poland,38287717,4.62542E+11,329.266
2000,Poland,38258076,4.88208E+11,317.452
2001,Poland,38247357,4.99087E+11,313.501
2002,Poland,38229406,5.1409E+11,306.123
2003,Poland,38203525,5.3733E+11,318.951
2004,Poland,38167567,5.7043E+11,323.796
2005,Poland,38124377,5.95959E+11,322.768
2006,Poland,38071170,6.38714E+11,336.577
2007,Poland,38020420,6.9025E+11,335.924
2008,Poland,37995902,7.26319E+11,329.566
2009,Poland,38002154,7.6058E+11,316.043
2010,Poland,38095356,7.9562E+11,334.222
2011,Poland,38208644,8.43237E+11,333.601
2012,Poland,38247868,8.56267E+11,325.956
2013,Poland,38259266,8.63601E+11,321.927
2014,Poland,38265113,8.96737E+11,309.596
2015,Poland,38266314,9.36044E+11,312.756
2016,Poland,38263259,9.6369E+11,323.555
2017,Poland,38254964,1.01322E+12,336.767
2018,Poland,38241070,1.07346E+12,336.069
2019,Poland,38225884,1.12123E+12,317.725
2020,Poland,38171005,1.09858E+12,302.433
2021,Poland,38040304,1.17381E+12,330.979
2022,Poland,38385734,1.23102E+12,315.042
1951,Portugal,8474202,2.93423043E+10,5.394
1952,Portugal,8523424,2.93722419E+10,5.35
1953,Portugal,8572744,3.14246943E+10,5.929
1954,Portugal,8616967,3.29228288E+10,5.79
1955,Portugal,8662890,3.4292308E+10,6.46
1956,Portugal,8704062,3.57857731E+10,7.163
1957,Portugal,8743287,3.73692E+10,7.782
1958,Portugal,8792776,3.78563338E+10,7.555
1959,Portugal,8840373,3.991474E+10,7.98
1960,Portugal,8873224,4.258093E+10,8.214
1961,Portugal,8888381,4.4903125E+10,9.078
1962,Portugal,8895775,4.78771E+10,9.29
1963,Portugal,8898302,5.07207352E+10,10.012
1964,Portugal,8895763,5.40599337E+10,11.007
1965,Portugal,8889623,5.808687E+10,11.582
1966,Portugal,8872477,6.04551045E+10,11.835
1967,Portugal,8845842,6.502273E+10,12.392
1968,Portugal,8809709,7.079659E+10,12.992
1969,Portugal,8754238,7.231364E+10,14.593
1970,Portugal,8669522,7.89016E+10,15.236
1971,Portugal,8685586,8.41326346E+10,16.376
1972,Portugal,8815589,9.087066E+10,18.307
1973,Portugal,8939234,1.01051E+11,19.945
1974,Portugal,9059175,1.0221E+11,20.645
1975,Portugal,9182303,9.77624E+10,21.275
1976,Portugal,9310264,1.04504E+11,22.326
1977,Portugal,9438170,1.10366E+11,22.605
1978,Portugal,9556398,1.13476E+11,22.585
1979,Portugal,9663303,1.19865E+11,24.856
1980,Portugal,9763622,1.25371E+11,26.773
1981,Portugal,9837589,1.27401E+11,27
1982,Portugal,9885845,1.30128E+11,29
1983,Portugal,9925257,1.29899E+11,29.902
1984,Portugal,9956893,1.27462E+11,28.794
1985,Portugal,9979475,1.31039E+11,27.13
1986,Portugal,9993098,1.36465E+11,30.221
1987,Portugal,10001991,1.4517E+11,31.198
1988,Portugal,10004589,1.56041E+11,32.568
1989,Portugal,10001379,1.64059E+11,40.822
1990,Portugal,9989528,1.71226E+11,45.311
1991,Portugal,9969182,1.77607E+11,47.131
1992,Portugal,9960345,1.83951E+11,50.957
1993,Portugal,9972341,1.83378E+11,49.469
1994,Portugal,9998486,1.86788E+11,50.243
1995,Portugal,10031755,1.91728E+11,54.503
1996,Portugal,10067655,1.99216E+11,51.799
1997,Portugal,10110548,2.08848E+11,54.669
1998,Portugal,10159524,2.1971E+11,59.211
1999,Portugal,10214877,2.2915E+11,66.878
2000,Portugal,10283196,2.38756E+11,65.657
2001,Portugal,10354328,2.44348E+11,65.187
2002,Portugal,10413046,2.47191E+11,69.582
2003,Portugal,10454245,2.45847E+11,64.482
2004,Portugal,10481384,2.5128E+11,67.302
2005,Portugal,10502994,2.54197E+11,69.64
2006,Portugal,10524122,2.5916E+11,64.856
2007,Portugal,10546821,2.66663E+11,62.38
2008,Portugal,10564085,2.68239E+11,60.009
2009,Portugal,10576264,2.61271E+11,57.147
2010,Portugal,10578659,2.67277E+11,52.89
2011,Portugal,10557049,2.63425E+11,51.784
2012,Portugal,10513154,2.52737E+11,49.932
2013,Portugal,10458286,2.50405E+11,48.146
2014,Portugal,10406202,2.52389E+11,47.942
2015,Portugal,10370266,2.56912E+11,52.233
2016,Portugal,10346377,2.621E+11,50.311
2017,Portugal,10330836,2.7129E+11,55.165
2018,Portugal,10325353,2.7902E+11,51.34
2019,Portugal,10343218,2.86506E+11,47.583
2020,Portugal,10370519,2.62724E+11,41.738
2021,Portugal,10390956,2.77181E+11,40.284
2022,Portugal,10417075,2.95713E+11,40.687
1951,Qatar,25091,1.31791245E+09,0.388
1952,Qatar,25911,1.39694093E+09,0.194
1953,Qatar,26762,1.53554163E+09,0.366
1954,Qatar,27641,1.71065229E+09,0.608
1955,Qatar,28559,1.75195994E+09,0.418
1956,Qatar,29549,1.88083021E+09,0.506
1957,Qatar,30656,1.948947E+09,0.311
1958,Qatar,31992,2.04376538E+09,0.169
1959,Qatar,33677,2.25532467E+09,0.183
1960,Qatar,36025,2.38420685E+09,0.176
1961,Qatar,39699,2.38664755E+09,0.161
1962,Qatar,44652,2.47902362E+09,0.191
1963,Qatar,50394,2.64194842E+09,6.134
1964,Qatar,56884,2.729476E+09,6.269
1965,Qatar,64082,2.92766541E+09,6.287
1966,Qatar,72207,3.97331456E+09,6.273
1967,Qatar,81455,4.804792E+09,6.683
1968,Qatar,91764,5.53682227E+09,7.075
1969,Qatar,103042,5.90759168E+09,7.167
1970,Qatar,116370,5.98659533E+09,7.561
1971,Qatar,131355,7.43585229E+09,9.144
1972,Qatar,146518,8.3892096E+09,10.775
1973,Qatar,161853,9.92695E+09,12.457
1974,Qatar,177371,9.023771E+09,10.479
1975,Qatar,193100,9.281297E+09,10.947
1976,Qatar,209067,9.982831E+09,10.375
1977,Qatar,225298,8.903428E+09,9.916
1978,Qatar,241821,9.745928E+09,10.519
1979,Qatar,258679,1.01446093E+10,14.342
1980,Qatar,275923,1.08642345E+10,13.082
1981,Qatar,293561,9.299814E+09,12.841
1982,Qatar,311544,7.540661E+09,12.335
1983,Qatar,329722,6.76823757E+09,11.243
1984,Qatar,347894,6.60422144E+09,12.298
1985,Qatar,365950,5.89516134E+09,12.378
1986,Qatar,382426,4.988309E+09,13.267
1987,Qatar,397014,5.08846336E+09,11.471
1988,Qatar,411273,5.16495462E+09,11.898
1989,Qatar,425659,5.22084E+09,14.292
1990,Qatar,440184,5.22196326E+09,11.411
1991,Qatar,454859,5.73397043E+09,17.38
1992,Qatar,469657,7.17689754E+09,26.78
1993,Qatar,484554,7.9973E+09,30.684
1994,Qatar,499469,9.138717E+09,32.343
1995,Qatar,514336,1.04722575E+10,33.137
1996,Qatar,529024,1.2098817E+10,34.424
1997,Qatar,550511,1.74676541E+10,42.182
1998,Qatar,580543,2.16927887E+10,36.888
1999,Qatar,612510,2.51575316E+10,36.248
2000,Qatar,644993,3.015972E+10,40.314
2001,Qatar,677933,3.49203374E+10,45.817
2002,Qatar,711216,4.16614851E+10,45.067
2003,Qatar,744690,4.71262372E+10,46.515
2004,Qatar,773342,6.31939359E+10,47.32
2005,Qatar,825417,7.68936755E+10,47.551
2006,Qatar,972841,1.03896E+11,59.63
2007,Qatar,1208600,1.27835E+11,59.383
2008,Qatar,1426942,1.56781E+11,61.637
2009,Qatar,1586052,1.86164E+11,65.074
2010,Qatar,1709240,2.38648E+11,73.422
2011,Qatar,1810958,2.96149E+11,81.493
2012,Qatar,1907121,3.10157E+11,93.321
2013,Qatar,2032650,3.27389E+11,82.808
2014,Qatar,2218377,3.44852E+11,91.178
2015,Qatar,2427337,3.61243E+11,91.194
2016,Qatar,2599382,3.72311E+11,87.385
2017,Qatar,2706715,3.66734E+11,100.111
2018,Qatar,2761145,3.71263E+11,95.467
2019,Qatar,2797927,3.73817E+11,101.019
2020,Qatar,2803373,3.60517E+11,102.501
2021,Qatar,2814989,3.66246E+11,104.244
2022,Qatar,2892465,3.81778E+11,106.152
1951,Romania,16625607,3.29534013E+10,22.503
1952,Romania,16846052,3.5336364E+10,26.631
1953,Romania,17057702,3.78930668E+10,30.627
1954,Romania,17266659,4.06346629E+10,33.504
1955,Romania,17475271,4.35744932E+10,36.782
1956,Romania,17691498,4.5497815E+10,40.779
1957,Romania,17887292,4.75077878E+10,45.93
1958,Romania,18046125,4.96054354E+10,49.794
1959,Romania,18187698,5.17971231E+10,50.643
1960,Romania,18313498,5.40839977E+10,53.394
1961,Romania,18422519,5.77408164E+10,55.716
1962,Romania,18511673,5.97689631E+10,63.813
1963,Romania,18587432,6.40711E+10,69.455
1964,Romania,18655407,6.81274E+10,72.037
1965,Romania,18713061,7.236809E+10,78.637
1966,Romania,18776260,8.063433E+10,84.091
1967,Romania,18998561,8.432187E+10,92.029
1968,Romania,19361050,8.610419E+10,100.079
1969,Romania,19701813,9.00683E+10,111.527
1970,Romania,20011627,9.20964547E+10,119.981
1971,Romania,20293489,1.05095E+11,125.66
1972,Romania,20555576,1.11856E+11,132.208
1973,Romania,20798321,1.1542E+11,144.691
1974,Romania,21033561,1.21904E+11,150.608
1975,Romania,21268070,1.27374E+11,161.862
1976,Romania,21497683,1.33889E+11,174.275
1977,Romania,21700176,1.36931E+11,177.833
1978,Romania,21868064,1.41387E+11,193.244
1979,Romania,22019629,1.45474E+11,195.324
1980,Romania,22154776,1.45873E+11,195.807
1981,Romania,22272787,1.44982E+11,197.323
1982,Romania,22374447,1.45105E+11,194.877
1983,Romania,22459213,1.43814E+11,199.66
1984,Romania,22534001,1.4953E+11,188.323
1985,Romania,22605814,1.49284E+11,193.446
1986,Romania,22674739,1.51835E+11,201.07
1987,Romania,22745588,1.48639E+11,211.021
1988,Romania,22815434,1.4827E+11,211.568
1989,Romania,22887645,1.43538E+11,212.966
1990,Romania,22939529,1.27958E+11,176.545
1991,Romania,22947415,1.14884E+11,142.266
1992,Romania,22912388,1.09843E+11,132.07
1993,Romania,22842257,1.15102E+11,122.759
1994,Romania,22756246,1.23374E+11,120.962
1995,Romania,22657724,1.36458E+11,125.766
1996,Romania,22541912,1.46514E+11,129.189
1997,Romania,22411509,1.45417E+11,118.174
1998,Romania,22284900,1.44241E+11,104.875
1999,Romania,22166156,1.48248E+11,89.034
2000,Romania,22046264,1.57839E+11,93.343
2001,Romania,21919917,1.73763E+11,98.991
2002,Romania,21770020,1.90219E+11,99.299
2003,Romania,21593447,2.04513E+11,103.836
2004,Romania,21403214,2.28571E+11,103.311
2005,Romania,21213395,2.44045E+11,101.364
2006,Romania,21035734,2.7497E+11,104.322
2007,Romania,20870714,3.04651E+11,108.392
2008,Romania,20718744,3.39689E+11,106.927
2009,Romania,20576923,3.26954E+11,87.726
2010,Romania,20432576,3.3549E+11,84.288
2011,Romania,20282008,3.50087E+11,92.241
2012,Romania,20158452,3.56826E+11,89.642
2013,Romania,20062914,3.57789E+11,78.598
2014,Romania,19968180,3.72533E+11,79.093
2015,Romania,19871018,3.84306E+11,77.808
2016,Romania,19777049,3.95288E+11,76.312
2017,Romania,19689406,4.56012E+11,79.158
2018,Romania,19597874,4.73123E+11,79.639
2019,Romania,19501543,4.56565E+11,76.457
2020,Romania,19392469,4.83499E+11,73.71
2021,Romania,19248159,5.0512E+11,77.27
2022,Romania,19166776,5.04742E+11,72.993
1951,Russia,104844658,3.57747E+11,449.832
1952,Russia,106326385,3.88546E+11,481.701
1953,Russia,107851683,4.13094E+11,509.613
1954,Russia,109463247,4.48712E+11,556.575
1955,Russia,111160997,4.79242E+11,631.101
1956,Russia,112909102,5.20877E+11,691.942
1957,Russia,114730333,5.55637E+11,757.201
1958,Russia,116588765,5.94634E+11,808.224
1959,Russia,118293890,6.28321E+11,849.739
1960,Russia,119934143,6.64793E+11,884.702
1961,Russia,121604309,7.12659E+11,912.373
1962,Russia,123111720,7.65404E+11,957.589
1963,Russia,124449752,7.95991E+11,1026.974
1964,Russia,125630155,8.47772E+11,1092.214
1965,Russia,126634209,8.94394E+11,1158.639
1966,Russia,127533631,9.57777E+11,1223.581
1967,Russia,128342646,1.01816E+12,1279.439
1968,Russia,129065047,1.0814E+12,1315.396
1969,Russia,129762192,1.10953E+12,1369.898
1970,Russia,130367189,1.20269E+12,1440.773
1971,Russia,130987109,1.25306E+12,1528.955
1972,Russia,131726417,1.28936E+12,1608.655
1973,Russia,132475153,1.39078E+12,1676.593
1974,Russia,133259154,1.44062E+12,1740.437
1975,Russia,134136099,1.49925E+12,1829.452
1976,Russia,135080691,1.54559E+12,1899.911
1977,Russia,136040973,1.59319E+12,1964.534
1978,Russia,136979086,1.62348E+12,2032.002
1979,Russia,137816542,1.63959E+12,2048.855
1980,Russia,138572628,1.69683E+12,2129.469
1981,Russia,139351496,1.71713E+12,2088.923
1982,Russia,140247744,1.72746E+12,2128.305
1983,Russia,141331277,1.76192E+12,2158.492
1984,Russia,142464237,1.76923E+12,2177.659
1985,Russia,143569388,1.79563E+12,2348.536
1986,Russia,144807816,1.84021E+12,2348.928
1987,Russia,146147382,1.83864E+12,2357.92
1988,Russia,147364493,1.86813E+12,2436.935
1989,Russia,148281863,1.88109E+12,2404.825
1990,Russia,148979538,1.83487E+12,2536.248
1991,Russia,149448434,1.78259E+12,2406.756
1992,Russia,148915993,1.55784E+12,1966.505
1993,Russia,148135419,1.45331E+12,1866.729
1994,Russia,148200736,1.29767E+12,1647.665
1995,Russia,148291405,1.27403E+12,1619.727
1996,Russia,148084580,1.25634E+12,1586.822
1997,Russia,147853772,1.30366E+12,1482.245
1998,Russia,147635542,1.26372E+12,1465.253
1999,Russia,147241973,1.37502E+12,1494.179
2000,Russia,146717784,1.54706E+12,1479.142
2001,Russia,146117290,1.66289E+12,1515.647
2002,Russia,145939502,1.78142E+12,1506.788
2003,Russia,145794231,1.95588E+12,1537.018
2004,Russia,145180094,2.14391E+12,1543.957
2005,Russia,144597888,2.33125E+12,1562.577
2006,Russia,144102949,2.57615E+12,1623.002
2007,Russia,143859769,2.85876E+12,1623.781
2008,Russia,143811835,3.07809E+12,1652.064
2009,Russia,143869130,2.90369E+12,1545.034
2010,Russia,143934468,3.10525E+12,1632.783
2011,Russia,144043751,3.30677E+12,1685.91
2012,Russia,144291024,3.43983E+12,1701.268
2013,Russia,144604102,3.50022E+12,1640.437
2014,Russia,144925638,3.52599E+12,1639.959
2015,Russia,145307611,3.45643E+12,1638.675
2016,Russia,145778669,3.46312E+12,1634.885
2017,Russia,146186800,3.52635E+12,1666.121
2018,Russia,146430147,3.62535E+12,1712.494
2019,Russia,146533063,3.70504E+12,1705.031
2020,Russia,146371293,3.60672E+12,1632.929
2021,Russia,145836172,3.80957E+12,1711.993
2022,Russia,145579890,3.73144E+12,1802.19
1951,Rwanda,2236039,2.63010227E+09,0.017
1952,Rwanda,2316515,2.714907E+09,0.031
1953,Rwanda,2398365,2.81936461E+09,0.029
1954,Rwanda,2482131,2.97638221E+09,0.012
1955,Rwanda,2568302,3.07063347E+09,0.014
1956,Rwanda,2656814,3.188931E+09,0.017
1957,Rwanda,2747877,3.31030221E+09,0.019
1958,Rwanda,2840135,3.40312653E+09,0.019
1959,Rwanda,2932400,3.59785344E+09,0.075
1960,Rwanda,3022299,3.71092813E+09,0.07
1961,Rwanda,3106786,3.55457459E+09,0.091
1962,Rwanda,3186019,3.95440973E+09,0.084
1963,Rwanda,3258904,3.56706458E+09,0.084
1964,Rwanda,3334836,3.120313E+09,0.037
1965,Rwanda,3423215,3.33972685E+09,0.048
1966,Rwanda,3521626,3.576485E+09,0.044
1967,Rwanda,3629584,3.82724659E+09,0.04
1968,Rwanda,3744013,4.09431347E+09,0.055
1969,Rwanda,3861275,4.545397E+09,0.059
1970,Rwanda,3980675,5.0393815E+09,0.059
1971,Rwanda,4100048,5.102496E+09,0.062
1972,Rwanda,4220335,5.11789926E+09,0.066
1973,Rwanda,4345044,5.293471E+09,0.07
1974,Rwanda,4474236,5.33369139E+09,0.073
1975,Rwanda,4607728,5.22387866E+09,0.176
1976,Rwanda,4745963,6.244762E+09,0.267
1977,Rwanda,4888247,6.56181453E+09,0.267
1978,Rwanda,5035173,7.2043945E+09,0.289
1979,Rwanda,5189549,7.88132659E+09,0.297
1980,Rwanda,5353263,8.591535E+09,0.495
1981,Rwanda,5527236,9.053314E+09,0.601
1982,Rwanda,5711557,9.206471E+09,0.608
1983,Rwanda,5905313,9.744709E+09,0.696
1984,Rwanda,6107630,9.308495E+09,0.634
1985,Rwanda,6317230,9.69652E+09,0.616
1986,Rwanda,6531887,1.01097073E+10,0.597
1987,Rwanda,6749492,1.00968059E+10,0.611
1988,Rwanda,6968074,1.01319444E+10,0.692
1989,Rwanda,7184710,1.00420577E+10,0.684
1990,Rwanda,7375311,9.760501E+09,0.524
1991,Rwanda,7526964,9.167411E+09,0.472
1992,Rwanda,7683265,9.540352E+09,0.479
1993,Rwanda,7981141,8.498078E+09,0.483
1994,Rwanda,6792358,4.23830835E+09,0.462
1995,Rwanda,5674118,5.523727E+09,0.455
1996,Rwanda,6708767,6.18543667E+09,0.464
1997,Rwanda,7755237,6.89173658E+09,0.483
1998,Rwanda,8081685,7.33766246E+09,0.482
1999,Rwanda,8147916,7.619522E+09,0.503
2000,Rwanda,8213935,8.053572E+09,0.515
2001,Rwanda,8287093,8.517814E+09,0.522
2002,Rwanda,8400185,9.398567E+09,0.519
2003,Rwanda,8586877,9.366054E+09,0.509
2004,Rwanda,8816848,9.814511E+09,0.516
2005,Rwanda,9054532,1.0465323E+10,0.514
2006,Rwanda,9299250,1.1146496E+10,0.514
2007,Rwanda,9549940,1.16986511E+10,0.542
2008,Rwanda,9804268,1.26784942E+10,0.528
2009,Rwanda,10060440,1.3135703E+10,0.558
2010,Rwanda,10317559,1.37421926E+10,0.581
2011,Rwanda,10573742,1.44511959E+10,0.644
2012,Rwanda,10829904,1.57000632E+10,0.718
2013,Rwanda,11093340,1.64401684E+10,0.782
2014,Rwanda,11364758,1.74550159E+10,0.83
2015,Rwanda,11640027,1.90004879E+10,0.97
2016,Rwanda,11919183,2.01351926E+10,1.048
2017,Rwanda,12202062,2.093517E+10,1.155
2018,Rwanda,12487999,2.27309875E+10,1.287
2019,Rwanda,12776104,2.48833782E+10,1.373
2020,Rwanda,13065839,2.4048044E+10,1.372
2021,Rwanda,13355260,2.66630349E+10,1.659
2022,Rwanda,13651026,2.84662538E+10,1.541
1951,Saint Lucia,93988,1.01574E+08,0.011
1952,Saint Lucia,94432,1.05616E+08,0.007
1953,Saint Lucia,94348,1.10058E+08,0.011
1954,Saint Lucia,94123,1.14576E+08,0.007
1955,Saint Lucia,93821,1.204E+08,0.011
1956,Saint Lucia,93472,1.24671E+08,0.011
1957,Saint Lucia,93099,1.30152E+08,0.011
1958,Saint Lucia,92730,1.3596E+08,0.011
1959,Saint Lucia,92368,1.42824E+08,0.011
1960,Saint Lucia,92605,1.48808E+08,0.015
1961,Saint Lucia,93506,1.55483E+08,0.018
1962,Saint Lucia,94524,1.6182E+08,0.018
1963,Saint Lucia,95539,1.68259E+08,0.022
1964,Saint Lucia,96527,1.748E+08,0.022
1965,Saint Lucia,97512,1.82924E+08,0.026
1966,Saint Lucia,98485,1.90944E+08,0.029
1967,Saint Lucia,99523,1.99528E+08,0.033
1968,Saint Lucia,100694,2.07009E+08,0.037
1969,Saint Lucia,101903,2.1715E+08,0.062
1970,Saint Lucia,103183,2.26909E+08,0.066
1971,Saint Lucia,104577,2.37825E+08,0.07
1972,Saint Lucia,106020,2.43853E+08,0.077
1973,Saint Lucia,107512,2.47212E+08,0.081
1974,Saint Lucia,109093,2.61516E+08,0.073
1975,Saint Lucia,110740,2.71936E+08,0.077
1976,Saint Lucia,112441,3.243E+08,0.084
1977,Saint Lucia,114150,3.54159E+08,0.07
1978,Saint Lucia,115853,3.80324E+08,0.099
1979,Saint Lucia,117548,3.8964E+08,0.15
1980,Saint Lucia,119303,3.67342E+08,0.114
1981,Saint Lucia,121183,3.78324E+08,0.095
1982,Saint Lucia,123098,3.90852E+08,0.114
1983,Saint Lucia,125054,4.10083E+08,0.103
1984,Saint Lucia,127085,4.38987E+08,0.114
1985,Saint Lucia,129175,4.72386E+08,0.128
1986,Saint Lucia,131253,5.52881E+08,0.132
1987,Saint Lucia,133241,5.66016E+08,0.147
1988,Saint Lucia,135019,6.45165E+08,0.165
1989,Saint Lucia,136526,6.92648E+08,0.165
1990,Saint Lucia,137873,7.18014E+08,0.18
1991,Saint Lucia,139535,7.325654E+08,0.191
1992,Saint Lucia,141629,8.089577E+08,0.213
1993,Saint Lucia,143736,829979968,0.234
1994,Saint Lucia,145902,862136448,0.26
1995,Saint Lucia,148227,8.899912E+08,0.275
1996,Saint Lucia,150453,9.369783E+08,0.293
1997,Saint Lucia,152584,9.517177E+08,0.297
1998,Saint Lucia,154689,1.03151565E+09,0.326
1999,Saint Lucia,156719,1.081004E+09,0.337
2000,Saint Lucia,158624,1.10026509E+09,0.348
2001,Saint Lucia,160246,1.08020032E+09,0.359
2002,Saint Lucia,161654,1.1069719E+09,0.359
2003,Saint Lucia,162985,1.18593216E+09,0.377
2004,Saint Lucia,164250,1.30660826E+09,0.403
2005,Saint Lucia,165461,1.32176909E+09,0.388
2006,Saint Lucia,166657,1.44338368E+09,0.41
2007,Saint Lucia,167767,1.49108544E+09,0.425
2008,Saint Lucia,168815,1.58906957E+09,0.425
2009,Saint Lucia,169880,1.60986138E+09,0.425
2010,Saint Lucia,170920,1.61943834E+09,0.487
2011,Saint Lucia,171813,1.66131E+09,0.487
2012,Saint Lucia,172595,1.630854E+09,0.491
2013,Saint Lucia,173380,1.636031E+09,0.487
2014,Saint Lucia,174145,1.635705E+09,0.484
2015,Saint Lucia,174919,1.67034E+09,0.48
2016,Saint Lucia,175652,1.71986061E+09,0.476
2017,Saint Lucia,176352,1.781316E+09,0.491
2018,Saint Lucia,177032,1.83062515E+09,0.509
2019,Saint Lucia,177674,1.82403763E+09,0.502
2020,Saint Lucia,178261,1.36162176E+09,0.484
2021,Saint Lucia,178540,1.51567245E+09,0.506
2022,Saint Lucia,178794,1.74908621E+09,0.49
1951,Sao Tome and Principe,61783,7.644E+07,0.004
1952,Sao Tome and Principe,62611,7.632E+07,0.004
1953,Sao Tome and Principe,63348,7.632E+07,0.004
1954,Sao Tome and Principe,64004,7.95E+07,0.004
1955,Sao Tome and Principe,64620,7.146E+07,0.004
1956,Sao Tome and Principe,65242,7.6616E+07,0.007
1957,Sao Tome and Principe,65886,7.5945E+07,0.011
1958,Sao Tome and Principe,66574,8.4568E+07,0.007
1959,Sao Tome and Principe,67307,7.6923E+07,0.007
1960,Sao Tome and Principe,68026,8.5176E+07,0.011
1961,Sao Tome and Principe,68723,9.3056E+07,0.011
1962,Sao Tome and Principe,69420,1.00685E+08,0.011
1963,Sao Tome and Principe,70134,1.08438E+08,0.007
1964,Sao Tome and Principe,70879,1.16111E+08,0.011
1965,Sao Tome and Principe,71692,1.25304E+08,0.011
1966,Sao Tome and Principe,72592,1.3447E+08,0.011
1967,Sao Tome and Principe,73608,1.42284E+08,0.011
1968,Sao Tome and Principe,74784,1.49976E+08,0.015
1969,Sao Tome and Principe,76094,1.58045E+08,0.015
1970,Sao Tome and Principe,77638,1.65982E+08,0.015
1971,Sao Tome and Principe,79350,1.7445E+08,0.011
1972,Sao Tome and Principe,81060,1.78948E+08,0.011
1973,Sao Tome and Principe,82817,1.80414E+08,0.015
1974,Sao Tome and Principe,84684,1.9192E+08,0.018
1975,Sao Tome and Principe,86723,2.02458E+08,0.018
1976,Sao Tome and Principe,88937,2.04288E+08,0.029
1977,Sao Tome and Principe,91317,2.53257E+08,0.029
1978,Sao Tome and Principe,93809,2.58901E+08,0.033
1979,Sao Tome and Principe,96267,3.0314E+08,0.033
1980,Sao Tome and Principe,98562,2.99108E+08,0.04
1981,Sao Tome and Principe,100627,2.67168E+08,0.044
1982,Sao Tome and Principe,102528,2.76066E+08,0.048
1983,Sao Tome and Principe,104397,2.656E+08,0.055
1984,Sao Tome and Principe,106410,2.49594E+08,0.051
1985,Sao Tome and Principe,108669,2.72688E+08,0.055
1986,Sao Tome and Principe,111161,2.56308E+08,0.051
1987,Sao Tome and Principe,113934,2.50591E+08,0.051
1988,Sao Tome and Principe,116955,2.54745E+08,0.048
1989,Sao Tome and Principe,119991,2.61708E+08,0.048
1990,Sao Tome and Principe,122993,2.57172E+08,0.048
1991,Sao Tome and Principe,125711,262157952,0.048
1992,Sao Tome and Principe,128128,264441184,0.048
1993,Sao Tome and Principe,130478,268616544,0.048
1994,Sao Tome and Principe,132744,2.756096E+08,0.048
1995,Sao Tome and Principe,134905,281874144,0.048
1996,Sao Tome and Principe,136974,288736960,0.048
1997,Sao Tome and Principe,138934,2.916432E+08,0.048
1998,Sao Tome and Principe,140765,300902176,0.048
1999,Sao Tome and Principe,142456,310102880,0.048
2000,Sao Tome and Principe,144028,312853568,0.048
2001,Sao Tome and Principe,146384,3.233673E+08,0.051
2002,Sao Tome and Principe,149931,330763136,0.059
2003,Sao Tome and Principe,153823,356840544,0.066
2004,Sao Tome and Principe,157720,370949152,0.073
2005,Sao Tome and Principe,161650,400193568,0.077
2006,Sao Tome and Principe,165651,436915680,0.084
2007,Sao Tome and Principe,169711,454094464,0.084
2008,Sao Tome and Principe,173808,4.915488E+08,0.084
2009,Sao Tome and Principe,177867,5.073805E+08,0.092
2010,Sao Tome and Principe,181811,544428736,0.103
2011,Sao Tome and Principe,185665,5.7222E+08,0.099
2012,Sao Tome and Principe,189452,5.88711E+08,0.11
2013,Sao Tome and Principe,193157,6.19718E+08,0.11
2014,Sao Tome and Principe,196780,6.6006E+08,0.128
2015,Sao Tome and Principe,200306,6.8773E+08,0.136
2016,Sao Tome and Principe,203702,718608960,0.15
2017,Sao Tome and Principe,206986,7.45272E+08,0.139
2018,Sao Tome and Principe,210198,7.680956E+08,0.139
2019,Sao Tome and Principe,213404,7.849938E+08,0.143
2020,Sao Tome and Principe,217449,8.093286E+08,0.139
2021,Sao Tome and Principe,221975,8.247001E+08,0.143
2022,Sao Tome and Principe,226313,8.252384E+08,0.16
1951,Saudi Arabia,1763610,1.48777533E+10,0
1952,Saudi Arabia,1826522,1.57703506E+10,0
1953,Saudi Arabia,1892173,1.73303542E+10,0.476
1954,Saudi Arabia,1960632,1.93126871E+10,1.238
1955,Saudi Arabia,2031964,1.976491E+10,2.114
1956,Saudi Arabia,2106234,2.12162826E+10,1.63
1957,Saudi Arabia,2183543,2.19745E+10,2.099
1958,Saudi Arabia,2264105,2.30543811E+10,1.997
1959,Saudi Arabia,2348014,2.54313861E+10,1.854
1960,Saudi Arabia,2435410,2.7970089E+10,2.674
1961,Saudi Arabia,2526351,3.12883753E+10,3.568
1962,Saudi Arabia,2620915,3.502136E+10,6.25
1963,Saudi Arabia,2719348,3.807041E+10,6.939
1964,Saudi Arabia,2821969,4.142495E+10,7.041
1965,Saudi Arabia,2928780,4.64392233E+10,4.216
1966,Saudi Arabia,3039891,5.31950428E+10,6.407
1967,Saudi Arabia,3157247,5.78786755E+10,25.485
1968,Saudi Arabia,3282708,6.30389842E+10,29.079
1969,Saudi Arabia,3417125,6.78715064E+10,35.271
1970,Saudi Arabia,3562476,7.424329E+10,45.251
1971,Saudi Arabia,3724039,8.493722E+10,59.757
1972,Saudi Arabia,3905728,9.798458E+10,70.282
1973,Saudi Arabia,4106347,1.17325E+11,95.054
1974,Saudi Arabia,4323640,1.35018E+11,98.702
1975,Saudi Arabia,4556290,1.35364E+11,83.261
1976,Saudi Arabia,4807935,1.47052E+11,101.46
1977,Saudi Arabia,5083043,1.69268E+11,118.07
1978,Saudi Arabia,5381900,1.7934E+11,115.025
1979,Saudi Arabia,5703703,1.91332E+11,138.005
1980,Saudi Arabia,6047996,2.10662E+11,169.24
1981,Saudi Arabia,6420554,2.27352E+11,175.305
1982,Saudi Arabia,6824485,2.31115E+11,157.893
1983,Saudi Arabia,7252944,2.06257E+11,160.837
1984,Saudi Arabia,7697312,2.06035E+11,155.512
1985,Saudi Arabia,8151780,1.92246E+11,172.421
1986,Saudi Arabia,8628639,1.80536E+11,204.604
1987,Saudi Arabia,9130205,1.88872E+11,190.447
1988,Saudi Arabia,9629172,1.94908E+11,202.252
1989,Saudi Arabia,10128396,2.01951E+11,203.424
1990,Saudi Arabia,10640698,2.30231E+11,182.025
1991,Saudi Arabia,11160752,2.79266E+11,244.587
1992,Saudi Arabia,11686682,3.06102E+11,276.086
1993,Saudi Arabia,12215865,3.18013E+11,297.833
1994,Saudi Arabia,12750036,3.36458E+11,291.289
1995,Saudi Arabia,13289245,3.54296E+11,274.692
1996,Saudi Arabia,13831002,3.81675E+11,269.594
1997,Saudi Arabia,14374948,4.0462E+11,227.241
1998,Saudi Arabia,14922189,4.36367E+11,219.013
1999,Saudi Arabia,15472075,4.40371E+11,237.822
2000,Saudi Arabia,16177733,4.88272E+11,309.76
2001,Saudi Arabia,17041405,5.06978E+11,324.516
2002,Saudi Arabia,17910909,5.18347E+11,347.097
2003,Saudi Arabia,18786770,6.07245E+11,351.405
2004,Saudi Arabia,19669486,6.90847E+11,407.882
2005,Saudi Arabia,20559884,7.68984E+11,412.411
2006,Saudi Arabia,21459139,8.33723E+11,445.168
2007,Saudi Arabia,22368313,8.96025E+11,423.532
2008,Saudi Arabia,23287883,1.00524E+12,469.713
2009,Saudi Arabia,24217654,1.04047E+12,504.28
2010,Saudi Arabia,25157135,1.15684E+12,555.962
2011,Saudi Arabia,26105636,1.34795E+12,540.579
2012,Saudi Arabia,27062447,1.42111E+12,606.102
2013,Saudi Arabia,28026826,1.46162E+12,583.611
2014,Saudi Arabia,28998127,1.52048E+12,585.568
2015,Saudi Arabia,29974944,1.5918E+12,624.999
2016,Saudi Arabia,30717804,1.62941E+12,641.662
2017,Saudi Arabia,30782402,1.62828E+12,613.685
2018,Saudi Arabia,30365119,1.67325E+12,637.487
2019,Saudi Arabia,30472810,1.68718E+12,657.588
2020,Saudi Arabia,30991205,1.61393E+12,616.086
2021,Saudi Arabia,31328374,1.67723E+12,695.842
2022,Saudi Arabia,32175352,1.82389E+12,723.331
1951,Senegal,2619645,5.52045926E+09,0.302
1952,Senegal,2687010,5.723358E+09,0.327
1953,Senegal,2757570,5.92937626E+09,0.274
1954,Senegal,2831395,6.152981E+09,0.317
1955,Senegal,2908510,6.3776343E+09,0.292
1956,Senegal,2988938,6.61227827E+09,0.341
1957,Senegal,3072375,6.860513E+09,0.347
1958,Senegal,3158762,7.114458E+09,0.355
1959,Senegal,3248325,7.373647E+09,0.388
1960,Senegal,3340901,7.530368E+09,0.827
1961,Senegal,3436380,7.871684E+09,0.813
1962,Senegal,3534688,8.129676E+09,0.813
1963,Senegal,3635878,8.445492E+09,0.86
1964,Senegal,3740541,8.686733E+09,0.922
1965,Senegal,3849793,9.019217E+09,1.692
1966,Senegal,3964305,9.271093E+09,1.718
1967,Senegal,4083872,9.161093E+09,0.699
1968,Senegal,4207593,9.73237E+09,0.098
1969,Senegal,4334979,9.102404E+09,0.49
1970,Senegal,4466329,9.875017E+09,1.307
1971,Senegal,4601870,9.861514E+09,1.351
1972,Senegal,4741631,1.05035254E+10,1.453
1973,Senegal,4885181,9.908134E+09,1.549
1974,Senegal,5029446,1.03194132E+10,1.849
1975,Senegal,5170811,1.11008983E+10,2.578
1976,Senegal,5308567,1.20881828E+10,1.77
1977,Senegal,5439556,1.176695E+10,2.237
1978,Senegal,5568100,1.13070479E+10,2.62
1979,Senegal,5702899,1.20972216E+10,2.888
1980,Senegal,5845639,1.16961741E+10,3.336
1981,Senegal,5997162,1.16107213E+10,3.28
1982,Senegal,6156964,1.33759816E+10,3.037
1983,Senegal,6324508,1.37114214E+10,2.611
1984,Senegal,6499365,1.307419E+10,3.284
1985,Senegal,6683296,1.357022E+10,2.651
1986,Senegal,6878200,1.42256517E+10,2.636
1987,Senegal,7081535,1.48086518E+10,2.425
1988,Senegal,7289619,1.55640269E+10,2.711
1989,Senegal,7502212,1.530441E+10,3.662
1990,Senegal,7720523,1.59932631E+10,3.139
1991,Senegal,7943091,1.63076936E+10,3.379
1992,Senegal,8168397,1.64152248E+10,3.423
1993,Senegal,8396290,1.65286543E+10,3.539
1994,Senegal,8624080,1.642731E+10,3.837
1995,Senegal,8848112,1.72079677E+10,3.43
1996,Senegal,9067018,1.746329E+10,3.664
1997,Senegal,9283503,1.789912E+10,3.182
1998,Senegal,9502952,1.8841602E+10,3.334
1999,Senegal,9730897,1.99202222E+10,3.604
2000,Senegal,9968263,2.043962E+10,3.902
2001,Senegal,10212940,2.12565668E+10,4.258
2002,Senegal,10466217,2.12892078E+10,4.437
2003,Senegal,10721176,2.262257E+10,4.928
2004,Senegal,10975709,2.38583378E+10,5.238
2005,Senegal,11235473,2.511174E+10,5.539
2006,Senegal,11500093,2.56816435E+10,4.422
2007,Senegal,11770349,2.6900865E+10,4.863
2008,Senegal,12048962,2.78621123E+10,4.74
2009,Senegal,12337391,2.84953334E+10,5.258
2010,Senegal,12635418,2.967447E+10,6.862
2011,Senegal,12958902,3.02014157E+10,7.819
2012,Senegal,13310499,3.14103747E+10,7.362
2013,Senegal,13710857,3.21679974E+10,7.853
2014,Senegal,14152101,3.417013E+10,8.724
2015,Senegal,14593336,3.634574E+10,9.845
2016,Senegal,15034517,3.86558853E+10,10.016
2017,Senegal,15475001,4.151912E+10,10.76
2018,Senegal,15914495,4.409704E+10,11.33
2019,Senegal,16352926,4.61316751E+10,12.713
2020,Senegal,16789215,4.67433923E+10,10.821
2021,Senegal,17220866,4.957931E+10,12.309
2022,Senegal,17651099,5.19139942E+10,12.275
1952,Serbia,6127269,1.24001843E+10,7.54
1953,Serbia,6192415,1.45008343E+10,7.488
1954,Serbia,6266888,1.39628657E+10,8.93
1955,Serbia,6346331,1.6313854E+10,10.227
1956,Serbia,6422765,1.56175882E+10,11.689
1957,Serbia,6496456,2.03024323E+10,12.697
1958,Serbia,6567235,1.97048668E+10,12.513
1959,Serbia,6635217,2.56008868E+10,14.344
1960,Serbia,6702962,2.62896067E+10,15.668
1961,Serbia,6771392,2.71690854E+10,16.421
1962,Serbia,6838634,2.87515279E+10,16.852
1963,Serbia,6904168,3.22527846E+10,18.748
1964,Serbia,6968218,3.56504945E+10,21.239
1965,Serbia,7031140,3.640086E+10,21.853
1966,Serbia,7093230,3.963593E+10,21.656
1967,Serbia,7154393,4.034471E+10,21.876
1968,Serbia,7214029,4.10887E+10,23.4
1969,Serbia,7271058,4.586637E+10,24.263
1970,Serbia,7324426,4.72225751E+10,31.698
1971,Serbia,7375141,5.1758764E+10,34.156
1972,Serbia,7424741,5.390876E+10,32.014
1973,Serbia,7473515,5.68564736E+10,38.229
1974,Serbia,7522490,6.1581226E+10,38.386
1975,Serbia,7572431,6.31487652E+10,40.042
1976,Serbia,7622704,6.6242474E+10,41.315
1977,Serbia,7671485,7.140595E+10,40.163
1978,Serbia,7716933,7.493258E+10,44.863
1979,Serbia,7758219,8.139563E+10,48.779
1980,Serbia,7796286,8.136966E+10,47.945
1981,Serbia,7827862,8.295634E+10,52.179
1982,Serbia,7849651,8.370549E+10,47.909
1983,Serbia,7864594,8.21301E+10,51.586
1984,Serbia,7875048,8.362255E+10,54.397
1985,Serbia,7881551,8.36738253E+10,55.48
1986,Serbia,7884581,8.653139E+10,57.928
1987,Serbia,7885364,8.510549E+10,56.54
1988,Serbia,7884457,8.38495846E+10,58.332
1989,Serbia,7881273,8.528725E+10,58.146
1990,Serbia,7874594,7.59485153E+10,57.784
1991,Serbia,7867068,6.807334E+10,40.928
1992,Serbia,7859811,5.021332E+10,43.684
1993,Serbia,7849722,3.57051269E+10,38.096
1994,Serbia,7837159,3.74911877E+10,37.04
1995,Serbia,7823281,4.06067937E+10,39.141
1996,Serbia,7807718,4.363361E+10,45.825
1997,Serbia,7789183,4.79617147E+10,49.265
1998,Serbia,7765929,5.02484951E+10,51.882
1999,Serbia,7734364,4.21080064E+10,35.791
2000,Serbia,7694608,4.59721769E+10,44.95
2001,Serbia,7651927,4.95519662E+10,49.308
2002,Serbia,7616742,5.41692846E+10,52.23
2003,Serbia,7590946,5.76702136E+10,55.824
2004,Serbia,7565843,6.41221632E+10,60.167
2005,Serbia,7539139,6.908377E+10,51.634
2006,Serbia,7511394,7.40793549E+10,60.838
2007,Serbia,7482996,8.02357248E+10,59.554
2008,Serbia,7454285,8.643315E+10,51.778
2009,Serbia,7425346,8.554312E+10,45.895
2010,Serbia,7395872,8.80479355E+10,45.696
2011,Serbia,7364857,9.103274E+10,48.957
2012,Serbia,7324624,9.041231E+10,43.744
2013,Serbia,7276184,9.30276147E+10,44.569
2014,Serbia,7227203,9.15489341E+10,37.208
2015,Serbia,7177257,9.320236E+10,43.777
2016,Serbia,7126083,9.6314E+10,45.043
2017,Serbia,7073508,9.833772E+10,45.53
2018,Serbia,7020016,1.02758E+11,44.32
2019,Serbia,6966154,1.07209E+11,44.278
2020,Serbia,6907817,1.06241E+11,45.17
2021,Serbia,6835434,1.14262E+11,43.684
2022,Serbia,6791218,1.16835E+11,43.517
1963,Seychelles,46098,1.5228E+08,0.007
1964,Seychelles,47163,1.60928E+08,0.007
1965,Seychelles,48295,1.60848E+08,0.007
1966,Seychelles,49475,1.64199E+08,0.007
1967,Seychelles,50686,1.6385E+08,0.007
1968,Seychelles,51904,1.7697E+08,0.007
1969,Seychelles,53104,1.79087E+08,0.007
1970,Seychelles,54275,1.90998E+08,0.029
1971,Seychelles,55534,2.23272E+08,0.033
1972,Seychelles,56913,2.36493E+08,0.044
1973,Seychelles,58320,2.59144E+08,0.048
1974,Seychelles,59764,2.58506E+08,0.055
1975,Seychelles,61236,2.7036E+08,0.059
1976,Seychelles,62762,3.14089E+08,0.081
1977,Seychelles,64116,3.40442E+08,0.084
1978,Seychelles,65008,3.66172E+08,0.077
1979,Seychelles,65625,4.22667E+08,0.121
1980,Seychelles,66280,4.11136E+08,0.095
1981,Seychelles,66974,3.8532E+08,0.099
1982,Seychelles,67666,3.7609E+08,0.084
1983,Seychelles,68379,3.72108E+08,0.099
1984,Seychelles,69103,3.9798E+08,0.099
1985,Seychelles,69837,4.41195E+08,0.15
1986,Seychelles,70582,4.48868E+08,0.165
1987,Seychelles,71358,4.64236E+08,0.202
1988,Seychelles,72228,4.90866E+08,0.198
1989,Seychelles,73142,5.4285E+08,0.234
1990,Seychelles,74000,5.84969E+08,0.15
1991,Seychelles,74838,6.170885E+08,0.172
1992,Seychelles,75629,679250944,0.172
1993,Seychelles,76419,7.307237E+08,0.183
1994,Seychelles,77278,744501056,0.202
1995,Seychelles,78143,760132160,0.198
1996,Seychelles,78900,795643264,0.234
1997,Seychelles,79670,9.297118E+08,0.275
1998,Seychelles,80738,1.06269146E+09,0.289
1999,Seychelles,82033,1.11039142E+09,0.304
2000,Seychelles,83339,1.13600678E+09,0.315
2001,Seychelles,84621,1.137693E+09,0.344
2002,Seychelles,85878,1.18109427E+09,0.348
2003,Seychelles,87056,1.13455142E+09,0.341
2004,Seychelles,88174,1.14007949E+09,0.37
2005,Seychelles,89288,1.27449536E+09,0.381
2006,Seychelles,90391,1.43009216E+09,0.385
2007,Seychelles,91483,1.619623E+09,0.403
2008,Seychelles,92563,1.625803E+09,0.414
2009,Seychelles,93644,1.63072768E+09,0.44
2010,Seychelles,94993,1.77295168E+09,0.443
2011,Seychelles,97041,1.917505E+09,0.407
2012,Seychelles,99565,1.9917E+09,0.425
2013,Seychelles,102108,2.096276E+09,0.414
2014,Seychelles,104663,2.231E+09,0.458
2015,Seychelles,107247,2.36348E+09,0.498
2016,Seychelles,109836,2.65874022E+09,0.553
2017,Seychelles,112444,2.82438349E+09,0.575
2018,Seychelles,115053,2.9832937E+09,0.601
2019,Seychelles,117662,3.13707187E+09,0.594
2020,Seychelles,120299,2.87172915E+09,0.597
2021,Seychelles,123000,2.94409523E+09,0.612
2022,Seychelles,125532,3.053368E+09,0.554
1951,Sierra Leone,2023290,1.99233E+09,0.095
1952,Sierra Leone,2047200,2.052994E+09,0.18
1953,Sierra Leone,2070817,2.132904E+09,0.169
1954,Sierra Leone,2095065,2.252646E+09,0.125
1955,Sierra Leone,2120895,2.331252E+09,0.183
1956,Sierra Leone,2147977,2.42248E+09,0.18
1957,Sierra Leone,2176255,2.509528E+09,0.388
1958,Sierra Leone,2204840,2.581752E+09,0.209
1959,Sierra Leone,2235027,2.732834E+09,0.234
1960,Sierra Leone,2268360,2.817696E+09,0.714
1961,Sierra Leone,2304229,2.872192E+09,0.289
1962,Sierra Leone,2342241,3.001088E+09,0.326
1963,Sierra Leone,2382260,3.05109E+09,0.37
1964,Sierra Leone,2424392,3.089745E+09,0.304
1965,Sierra Leone,2468669,3.310124E+09,0.282
1966,Sierra Leone,2514641,3.518724E+09,0.3
1967,Sierra Leone,2562394,3.495206E+09,0.253
1968,Sierra Leone,2611534,3.83968E+09,0.363
1969,Sierra Leone,2661368,4.18765E+09,1.085
1970,Sierra Leone,2712287,4.331317E+09,0.857
1971,Sierra Leone,2763230,4.35019E+09,0.802
1972,Sierra Leone,2814397,4.390475E+09,0.678
1973,Sierra Leone,2866959,4.542525E+09,0.539
1974,Sierra Leone,2920465,4.701894E+09,0.52
1975,Sierra Leone,2974658,4.69953E+09,0.524
1976,Sierra Leone,3028822,4.665968E+09,0.451
1977,Sierra Leone,3085359,4.70626E+09,0.513
1978,Sierra Leone,3145521,4.888992E+09,0.711
1979,Sierra Leone,3207501,5.142012E+09,0.678
1980,Sierra Leone,3272096,5.28264E+09,0.608
1981,Sierra Leone,3338944,5.49423E+09,0.692
1982,Sierra Leone,3408189,5.58992E+09,0.553
1983,Sierra Leone,3481644,5.58495E+09,0.689
1984,Sierra Leone,3558764,5.825784E+09,0.616
1985,Sierra Leone,3638443,5.96183E+09,0.663
1986,Sierra Leone,3728382,6.047839E+09,0.674
1987,Sierra Leone,3829719,6.294624E+09,0.498
1988,Sierra Leone,3934518,6.451968E+09,0.458
1989,Sierra Leone,4034037,6.673088E+09,0.374
1990,Sierra Leone,4196833,6.91278E+09,0.498
1991,Sierra Leone,4246269,6.3611305E+09,0.557
1992,Sierra Leone,4166368,5.7531945E+09,0.282
1993,Sierra Leone,4157128,5.761168E+09,0.264
1994,Sierra Leone,4173109,5.967832E+09,0.275
1995,Sierra Leone,4179178,5.367843E+09,0.224
1996,Sierra Leone,4199214,4.04180326E+09,0.231
1997,Sierra Leone,4253710,3.33314867E+09,0.205
1998,Sierra Leone,4295783,3.30670413E+09,0.22
1999,Sierra Leone,4318048,3.04156467E+09,0.176
2000,Sierra Leone,4423614,3.156876E+09,0.271
2001,Sierra Leone,4692715,3.731874E+09,0.37
2002,Sierra Leone,4971436,4.72320358E+09,0.502
2003,Sierra Leone,5177687,5.16501453E+09,0.535
2004,Sierra Leone,5355715,5.50929766E+09,0.52
2005,Sierra Leone,5501707,5.761187E+09,0.425
2006,Sierra Leone,5624464,6.009264E+09,0.579
2007,Sierra Leone,5749353,6.49548646E+09,0.487
2008,Sierra Leone,5894728,6.848798E+09,0.506
2009,Sierra Leone,6055655,7.07373261E+09,0.502
2010,Sierra Leone,6222715,7.455364E+09,0.542
2011,Sierra Leone,6387259,7.933356E+09,0.711
2012,Sierra Leone,6551077,9.13419E+09,0.832
2013,Sierra Leone,6714057,1.1029545E+10,1.048
2014,Sierra Leone,6876384,1.15282084E+10,1.129
2015,Sierra Leone,7037659,9.188877E+09,1.085
2016,Sierra Leone,7205337,9.765347E+09,1.143
2017,Sierra Leone,7379300,1.01281556E+10,1.088
2018,Sierra Leone,7554566,1.04809677E+10,1.026
2019,Sierra Leone,7731995,1.10316626E+10,1.004
2020,Sierra Leone,7912558,1.08144548E+10,1.026
2021,Sierra Leone,8094603,1.12583557E+10,1.257
2022,Sierra Leone,8276808,1.16812708E+10,1.278
1951,Singapore,1068047,3.597361E+09,2.826
1952,Singapore,1126096,2.639434E+09,3.441
1953,Singapore,1187530,3.32988928E+09,3.482
1954,Singapore,1252286,3.99673651E+09,3.771
1955,Singapore,1320232,3.846003E+09,4.053
1956,Singapore,1390956,4.44535552E+09,4.096
1957,Singapore,1458281,4.1556E+09,1.729
1958,Singapore,1515731,4.374144E+09,2.297
1959,Singapore,1567757,5.140941E+09,1.799
1960,Singapore,1619328,5.7031296E+09,1.392
1961,Singapore,1670470,6.167795E+09,2.092
1962,Singapore,1721183,6.607005E+09,2.513
1963,Singapore,1771516,7.267955E+09,3.301
1964,Singapore,1821470,6.99808E+09,3.602
1965,Singapore,1870828,7.530618E+09,2.426
1966,Singapore,1919088,8.350805E+09,0.479
1967,Singapore,1965686,9.375801E+09,2.821
1968,Singapore,2010102,1.06515282E+10,5.133
1969,Singapore,2052163,1.21140675E+10,6.888
1970,Singapore,2091568,1.37954724E+10,17.833
1971,Singapore,2128444,1.54622024E+10,16.275
1972,Singapore,2164344,1.75528223E+10,21.72
1973,Singapore,2200145,1.95045417E+10,20.691
1974,Singapore,2235078,2.07683564E+10,21.427
1975,Singapore,2268532,2.17254851E+10,23.864
1976,Singapore,2300749,2.33412076E+10,29.338
1977,Singapore,2331546,2.50899866E+10,27.612
1978,Singapore,2360612,2.72735171E+10,32.463
1979,Singapore,2388159,2.98438042E+10,35.42
1980,Singapore,2437496,3.28314532E+10,30.433
1981,Singapore,2531800,3.63445E+10,25.707
1982,Singapore,2627420,3.8948E+10,28.382
1983,Singapore,2685981,4.22752133E+10,33.397
1984,Singapore,2720930,4.599686E+10,31.969
1985,Singapore,2735032,4.567854E+10,32.397
1986,Singapore,2744656,4.628641E+10,34.101
1987,Singapore,2781625,5.12660562E+10,31.811
1988,Singapore,2849044,5.696354E+10,35.281
1989,Singapore,2938656,6.27664568E+10,41.004
1990,Singapore,3039593,6.906557E+10,43.536
1991,Singapore,3136293,7.41033656E+10,44.235
1992,Singapore,3226461,8.005259E+10,47.441
1993,Singapore,3317893,8.96982E+10,49.662
1994,Singapore,3417815,1.00709E+11,60.086
1995,Singapore,3533624,1.09097E+11,40.546
1996,Singapore,3664566,1.20136E+11,48.013
1997,Singapore,3796630,1.32363E+11,56.737
1998,Singapore,3901418,1.31914E+11,47.412
1999,Singapore,3966562,1.39188E+11,49.2
2000,Singapore,4035251,1.52154E+11,37.369
2001,Singapore,4116169,1.52551E+11,38.525
2002,Singapore,4146898,1.57983E+11,40.208
2003,Singapore,4138241,1.60288E+11,39.534
2004,Singapore,4172766,1.75483E+11,41
2005,Singapore,4268361,1.90692E+11,39.6
2006,Singapore,4407064,2.11579E+11,40.6
2007,Singapore,4596515,2.3792E+11,41.1
2008,Singapore,4806742,2.52508E+11,40.2
2009,Singapore,4968573,2.56114E+11,40.8
2010,Singapore,5077019,2.97587E+11,44.4
2011,Singapore,5182242,3.19718E+11,47
2012,Singapore,5293344,3.33899E+11,46.1
2013,Singapore,5385589,3.49985E+11,47
2014,Singapore,5457899,3.63759E+11,47.6
2015,Singapore,5525343,3.74587E+11,49.4
2016,Singapore,5577937,3.88079E+11,49.1
2017,Singapore,5604087,4.05716E+11,50.1
2018,Singapore,5634367,4.20222E+11,50.3
2019,Singapore,5669562,4.25816E+11,49
2020,Singapore,5620150,4.09205E+11,46.7
2021,Singapore,5546292,4.45552E+11,50.1
2022,Singapore,5649886,4.61801E+11,47.873
1985,Slovakia,5151164,6.078383E+10,59.145
1986,Slovakia,5180090,6.331665E+10,59.562
1987,Slovakia,5205882,6.485109E+10,58.863
1988,Slovakia,5229678,6.61207654E+10,57.893
1989,Slovakia,5249932,6.67855258E+10,55.25
1990,Slovakia,5266076,6.511961E+10,61.526
1991,Slovakia,5284876,5.52973763E+10,53.332
1992,Slovakia,5306445,5.186485E+10,48.928
1993,Slovakia,5326361,5.543923E+10,46.396
1994,Slovakia,5343230,5.876273E+10,43.805
1995,Slovakia,5354287,6.326133E+10,44.196
1996,Slovakia,5362429,6.737806E+10,44.077
1997,Slovakia,5369781,7.13115E+10,44.149
1998,Slovakia,5374801,7.40154655E+10,43.879
1999,Slovakia,5378105,7.369587E+10,43.092
2000,Slovakia,5380001,7.45951E+10,41.192
2001,Slovakia,5379439,7.674425E+10,43.279
2002,Slovakia,5377685,8.00593756E+10,42.095
2003,Slovakia,5376198,8.428196E+10,42.425
2004,Slovakia,5376039,8.859462E+10,42.92
2005,Slovakia,5376696,9.44447E+10,42.926
2006,Slovakia,5376847,1.02276E+11,42.751
2007,Slovakia,5376995,1.1316E+11,41.154
2008,Slovakia,5379125,1.1938E+11,41.551
2009,Slovakia,5385074,1.1276E+11,37.8
2010,Slovakia,5391857,1.18344E+11,38.462
2011,Slovakia,5398104,1.20555E+11,38.046
2012,Slovakia,5404877,1.22145E+11,35.963
2013,Slovakia,5410422,1.22918E+11,35.623
2014,Slovakia,5415237,1.26233E+11,33.708
2015,Slovakia,5420279,1.32756E+11,34.528
2016,Slovakia,5427262,1.35336E+11,34.963
2017,Slovakia,5435704,1.39313E+11,36.167
2018,Slovakia,5443230,1.44928E+11,36.16
2019,Slovakia,5450626,1.48579E+11,33.831
2020,Slovakia,5455028,1.43565E+11,31.154
2021,Slovakia,5442767,1.47893E+11,35.216
2022,Slovakia,5473194,1.5036E+11,31.55
1952,Slovenia,1479671,5.85976371E+09,2.137
1953,Slovenia,1497562,6.15027456E+09,2.122
1954,Slovenia,1515603,6.97697126E+09,2.532
1955,Slovenia,1532637,7.59053E+09,2.9
1956,Slovenia,1548767,7.45474253E+09,3.318
1957,Slovenia,1564154,8.32763648E+09,3.6
1958,Slovenia,1578540,9.249694E+09,3.548
1959,Slovenia,1592117,9.762129E+09,4.068
1960,Slovenia,1605080,1.11613215E+10,4.444
1961,Slovenia,1618564,1.21975634E+10,4.659
1962,Slovenia,1633084,1.27064361E+10,4.78
1963,Slovenia,1647447,1.41494938E+10,5.317
1964,Slovenia,1661355,1.54569431E+10,6.026
1965,Slovenia,1675320,1.5534679E+10,6.2
1966,Slovenia,1689638,1.63676191E+10,6.142
1967,Slovenia,1703875,1.69039053E+10,6.204
1968,Slovenia,1716933,1.79412419E+10,6.635
1969,Slovenia,1728679,1.962663E+10,6.879
1970,Slovenia,1739869,2.14544855E+10,8.994
1971,Slovenia,1752715,2.30205665E+10,9.687
1972,Slovenia,1768219,2.41789624E+10,9.065
1973,Slovenia,1784577,2.5685162E+10,10.83
1974,Slovenia,1801035,2.81304822E+10,10.868
1975,Slovenia,1817593,2.962701E+10,11.332
1976,Slovenia,1834353,3.02870364E+10,11.686
1977,Slovenia,1851329,3.24839588E+10,11.35
1978,Slovenia,1868516,3.521253E+10,12.682
1979,Slovenia,1885913,3.788057E+10,13.792
1980,Slovenia,1903076,3.87697828E+10,13.548
1981,Slovenia,1914594,3.849379E+10,14.73
1982,Slovenia,1917975,3.822081E+10,13.513
1983,Slovenia,1923360,3.841833E+10,14.555
1984,Slovenia,1932706,3.916093E+10,15.353
1985,Slovenia,1941480,3.95535278E+10,15.661
1986,Slovenia,1964833,4.081043E+10,16.767
1987,Slovenia,1988028,4.05733335E+10,16.001
1988,Slovenia,1993520,3.93983263E+10,15.547
1989,Slovenia,1995464,3.920222E+10,15.34
1990,Slovenia,1998010,3.602696E+10,15.095
1991,Slovenia,1999192,3.279539E+10,13.973
1992,Slovenia,1995863,3.09132042E+10,13.883
1993,Slovenia,1990814,3.174313E+10,14.251
1994,Slovenia,1988260,3.33467423E+10,14.636
1995,Slovenia,1988099,3.56840243E+10,15.354
1996,Slovenia,1986792,3.68259973E+10,15.999
1997,Slovenia,1984399,3.852656E+10,16.507
1998,Slovenia,1980071,3.963144E+10,16.039
1999,Slovenia,1981198,4.15422956E+10,15.412
2000,Slovenia,1986818,4.30787871E+10,15.054
2001,Slovenia,1989685,4.41483674E+10,16.303
2002,Slovenia,1991573,4.56599265E+10,16.565
2003,Slovenia,1992502,4.675835E+10,16.272
2004,Slovenia,1993549,4.8578175E+10,16.705
2005,Slovenia,1996914,5.03091323E+10,16.936
2006,Slovenia,2003113,5.294472E+10,17.178
2007,Slovenia,2014161,5.659013E+10,17.343
2008,Slovenia,2025090,5.79819233E+10,18.278
2009,Slovenia,2035611,5.3266133E+10,16.204
2010,Slovenia,2044612,5.36497766E+10,16.46
2011,Slovenia,2048805,5.37614459E+10,16.359
2012,Slovenia,2053321,5.234243E+10,15.76
2013,Slovenia,2056452,5.180365E+10,15.128
2014,Slovenia,2058396,5.32376535E+10,13.561
2015,Slovenia,2059947,5.44142377E+10,13.645
2016,Slovenia,2061379,5.615118E+10,14.458
2017,Slovenia,2062410,5.885504E+10,14.617
2018,Slovenia,2069484,6.147669E+10,14.52
2019,Slovenia,2083436,6.359821E+10,14.039
2020,Slovenia,2102419,6.084995E+10,12.855
2021,Slovenia,2113495,6.58463457E+10,13.059
2022,Slovenia,2115230,6.938535E+10,12.701
1951,South Africa,13309025,5.75156756E+10,65.142
1952,South Africa,13595544,5.95561021E+10,70.883
1953,South Africa,13892916,6.235516E+10,70.996
1954,South Africa,14203781,6.60228E+10,73.898
1955,South Africa,14533371,6.932754E+10,82.936
1956,South Africa,14880686,7.318306E+10,87.263
1957,South Africa,15244838,7.59768842E+10,89.652
1958,South Africa,15620419,7.757444E+10,96.253
1959,South Africa,16014971,8.103857E+10,94.473
1960,South Africa,16440173,8.441851E+10,97.844
1961,South Africa,16908039,8.808118E+10,102.12
1962,South Africa,17418524,9.301317E+10,105.67
1963,South Africa,17954561,9.982741E+10,109.725
1964,South Africa,18511368,1.06518E+11,119.546
1965,South Africa,19089382,1.12883E+11,128.14
1966,South Africa,19690084,1.17778E+11,128.235
1967,South Africa,20314071,1.25837E+11,133.76
1968,South Africa,20957288,1.31293E+11,137.954
1969,South Africa,21614679,1.3937E+11,143.143
1970,South Africa,22279991,1.46627E+11,149.618
1971,South Africa,22942144,1.53821E+11,168.403
1972,South Africa,23609456,1.5678E+11,171.554
1973,South Africa,24294265,1.63376E+11,173.352
1974,South Africa,24989109,1.72551E+11,176.544
1975,South Africa,25690943,1.75749E+11,185.001
1976,South Africa,26395450,1.80035E+11,192.905
1977,South Africa,27118951,1.79682E+11,199.735
1978,South Africa,27869507,1.85014E+11,201.876
1979,South Africa,28634161,1.923E+11,218.667
1980,South Africa,29518856,2.04703E+11,228.198
1981,South Africa,30541046,2.15435E+11,257.075
1982,South Africa,31615338,2.14586E+11,280.433
1983,South Africa,32739307,2.10672E+11,291.902
1984,South Africa,33892792,2.21388E+11,315.593
1985,South Africa,35042097,2.18712E+11,323.861
1986,South Africa,36180519,2.18892E+11,330.497
1987,South Africa,37326193,2.23307E+11,328.665
1988,South Africa,38480645,2.32507E+11,342.655
1989,South Africa,39628574,2.37354E+11,340.711
1990,South Africa,40746273,2.35129E+11,312.93
1991,South Africa,41687903,2.37881E+11,326.027
1992,South Africa,42443510,2.38567E+11,301.325
1993,South Africa,43297154,2.47203E+11,320.345
1994,South Africa,44004140,2.61852E+11,338.698
1995,South Africa,44541559,2.77584E+11,361.694
1996,South Africa,45123022,2.96908E+11,363.732
1997,South Africa,45666836,3.11988E+11,385.223
1998,South Africa,46223887,3.2015E+11,377.262
1999,South Africa,46730332,3.34638E+11,374.891
2000,South Africa,47159714,3.56072E+11,378.307
2001,South Africa,47566805,3.74889E+11,371.624
2002,South Africa,48019414,3.96138E+11,356.523
2003,South Africa,48500349,4.1371E+11,404.41
2004,South Africa,48991420,4.39266E+11,449.307
2005,South Africa,49490041,4.70189E+11,416.201
2006,South Africa,49998272,5.05574E+11,446.77
2007,South Africa,50528577,5.42976E+11,465.045
2008,South Africa,51114595,5.71661E+11,494.698
2009,South Africa,51728518,5.74768E+11,474.523
2010,South Africa,52344045,6.07602E+11,463
2011,South Africa,52995210,6.45388E+11,465.908
2012,South Africa,53782569,6.60853E+11,458.965
2013,South Africa,54678790,6.77278E+11,458.647
2014,South Africa,55594838,6.86854E+11,471.965
2015,South Africa,56723537,6.95933E+11,446.349
2016,South Africa,57259550,7.00558E+11,457.09
2017,South Africa,57635158,7.0867E+11,439.996
2018,South Africa,58613000,7.19458E+11,434.581
2019,South Africa,59587880,7.21642E+11,464.114
2020,South Africa,60562374,6.75872E+11,434.067
2021,South Africa,61502601,7.09078E+11,425.918
2022,South Africa,62378419,7.23559E+11,405.312
1951,South Korea,19868990,2.06835036E+10,2.924
1952,South Korea,20229881,2.17444372E+10,3.462
1953,South Korea,20775325,2.77301248E+10,4.693
1954,South Korea,21415579,2.91815752E+10,5.159
1955,South Korea,22125103,3.04168284E+10,6.445
1956,South Korea,22874440,3.04467784E+10,7.555
1957,South Korea,23660791,3.31658936E+10,8.214
1958,South Korea,24473927,3.5296297E+10,9.009
1959,South Korea,25298234,3.730838E+10,11.221
1960,South Korea,26115390,3.835821E+10,12.54
1961,South Korea,26852962,4.1131905E+10,14.449
1962,South Korea,27509234,4.28138455E+10,17.262
1963,South Korea,28145547,4.682589E+10,21.083
1964,South Korea,28744980,5.135002E+10,22.195
1965,South Korea,29284343,5.503978E+10,24.978
1966,South Korea,29845940,6.16356864E+10,29.982
1967,South Korea,30495724,6.7254E+10,35.113
1968,South Korea,31175295,7.6123095E+10,37.197
1969,South Korea,31852769,8.719245E+10,42.468
1970,South Korea,32542203,9.59107645E+10,53.716
1971,South Korea,33239860,1.05938E+11,58.534
1972,South Korea,33936471,1.13511E+11,60.247
1973,South Korea,34625845,1.30229E+11,72.975
1974,South Korea,35287832,1.42674E+11,75.551
1975,South Korea,35875741,1.53896E+11,81.666
1976,South Korea,36379927,1.74134E+11,93.105
1977,South Korea,36843638,1.95581E+11,105.46
1978,South Korea,37281937,2.16802E+11,113.119
1979,South Korea,37710898,2.35184E+11,132.874
1980,South Korea,38141109,2.31185E+11,134.524
1981,South Korea,38689193,2.47783E+11,139.59
1982,South Korea,39356158,2.68261E+11,140.782
1983,South Korea,40000944,3.03784E+11,149.134
1984,South Korea,40598301,3.35512E+11,160.7
1985,South Korea,41148957,3.61515E+11,168.758
1986,South Korea,41718508,4.02092E+11,176.297
1987,South Korea,42322092,4.52222E+11,185.358
1988,South Korea,42922979,5.06051E+11,210.953
1989,South Korea,43524764,5.41628E+11,223.51
1990,South Korea,44081425,5.94764E+11,250.511
1991,South Korea,44439149,6.51872E+11,275.688
1992,South Korea,44653700,6.87369E+11,299.905
1993,South Korea,44887722,7.29369E+11,330.174
1994,South Korea,45130842,7.91074E+11,355.695
1995,South Korea,45368425,8.60794E+11,383.665
1996,South Korea,45638701,9.19813E+11,420.996
1997,South Korea,45941541,9.67605E+11,444.968
1998,South Korea,46230883,9.08368E+11,378.038
1999,South Korea,46500382,1.00416E+12,410.519
2000,South Korea,46766659,1.08626E+12,439.981
2001,South Korea,47043466,1.12762E+12,455.631
2002,South Korea,47299118,1.20307E+12,476.065
2003,South Korea,47514158,1.22983E+12,485.213
2004,South Korea,47697076,1.28124E+12,491.389
2005,South Korea,47851646,1.32235E+12,498.688
2006,South Korea,48006518,1.38128E+12,503.478
2007,South Korea,48178122,1.44672E+12,521.709
2008,South Korea,48356486,1.47743E+12,532.651
2009,South Korea,48546689,1.47764E+12,537.82
2010,South Korea,48769330,1.56282E+12,594.339
2011,South Korea,49127641,1.60922E+12,623.443
2012,South Korea,49599579,1.64789E+12,627.943
2013,South Korea,50071168,1.70005E+12,634.581
2014,South Korea,50539055,1.75448E+12,629.366
2015,South Korea,50983908,1.80376E+12,634.177
2016,South Korea,51297837,1.85692E+12,637.914
2017,South Korea,51486268,1.9156E+12,654.537
2018,South Korea,51640894,1.97129E+12,670.169
2019,South Korea,51767843,2.01552E+12,646.102
2020,South Korea,51858480,2.00123E+12,597.634
2021,South Korea,51848401,2.08418E+12,616.075
2022,South Korea,51782514,2.13756E+12,602.092
1951,Spain,28214862,1.07135E+11,33.115
1952,Spain,28406044,1.17037E+11,37.603
1953,Spain,28632700,1.16997E+11,38.931
1954,Spain,28857829,1.25599E+11,39.724
1955,Spain,29089775,1.3008E+11,40.272
1956,Spain,29323672,1.40914E+11,42.333
1957,Spain,29569969,1.4603E+11,50.213
1958,Spain,29849659,1.55616E+11,55.873
1959,Spain,30140708,1.54273E+11,52.079
1960,Spain,30404938,1.54173E+11,48.866
1961,Spain,30699568,1.72488E+11,53.607
1962,Spain,31040105,1.89314E+11,59.976
1963,Spain,31379830,2.08429E+11,58.743
1964,Spain,31741585,2.20234E+11,64.324
1965,Spain,32110669,2.3781E+11,71.02
1966,Spain,32465886,2.5549E+11,77.617
1967,Spain,32820749,2.69605E+11,86.394
1968,Spain,33170122,2.85821E+11,97.017
1969,Spain,33496941,3.12133E+11,96.737
1970,Spain,33812721,3.21926E+11,116.766
1971,Spain,34157449,3.38048E+11,128.459
1972,Spain,34539861,3.72317E+11,144.716
1973,Spain,34926520,4.05141E+11,154.957
1974,Spain,35361763,4.3558E+11,172.666
1975,Spain,35795771,4.48574E+11,181.054
1976,Spain,36176272,4.69577E+11,197.746
1977,Spain,36551267,4.85922E+11,194.829
1978,Spain,36904972,5.00155E+11,199.514
1979,Spain,37230368,5.08825E+11,202.747
1980,Spain,37537561,5.2506E+11,213.912
1981,Spain,37812707,5.24559E+11,206.096
1982,Spain,38047097,5.33518E+11,208.599
1983,Spain,38253248,5.43779E+11,203.435
1984,Spain,38437483,5.491E+11,197.667
1985,Spain,38601315,5.66345E+11,199.931
1986,Spain,38735706,5.90019E+11,189.113
1987,Spain,38852007,6.32709E+11,189.508
1988,Spain,38952262,6.74676E+11,197.458
1989,Spain,39029556,7.19992E+11,224.885
1990,Spain,39084975,7.56125E+11,230.174
1991,Spain,39201749,7.86758E+11,240.009
1992,Spain,39420344,8.03261E+11,248.412
1993,Spain,39651627,7.94221E+11,239.809
1994,Spain,39858722,8.20138E+11,252.047
1995,Spain,40052733,8.5502E+11,265.779
1996,Spain,40237375,8.85028E+11,253.237
1997,Spain,40423823,9.25901E+11,265.567
1998,Spain,40617436,9.76806E+11,274.318
1999,Spain,40812855,1.03165E+12,297.773
2000,Spain,41019773,1.095E+12,310.072
2001,Spain,41245604,1.14796E+12,311.809
2002,Spain,41755702,1.19132E+12,331.95
2003,Spain,42506541,1.23965E+12,336.333
2004,Spain,43234563,1.28983E+12,353.011
2005,Spain,43958884,1.34884E+12,368.339
2006,Spain,44695446,1.41574E+12,359.654
2007,Spain,45516501,1.48114E+12,367.401
2008,Spain,46235055,1.51062E+12,335.889
2009,Spain,46635182,1.46877E+12,296.501
2010,Spain,46840470,1.48038E+12,282.938
2011,Spain,46998040,1.47719E+12,283.801
2012,Spain,47018321,1.43348E+12,278.061
2013,Spain,46860393,1.41336E+12,251.942
2014,Spain,46720186,1.43309E+12,254.181
2015,Spain,46683683,1.4881E+12,270.74
2016,Spain,46732766,1.5333E+12,259.625
2017,Spain,46868594,1.57893E+12,273.58
2018,Spain,47092817,1.615E+12,268.59
2019,Spain,47435120,1.64704E+12,250.596
2020,Spain,47679482,1.46051E+12,211.843
2021,Spain,47735670,1.54112E+12,229.069
2022,Spain,47828386,1.62514E+12,234.657
1951,Sri Lanka,7956333,1.59831828E+10,1.546
1952,Sri Lanka,8111564,1.67186309E+10,1.938
1953,Sri Lanka,8275134,1.7044012E+10,2.066
1954,Sri Lanka,8445937,1.749687E+10,1.784
1955,Sri Lanka,8623327,1.85264435E+10,1.663
1956,Sri Lanka,8807222,1.86454671E+10,1.418
1957,Sri Lanka,9001001,1.89145539E+10,2.319
1958,Sri Lanka,9208816,1.947021E+10,1.949
1959,Sri Lanka,9430157,1.97418762E+10,2.055
1960,Sri Lanka,9661385,2.046144E+10,2.257
1961,Sri Lanka,9899374,2.089071E+10,2.334
1962,Sri Lanka,10143750,2.16319549E+10,2.561
1963,Sri Lanka,10395041,2.20931113E+10,2.532
1964,Sri Lanka,10653402,2.31347753E+10,2.271
1965,Sri Lanka,10916962,2.38501089E+10,2.656
1966,Sri Lanka,11183927,2.36090368E+10,2.66
1967,Sri Lanka,11457329,2.575059E+10,2.945
1968,Sri Lanka,11736085,2.76873789E+10,3.238
1969,Sri Lanka,12013863,2.87781949E+10,4.315
1970,Sri Lanka,12287113,3.01461217E+10,3.593
1971,Sri Lanka,12551909,2.98827858E+10,3.193
1972,Sri Lanka,12809207,3.052186E+10,3.538
1973,Sri Lanka,13060921,3.17502525E+10,3.684
1974,Sri Lanka,13305697,3.27929262E+10,2.929
1975,Sri Lanka,13548989,3.35385559E+10,2.893
1976,Sri Lanka,13796776,3.45282929E+10,2.799
1977,Sri Lanka,14049366,3.67924838E+10,2.911
1978,Sri Lanka,14310126,3.909287E+10,3.436
1979,Sri Lanka,14579614,4.165256E+10,3.809
1980,Sri Lanka,14847972,4.39182664E+10,3.389
1981,Sri Lanka,15099417,4.669693E+10,4.006
1982,Sri Lanka,15286571,4.90782925E+10,4.467
1983,Sri Lanka,15388796,5.15836273E+10,4.855
1984,Sri Lanka,15441859,5.41138166E+10,3.852
1985,Sri Lanka,15544151,5.63993764E+10,3.917
1986,Sri Lanka,15731253,5.92406077E+10,3.66
1987,Sri Lanka,15916579,5.982058E+10,4.027
1988,Sri Lanka,16078624,6.14088827E+10,3.457
1989,Sri Lanka,16248559,6.303221E+10,3.447
1990,Sri Lanka,16352458,6.709867E+10,3.831
1991,Sri Lanka,16475354,7.380855E+10,4.138
1992,Sri Lanka,16739297,7.123739E+10,5.106
1993,Sri Lanka,17025923,7.631743E+10,4.975
1994,Sri Lanka,17275777,8.208378E+10,5.435
1995,Sri Lanka,17564066,8.68828447E+10,5.814
1996,Sri Lanka,17905020,9.69722348E+10,6.971
1997,Sri Lanka,18248204,1.06468E+11,7.52
1998,Sri Lanka,18596005,1.0404E+11,7.736
1999,Sri Lanka,18944734,1.06224E+11,8.517
2000,Sri Lanka,19293057,1.14542E+11,10.134
2001,Sri Lanka,19600360,1.1151E+11,10.326
2002,Sri Lanka,19805749,1.14771E+11,10.948
2003,Sri Lanka,19951521,1.21043E+11,10.953
2004,Sri Lanka,20087608,1.27113E+11,12.147
2005,Sri Lanka,20216531,1.34388E+11,11.935
2006,Sri Lanka,20352417,1.44415E+11,11.793
2007,Sri Lanka,20492546,1.53829E+11,12.152
2008,Sri Lanka,20629377,1.62475E+11,11.987
2009,Sri Lanka,20756435,1.67648E+11,12.945
2010,Sri Lanka,20879090,1.80643E+11,13.051
2011,Sri Lanka,21009054,1.95462E+11,14.886
2012,Sri Lanka,21169461,2.12334E+11,15.798
2013,Sri Lanka,21358829,2.20938E+11,14.511
2014,Sri Lanka,21547455,2.35029E+11,17.42
2015,Sri Lanka,21729974,2.44914E+11,19.687
2016,Sri Lanka,21910764,2.57292E+11,22.987
2017,Sri Lanka,22087525,2.73916E+11,22.873
2018,Sri Lanka,22253113,2.80243E+11,20.097
2019,Sri Lanka,22410552,2.79627E+11,21.236
2020,Sri Lanka,22561807,2.69918E+11,20.625
2021,Sri Lanka,22700377,2.78898E+11,23.015
2022,Sri Lanka,22834964,2.54749E+11,19.903
1951,Sweden,7072884,7.831439E+10,33.437
1952,Sweden,7124675,7.9458E+10,34.521
1953,Sweden,7171425,8.167052E+10,32.549
1954,Sweden,7213461,8.510619E+10,34.494
1955,Sweden,7262328,8.757972E+10,39.096
1956,Sweden,7315523,9.091082E+10,43.375
1957,Sweden,7366883,9.498824E+10,38.843
1958,Sweden,7414352,9.545756E+10,42.071
1959,Sweden,7453561,9.836911E+10,42.388
1960,Sweden,7484597,1.03591E+11,49.171
1961,Sweden,7519997,1.09521E+11,48.8
1962,Sweden,7561517,1.14133E+11,51.273
1963,Sweden,7604207,1.20204E+11,55.313
1964,Sweden,7661190,1.28406E+11,60.368
1965,Sweden,7733011,1.33326E+11,62.562
1966,Sweden,7805586,1.36109E+11,72.517
1967,Sweden,7866404,1.40703E+11,68.93
1968,Sweden,7912122,1.45802E+11,77.606
1969,Sweden,7968013,1.53105E+11,86.381
1970,Sweden,8042783,1.63024E+11,92.287
1971,Sweden,8098105,1.64551E+11,84.509
1972,Sweden,8122427,1.68328E+11,84.703
1973,Sweden,8137164,1.75019E+11,87.29
1974,Sweden,8160636,1.80619E+11,79.823
1975,Sweden,8192642,1.85219E+11,80.76
1976,Sweden,8222393,1.87174E+11,88.241
1977,Sweden,8251698,1.84201E+11,85.74
1978,Sweden,8275793,1.87418E+11,79.476
1979,Sweden,8293749,1.94619E+11,84.869
1980,Sweden,8310470,1.97853E+11,71.714
1981,Sweden,8320460,1.97825E+11,69.389
1982,Sweden,8325179,1.99817E+11,62.257
1983,Sweden,8328917,2.03328E+11,58.268
1984,Sweden,8336484,2.11401E+11,57.308
1985,Sweden,8350249,2.15472E+11,62.364
1986,Sweden,8369682,2.20206E+11,62.01
1987,Sweden,8397651,2.2688E+11,59.695
1988,Sweden,8436358,2.3172E+11,57.425
1989,Sweden,8492819,2.37235E+11,55.521
1990,Sweden,8558569,2.40234E+11,57.52
1991,Sweden,8616954,2.3795E+11,57.751
1992,Sweden,8667577,2.35757E+11,57.578
1993,Sweden,8718036,2.31558E+11,57.572
1994,Sweden,8780193,2.41524E+11,60.026
1995,Sweden,8826299,2.51741E+11,59.512
1996,Sweden,8840329,2.56499E+11,63.381
1997,Sweden,8845524,2.64171E+11,58.383
1998,Sweden,8850606,2.76041E+11,58.802
1999,Sweden,8857691,2.89703E+11,55.982
2000,Sweden,8872100,3.03452E+11,54.93
2001,Sweden,8896018,3.08398E+11,55.838
2002,Sweden,8925044,3.17464E+11,56.685
2003,Sweden,8958432,3.26402E+11,57.292
2004,Sweden,8993806,3.41901E+11,56.517
2005,Sweden,9029770,3.54497E+11,53.875
2006,Sweden,9080626,3.72235E+11,53.738
2007,Sweden,9148277,3.87882E+11,52.994
2008,Sweden,9219903,3.88981E+11,50.866
2009,Sweden,9298738,3.73026E+11,47.238
2010,Sweden,9378234,3.99839E+11,53.12
2011,Sweden,9449262,3.97618E+11,49.211
2012,Sweden,9519479,3.95279E+11,46.712
2013,Sweden,9600621,3.99974E+11,45.202
2014,Sweden,9696437,4.10604E+11,43.473
2015,Sweden,9799482,4.29037E+11,43.418
2016,Sweden,9923281,4.37921E+11,43.414
2017,Sweden,10057864,4.49167E+11,42.438
2018,Sweden,10175401,4.57925E+11,42.058
2019,Sweden,10279122,4.67021E+11,40.834
2020,Sweden,10353680,4.56885E+11,36.703
2021,Sweden,10416136,4.81492E+11,38.634
2022,Sweden,10487333,4.94215E+11,37.474
1951,Switzerland,4748088,5.64081172E+10,12.298
1952,Switzerland,4811614,5.78585272E+10,11.225
1953,Switzerland,4875655,6.083347E+10,10.333
1954,Switzerland,4938751,6.49218621E+10,12.593
1955,Switzerland,5002116,6.971745E+10,13.614
1956,Switzerland,5065626,7.318812E+10,17.061
1957,Switzerland,5130170,7.518637E+10,17.694
1958,Switzerland,5196449,7.613654E+10,16.285
1959,Switzerland,5262809,8.135458E+10,16.602
1960,Switzerland,5327776,8.771352E+10,19.499
1961,Switzerland,5434125,9.539928E+10,20.361
1962,Switzerland,5573701,1.00821E+11,24.123
1963,Switzerland,5694162,1.06737E+11,29.07
1964,Switzerland,5789156,1.13004E+11,28.129
1965,Switzerland,5856417,1.17686E+11,30.329
1966,Switzerland,5917969,1.21266E+11,31.489
1967,Switzerland,5991734,1.2576E+11,32.519
1968,Switzerland,6067659,1.31197E+11,35.981
1969,Switzerland,6136354,1.38575E+11,38.047
1970,Switzerland,6180925,1.47143E+11,40.244
1971,Switzerland,6213535,1.55328E+11,41.886
1972,Switzerland,6261087,1.6232E+11,42.913
1973,Switzerland,6307408,1.67493E+11,46.198
1974,Switzerland,6341381,1.6614E+11,41.421
1975,Switzerland,6338600,1.56681E+11,39.046
1976,Switzerland,6302555,1.56768E+11,40.431
1977,Switzerland,6281365,1.6063E+11,41.031
1978,Switzerland,6282044,1.65652E+11,42.162
1979,Switzerland,6294719,1.69193E+11,39.855
1980,Switzerland,6319848,1.74992E+11,40.478
1981,Switzerland,6354561,1.78175E+11,38.798
1982,Switzerland,6391805,1.78915E+11,36.571
1983,Switzerland,6419309,1.82091E+11,40.007
1984,Switzerland,6442418,1.84889E+11,39.112
1985,Switzerland,6470959,1.93085E+11,39.762
1986,Switzerland,6504748,2.03695E+11,42.226
1987,Switzerland,6545771,2.11298E+11,40.182
1988,Switzerland,6594145,2.17769E+11,40.636
1989,Switzerland,6647786,2.25335E+11,39.389
1990,Switzerland,6713167,2.34154E+11,44.149
1991,Switzerland,6796942,2.36202E+11,46.132
1992,Switzerland,6875049,2.39959E+11,46.018
1993,Switzerland,6938107,2.4343E+11,43.61
1994,Switzerland,6993594,2.50752E+11,42.67
1995,Switzerland,7040481,2.57143E+11,43.414
1996,Switzerland,7071884,2.63449E+11,44.108
1997,Switzerland,7089163,2.74617E+11,43.046
1998,Switzerland,7110294,2.87985E+11,44.623
1999,Switzerland,7144118,2.98227E+11,44.446
2000,Switzerland,7184003,3.15545E+11,43.621
2001,Switzerland,7226391,3.2552E+11,45.087
2002,Switzerland,7278744,3.31802E+11,43.467
2003,Switzerland,7333450,3.37992E+11,44.65
2004,Switzerland,7384196,3.53895E+11,45.233
2005,Switzerland,7431824,3.71135E+11,45.777
2006,Switzerland,7478514,3.93075E+11,45.365
2007,Switzerland,7545386,4.16833E+11,43.358
2008,Switzerland,7641729,4.33739E+11,44.699
2009,Switzerland,7737642,4.31737E+11,43.523
2010,Switzerland,7825751,4.5114E+11,45.034
2011,Switzerland,7914378,4.67104E+11,40.973
2012,Switzerland,7998927,4.72612E+11,42.241
2013,Switzerland,8091197,4.81082E+11,43.171
2014,Switzerland,8190238,4.92387E+11,39.221
2015,Switzerland,8283940,5.00485E+11,38.719
2016,Switzerland,8374902,5.10838E+11,39.172
2017,Switzerland,8453628,5.178E+11,38.165
2018,Switzerland,8516339,5.32611E+11,36.859
2019,Switzerland,8577526,5.38693E+11,36.721
2020,Switzerland,8640582,5.25896E+11,34.228
2021,Switzerland,8707018,5.48098E+11,35.78
2022,Switzerland,8792180,5.59385E+11,32.819
1951,Syria,3684866,1.29078661E+10,0.381
1952,Syria,3765240,1.62609388E+10,0.476
1953,Syria,3852830,1.843556E+10,0.512
1954,Syria,3947871,2.11462246E+10,0.578
1955,Syria,4050599,1.90778327E+10,1.644
1956,Syria,4160634,2.25971384E+10,2.003
1957,Syria,4277735,2.399062E+10,1.981
1958,Syria,4401998,2.067297E+10,2.168
1959,Syria,4533775,2.14523945E+10,2.226
1960,Syria,4673501,2.18423931E+10,3.219
1961,Syria,4815458,2.36398223E+10,3.061
1962,Syria,4959339,2.92542915E+10,3.2
1963,Syria,5110471,2.92347167E+10,3.606
1964,Syria,5269092,2.98940621E+10,4.361
1965,Syria,5435268,2.98142659E+10,3.672
1966,Syria,5609050,2.75244175E+10,4.911
1967,Syria,5790197,2.980154E+10,4.603
1968,Syria,5978742,3.09193687E+10,5.954
1969,Syria,6175173,3.67139062E+10,7.233
1970,Syria,6380611,3.53141924E+10,6.65
1971,Syria,6598098,3.88202578E+10,8.874
1972,Syria,6826034,4.853659E+10,7.756
1973,Syria,7060329,4.438114E+10,7.885
1974,Syria,7302157,5.509637E+10,9.654
1975,Syria,7554368,6.58352333E+10,11.171
1976,Syria,7817319,7.3066455E+10,13.737
1977,Syria,8090509,7.213818E+10,14.632
1978,Syria,8372762,7.843366E+10,15.181
1979,Syria,8661912,8.127436E+10,22.485
1980,Syria,8957664,9.101714E+10,20.727
1981,Syria,9260188,9.966126E+10,26.535
1982,Syria,9572514,1.01793E+11,24.364
1983,Syria,9904814,1.03243E+11,27.775
1984,Syria,10258406,9.903709E+10,32.849
1985,Syria,10625673,1.05079E+11,29.389
1986,Syria,11002841,9.988405E+10,31.073
1987,Syria,11388916,1.01804E+11,35.943
1988,Syria,11782268,1.1531E+11,36.679
1989,Syria,12179070,1.04981E+11,34.271
1990,Syria,12579212,1.13006E+11,37.045
1991,Syria,12980822,1.21259E+11,42.201
1992,Syria,13385570,1.32465E+11,42.562
1993,Syria,13795689,1.37136E+11,45.222
1994,Syria,14208585,1.39463E+11,45.65
1995,Syria,14616805,1.41596E+11,46.083
1996,Syria,15018110,1.40381E+11,47.128
1997,Syria,15417539,1.33631E+11,49.257
1998,Syria,15820409,1.35803E+11,53.158
1999,Syria,16228063,1.26805E+11,55.151
2000,Syria,16637884,1.25214E+11,54.171
2001,Syria,17051338,1.25632E+11,50.951
2002,Syria,17468335,1.28996E+11,40.35
2003,Syria,17889297,1.22502E+11,54.978
2004,Syria,18336880,1.26515E+11,51.287
2005,Syria,18814088,1.29657E+11,50.751
2006,Syria,19637017,1.32871E+11,53.664
2007,Syria,20884137,1.38933E+11,66.66
2008,Syria,21636565,1.40064E+11,67.756
2009,Syria,21976971,1.41887E+11,62.968
2010,Syria,22482418,1.43781E+11,61.722
2011,Syria,22878103,1.34274E+11,58.836
2012,Syria,22759763,9.890769E+10,45.85
2013,Syria,21666920,7.28948E+10,34.043
2014,Syria,20273662,6.53791E+10,30.943
2015,Syria,19424615,6.3295275E+10,28.603
2016,Syria,19193835,5.97314724E+10,26.947
2017,Syria,19224670,5.92968172E+10,31.591
2018,Syria,19577850,6.01719767E+10,29.376
2019,Syria,20353536,6.2427095E+10,27.402
2020,Syria,21049428,5.587225E+10,26.313
2021,Syria,21628840,5.425196E+10,26.034
2022,Syria,22462170,5.235314E+10,25.314
1951,Taiwan,7862805,1.17575229E+10,4.908
1952,Taiwan,8148997,1.31628093E+10,6.392
1953,Taiwan,8451374,1.4387328E+10,6.472
1954,Taiwan,8767772,1.57588746E+10,6.487
1955,Taiwan,9104135,1.703984E+10,7.197
1956,Taiwan,9465707,1.79907666E+10,7.685
1957,Taiwan,9850526,1.92950149E+10,8.183
1958,Taiwan,10246160,2.060112E+10,9.57
1959,Taiwan,10644179,2.21712241E+10,10.991
1960,Taiwan,11046262,2.34271764E+10,11.874
1961,Taiwan,11453507,2.503158E+10,12.528
1962,Taiwan,11866670,2.701649E+10,14.165
1963,Taiwan,12285726,2.9553537E+10,15.109
1964,Taiwan,12706682,3.314226E+10,16.907
1965,Taiwan,13124807,3.682991E+10,17.845
1966,Taiwan,13537705,4.012956E+10,19.462
1967,Taiwan,13901472,4.4418E+10,21.97
1968,Taiwan,14215585,4.849031E+10,24.141
1969,Taiwan,14523608,5.2824E+10,26.291
1970,Taiwan,14815755,5.876741E+10,28.734
1971,Taiwan,15121137,6.643314E+10,31.475
1972,Taiwan,15450618,7.5263615E+10,35.872
1973,Taiwan,15772690,8.493518E+10,40.245
1974,Taiwan,16082317,8.592716E+10,39.31
1975,Taiwan,16365266,9.016645E+10,43.454
1976,Taiwan,16671501,1.02637E+11,56.1
1977,Taiwan,17020096,1.13116E+11,61.13
1978,Taiwan,17373731,1.285E+11,71.028
1979,Taiwan,17735789,1.39008E+11,75.766
1980,Taiwan,18086522,1.49135E+11,83.515
1981,Taiwan,18412828,1.58331E+11,75.052
1982,Taiwan,18723986,1.63935E+11,75.385
1983,Taiwan,19022629,1.77801E+11,83.138
1984,Taiwan,19306762,1.96634E+11,84.865
1985,Taiwan,19571695,2.06396E+11,84.734
1986,Taiwan,19805980,2.30399E+11,94.333
1987,Taiwan,20015821,2.67741E+11,98.206
1988,Taiwan,20223658,2.80143E+11,113.093
1989,Taiwan,20418913,3.03193E+11,123.126
1990,Taiwan,20594907,3.19545E+11,124.258
1991,Taiwan,20781752,3.45211E+11,133.631
1992,Taiwan,20982087,3.72504E+11,142.432
1993,Taiwan,21174678,3.96576E+11,154.046
1994,Taiwan,21357146,4.25305E+11,161.564
1995,Taiwan,21534498,4.51738E+11,170.064
1996,Taiwan,21709270,4.77922E+11,178.059
1997,Taiwan,21885333,5.04502E+11,190.782
1998,Taiwan,22049226,5.24131E+11,200.546
1999,Taiwan,22203788,5.57641E+11,208.023
2000,Taiwan,22332874,5.91154E+11,226.934
2001,Taiwan,22446254,5.82366E+11,231.431
2002,Taiwan,22566899,6.12809E+11,238.567
2003,Taiwan,22664130,6.3624E+11,249.129
2004,Taiwan,22745433,6.75272E+11,259.367
2005,Taiwan,22824930,7.09314E+11,266.888
2006,Taiwan,22914644,7.45966E+11,276.536
2007,Taiwan,23006921,7.91901E+11,280.076
2008,Taiwan,23086237,7.9439E+11,266.885
2009,Taiwan,23164354,7.79015E+11,253.033
2010,Taiwan,23224047,8.59488E+11,270.715
2011,Taiwan,23273078,8.88547E+11,276.774
2012,Taiwan,23345962,9.0829E+11,273.282
2013,Taiwan,23416869,9.30852E+11,274.576
2014,Taiwan,23472810,9.74779E+11,276.96
2015,Taiwan,23529259,9.8907E+11,276.263
2016,Taiwan,23586141,1.01048E+12,280.188
2017,Taiwan,23632950,1.04394E+12,285.73
2018,Taiwan,23659308,1.07303E+12,283.897
2019,Taiwan,23674137,1.10591E+12,274.445
2020,Taiwan,23663460,1.14337E+12,272.202
2021,Taiwan,23558330,1.21801E+12,283.571
2022,Taiwan,23420107,1.24787E+12,273.669
1973,Tajikistan,3222300,2.116561E+10,8.976
1980,Tajikistan,3995259,2.27886367E+10,11.407
1981,Tajikistan,4109027,2.28984054E+10,11.196
1982,Tajikistan,4227177,2.300913E+10,11.406
1983,Tajikistan,4350879,2.38742876E+10,11.57
1984,Tajikistan,4480029,2.42331382E+10,11.672
1985,Tajikistan,4619006,2.4508117E+10,12.58
1986,Tajikistan,4772148,2.50844037E+10,12.133
1987,Tajikistan,4939063,2.45196E+10,11.785
1988,Tajikistan,5114988,2.760809E+10,12.719
1989,Tajikistan,5267255,2.55443763E+10,12.593
1990,Tajikistan,5398774,2.53214167E+10,12.037
1991,Tajikistan,5541200,2.30891233E+10,9.758
1992,Tajikistan,5649397,1.55789619E+10,7.308
1993,Tajikistan,5725001,1.376816E+10,5.171
1994,Tajikistan,5825371,1.08065475E+10,2.355
1995,Tajikistan,5948587,9.460376E+09,2.445
1996,Tajikistan,6066524,8.989081E+09,2.824
1997,Tajikistan,6139830,9.105133E+09,2.15
1998,Tajikistan,6176403,9.509161E+09,2.497
1999,Tajikistan,6208372,9.907046E+09,2.517
2000,Tajikistan,6284737,1.07353211E+10,2.234
2001,Tajikistan,6407376,1.16979517E+10,2.288
2002,Tajikistan,6531672,1.27927921E+10,1.877
2003,Tajikistan,6658575,1.40274493E+10,2.071
2004,Tajikistan,6790554,1.53910866E+10,2.56
2005,Tajikistan,6924723,1.64693289E+10,2.439
2006,Tajikistan,7057566,1.75311831E+10,2.655
2007,Tajikistan,7194478,1.87310981E+10,3.227
2008,Tajikistan,7338403,2.02029343E+10,2.896
2009,Tajikistan,7490233,2.09692017E+10,2.444
2010,Tajikistan,7652144,2.22759137E+10,2.536
2011,Tajikistan,7824785,2.37193523E+10,2.341
2012,Tajikistan,8014087,2.54983066E+10,2.933
2013,Tajikistan,8216734,2.738518E+10,2.907
2014,Tajikistan,8425558,2.92199956E+10,4.6
2015,Tajikistan,8643839,3.0973186E+10,5.302
2016,Tajikistan,8865622,3.31103355E+10,5.693
2017,Tajikistan,9085943,3.546118E+10,6.858
2018,Tajikistan,9307346,3.81562225E+10,8.06
2019,Tajikistan,9529971,4.09797878E+10,8.692
2020,Tajikistan,9749310,4.2778796E+10,9.404
2021,Tajikistan,9966912,4.680001E+10,9.228
2022,Tajikistan,10182229,5.054401E+10,8.966
1951,Tanzania,7812973,6.036802E+09,0.447
1952,Tanzania,8009083,6.15896474E+09,0.539
1953,Tanzania,8213118,5.94496051E+09,0.528
1954,Tanzania,8424793,6.42765E+09,0.539
1955,Tanzania,8644857,6.57545728E+09,0.557
1956,Tanzania,8874778,6.665399E+09,0.66
1957,Tanzania,9115792,6.806035E+09,0.762
1958,Tanzania,9367594,6.875075E+09,0.802
1959,Tanzania,9629268,7.22473E+09,0.689
1960,Tanzania,9901421,7.510066E+09,0.828
1961,Tanzania,10187888,7.420444E+09,0.703
1962,Tanzania,10487756,8.10451251E+09,0.766
1963,Tanzania,10799529,8.612634E+09,0.802
1964,Tanzania,11127827,9.067574E+09,1.033
1965,Tanzania,11470727,9.401367E+09,1.161
1966,Tanzania,11827464,1.06046147E+10,1.37
1967,Tanzania,12200115,1.10313984E+10,1.758
1968,Tanzania,12602078,1.1611394E+10,1.652
1969,Tanzania,13036702,1.18229668E+10,1.795
1970,Tanzania,13492672,1.24952166E+10,1.765
1971,Tanzania,13971452,1.30267331E+10,2.461
1972,Tanzania,14479313,1.389773E+10,2.164
1973,Tanzania,15010099,1.43653079E+10,3.183
1974,Tanzania,15561630,1.46933146E+10,2.303
1975,Tanzania,16138364,1.54373571E+10,2.282
1976,Tanzania,16736216,1.65592084E+10,2.786
1977,Tanzania,17352936,1.70096568E+10,2.008
1978,Tanzania,17976568,1.75238615E+10,2.197
1979,Tanzania,18592045,1.77274962E+10,2.063
1980,Tanzania,19189770,1.7881129E+10,1.874
1981,Tanzania,19784713,1.76750428E+10,2.107
1982,Tanzania,20398573,1.78979922E+10,2.148
1983,Tanzania,21079877,1.78223718E+10,2.196
1984,Tanzania,21779067,1.825616E+10,2.347
1985,Tanzania,22501696,1.82243389E+10,2.338
1986,Tanzania,23258959,1.88301251E+10,2.278
1987,Tanzania,24030376,1.97713633E+10,2.368
1988,Tanzania,24769690,2.060318E+10,2.272
1989,Tanzania,25438760,2.13018563E+10,2.162
1990,Tanzania,26110209,2.20624978E+10,2.112
1991,Tanzania,26780442,2.31319839E+10,2.255
1992,Tanzania,27457597,2.39071826E+10,2.178
1993,Tanzania,28332690,2.4857215E+10,2.426
1994,Tanzania,29442357,2.5964286E+10,2.063
1995,Tanzania,30383497,2.76009452E+10,2.434
1996,Tanzania,30945758,2.96773366E+10,2.527
1997,Tanzania,31578094,3.15607736E+10,2.824
1998,Tanzania,32420462,3.36148726E+10,2.481
1999,Tanzania,33300335,3.62152878E+10,2.459
2000,Tanzania,34260142,3.90017E+10,2.572
2001,Tanzania,35198302,4.24453448E+10,3.041
2002,Tanzania,36121301,4.65830748E+10,3.486
2003,Tanzania,37089554,5.08246E+10,3.687
2004,Tanzania,38109667,5.58912E+10,4.221
2005,Tanzania,39182083,6.10187551E+10,5.356
2006,Tanzania,40294901,6.550801E+10,5.876
2007,Tanzania,41435509,7.290954E+10,5.706
2008,Tanzania,42570728,7.89935145E+10,5.989
2009,Tanzania,43633977,8.54461645E+10,5.807
2010,Tanzania,44758489,9.337121E+10,7.194
2011,Tanzania,46029372,1.03625E+11,8.503
2012,Tanzania,47374259,1.08952E+11,10.401
2013,Tanzania,48824134,1.16341E+11,11.273
2014,Tanzania,50351505,1.24173E+11,11.086
2015,Tanzania,52020959,1.31823E+11,12.911
2016,Tanzania,53824011,1.40876E+11,13.647
2017,Tanzania,55652888,1.50417E+11,13.682
2018,Tanzania,57437134,1.60885E+11,14.41
2019,Tanzania,59174889,1.72129E+11,16.377
2020,Tanzania,60972801,1.80419E+11,16.25
2021,Tanzania,62830413,1.89344E+11,18.267
2022,Tanzania,64711821,1.9822E+11,17.736
1951,Thailand,20965189,2.794396E+10,1.091
1952,Thailand,21527581,2.9485822E+10,1.278
1953,Thailand,22109322,3.27265956E+10,1.644
1954,Thailand,22713342,3.24621988E+10,2.05
1955,Thailand,23343179,3.53176822E+10,2.373
1956,Thailand,23997265,3.593031E+10,2.618
1957,Thailand,24674830,3.63358249E+10,2.922
1958,Thailand,25367009,3.76568136E+10,3.017
1959,Thailand,26088018,4.216091E+10,3.321
1960,Thailand,26851750,4.72669061E+10,3.709
1961,Thailand,27650337,4.97432945E+10,4.141
1962,Thailand,28481047,5.358128E+10,5.029
1963,Thailand,29342315,5.79638026E+10,5.564
1964,Thailand,30232139,6.19332731E+10,7.474
1965,Thailand,31149335,6.68492227E+10,7.445
1966,Thailand,32086073,7.436357E+10,9.471
1967,Thailand,33037798,8.060345E+10,12.157
1968,Thailand,34002562,8.715075E+10,17.083
1969,Thailand,34973784,9.40183E+10,14.549
1970,Thailand,35954411,1.00145E+11,15.362
1971,Thailand,36937393,1.05055E+11,19.213
1972,Thailand,37933932,1.09423E+11,21.771
1973,Thailand,38947791,1.20383E+11,24.357
1974,Thailand,39952895,1.25776E+11,24.116
1975,Thailand,40939998,1.32015E+11,24.254
1976,Thailand,41896510,1.44056E+11,28.564
1977,Thailand,42843974,1.58272E+11,31.878
1978,Thailand,43788974,1.73965E+11,34.76
1979,Thailand,44718435,1.83049E+11,36.396
1980,Thailand,45650030,1.91442E+11,39.751
1981,Thailand,46575852,2.02771E+11,37.541
1982,Thailand,47494576,2.13619E+11,37.357
1983,Thailand,48423308,2.25513E+11,41.785
1984,Thailand,49351711,2.38519E+11,45.155
1985,Thailand,50270753,2.49624E+11,47.865
1986,Thailand,51177832,2.6341E+11,48.97
1987,Thailand,52074109,2.8852E+11,53.814
1988,Thailand,52969595,3.26878E+11,60.732
1989,Thailand,53848956,3.66692E+11,71.696
1990,Thailand,54738328,4.07628E+11,86.563
1991,Thailand,55637437,4.37871E+11,95.045
1992,Thailand,56528829,4.73484E+11,105.513
1993,Thailand,57408199,5.09703E+11,121.855
1994,Thailand,58260857,5.45365E+11,136.87
1995,Thailand,59098229,5.84006E+11,153.65
1996,Thailand,59920058,6.11291E+11,173.566
1997,Thailand,60724589,5.8924E+11,181.203
1998,Thailand,61522633,5.39315E+11,159.704
1999,Thailand,62299039,5.58464E+11,167.235
2000,Thailand,63007813,5.79218E+11,167.352
2001,Thailand,63651139,5.96448E+11,172.267
2002,Thailand,64266431,6.30177E+11,184.665
2003,Thailand,64868164,6.72603E+11,191.088
2004,Thailand,65452051,7.12166E+11,207.331
2005,Thailand,66017415,7.39238E+11,214.325
2006,Thailand,66567685,7.73067E+11,215.825
2007,Thailand,67102389,8.11667E+11,224.083
2008,Thailand,67619834,8.22021E+11,224.249
2009,Thailand,68121076,8.1286E+11,228.836
2010,Thailand,68579442,8.70109E+11,241.019
2011,Thailand,69007211,8.73643E+11,244.878
2012,Thailand,69436091,9.36921E+11,262.348
2013,Thailand,69845115,9.62096E+11,263.754
2014,Thailand,70216362,9.71563E+11,272.488
2015,Thailand,70540790,1.00201E+12,277.099
2016,Thailand,70859837,1.03643E+12,284.045
2017,Thailand,71160184,1.07973E+12,283.348
2018,Thailand,71376080,1.12533E+12,288.305
2019,Thailand,71522265,1.14913E+12,281.877
2020,Thailand,71641484,1.07833E+12,271.923
2021,Thailand,71727340,1.09519E+12,267.142
2022,Thailand,71735320,1.12414E+12,272.573
1951,Togo,1424402,1.057575E+09,0.026
1952,Togo,1449924,1.095881E+09,0.044
1953,Togo,1476069,1.135772E+09,0.029
1954,Togo,1502764,1.179488E+09,0.033
1955,Togo,1529949,1.22012E+09,0.04
1956,Togo,1557640,1.267285E+09,0.04
1957,Togo,1585879,1.314933E+09,0.048
1958,Togo,1614642,1.363998E+09,0.048
1959,Togo,1643761,1.41489E+09,0.055
1960,Togo,1673116,1.540448E+09,0.066
1961,Togo,1702716,1.644573E+09,0.092
1962,Togo,1732964,1.706776E+09,0.088
1963,Togo,1765075,1.789938E+09,0.106
1964,Togo,1803446,2.04765E+09,0.132
1965,Togo,1853775,2.326976E+09,0.132
1966,Togo,1918519,2.541573E+09,0.18
1967,Togo,1995893,2.683856E+09,0.198
1968,Togo,2080225,2.817342E+09,0.194
1969,Togo,2164819,3.12381E+09,0.242
1970,Togo,2244779,3.203284E+09,0.275
1971,Togo,2317982,3.433679E+09,0.315
1972,Togo,2384998,3.55472E+09,0.405
1973,Togo,2448752,3.40474E+09,0.412
1974,Togo,2511762,3.549624E+09,0.39
1975,Togo,2574622,3.527452E+09,0.311
1976,Togo,2637801,3.511165E+09,0.322
1977,Togo,2701902,3.706286E+09,0.462
1978,Togo,2768153,4.0788E+09,0.355
1979,Togo,2839853,4.324806E+09,1.381
1980,Togo,2920906,4.128072E+09,0.794
1981,Togo,3013043,3.87056E+09,0.706
1982,Togo,3115042,3.726891E+09,0.818
1983,Togo,3222901,3.533698E+09,0.624
1984,Togo,3332837,3.744258E+09,0.695
1985,Togo,3441099,3.87996E+09,0.659
1986,Togo,3547958,4.009117E+09,0.848
1987,Togo,3657512,3.90974E+09,0.925
1988,Togo,3769752,4.305525E+09,0.963
1989,Togo,3883413,4.481862E+09,1.024
1990,Togo,3998757,4.744275E+09,0.978
1991,Togo,4115569,4.8043E+09,1.05
1992,Togo,4233620,4.69557453E+09,1.03
1993,Togo,4207462,3.96551066E+09,1.069
1994,Togo,4222942,4.56248627E+09,1.007
1995,Togo,4410834,4.920022E+09,1.175
1996,Togo,4577864,5.35168768E+09,1.265
1997,Togo,4725037,5.606767E+09,0.879
1998,Togo,4860915,5.539431E+09,1.29
1999,Togo,5000270,5.739979E+09,1.85
2000,Togo,5140046,5.742627E+09,1.331
2001,Togo,5277387,5.72835072E+09,1.159
2002,Togo,5413282,5.70944768E+09,1.322
2003,Togo,5552170,6.04596634E+09,1.805
2004,Togo,5696513,6.2574336E+09,1.744
2005,Togo,5844638,6.39968154E+09,1.722
2006,Togo,6010674,6.71473E+09,1.501
2007,Togo,6188349,6.92365261E+09,1.517
2008,Togo,6368821,7.155226E+09,1.523
2009,Togo,6551867,7.467518E+09,2.536
2010,Togo,6732595,7.8460713E+09,2.596
2011,Togo,6916477,8.309244E+09,2.504
2012,Togo,7100743,8.791743E+09,2.216
2013,Togo,7285448,9.242968E+09,1.643
2014,Togo,7472458,9.806234E+09,1.542
2015,Togo,7663199,1.034624E+10,1.863
2016,Togo,7858297,1.09605468E+10,2.312
2017,Togo,8057139,1.142023E+10,1.991
2018,Togo,8258781,1.1989462E+10,2.125
2019,Togo,8463068,1.25796823E+10,2.319
2020,Togo,8669722,1.272013E+10,2.439
2021,Togo,8878384,1.34822666E+10,2.67
2022,Togo,9089742,1.42656594E+10,2.682
1951,Trinidad and Tobago,665739,4.026481E+09,2.514
1952,Trinidad and Tobago,683443,4.16402381E+09,2.796
1953,Trinidad and Tobago,701871,4.275325E+09,2.935
1954,Trinidad and Tobago,721160,4.35170253E+09,2.836
1955,Trinidad and Tobago,741245,4.959104E+09,2.722
1956,Trinidad and Tobago,761692,5.98752E+09,2.879
1957,Trinidad and Tobago,782510,6.515418E+09,2.564
1958,Trinidad and Tobago,803841,7.050873E+09,3.477
1959,Trinidad and Tobago,825021,7.47927552E+09,3.092
1960,Trinidad and Tobago,844954,8.381219E+09,2.579
1961,Trinidad and Tobago,863152,8.747385E+09,4.598
1962,Trinidad and Tobago,880204,9.214892E+09,7.232
1963,Trinidad and Tobago,896811,9.684101E+09,1.677
1964,Trinidad and Tobago,912973,1.00158587E+10,3.792
1965,Trinidad and Tobago,928432,1.05252915E+10,5.191
1966,Trinidad and Tobago,942947,1.0983681E+10,4.052
1967,Trinidad and Tobago,956430,1.121365E+10,4.634
1968,Trinidad and Tobago,969009,1.17958769E+10,4.037
1969,Trinidad and Tobago,980714,1.21213256E+10,3.901
1970,Trinidad and Tobago,991482,1.25496545E+10,8.99
1971,Trinidad and Tobago,1002589,1.26787615E+10,8.096
1972,Trinidad and Tobago,1014927,1.34119117E+10,8.236
1973,Trinidad and Tobago,1027860,1.36333773E+10,9.39
1974,Trinidad and Tobago,1040768,1.43631022E+10,10.042
1975,Trinidad and Tobago,1053470,1.46347356E+10,9.613
1976,Trinidad and Tobago,1066316,1.603315E+10,15.911
1977,Trinidad and Tobago,1079561,1.70522163E+10,16.159
1978,Trinidad and Tobago,1093393,1.90438175E+10,15.312
1979,Trinidad and Tobago,1107651,1.9923966E+10,16.707
1980,Trinidad and Tobago,1121749,2.15201833E+10,16.919
1981,Trinidad and Tobago,1135140,2.2469886E+10,17.242
1982,Trinidad and Tobago,1147932,2.11549164E+10,18.405
1983,Trinidad and Tobago,1160537,1.94953359E+10,16.276
1984,Trinidad and Tobago,1172985,2.066792E+10,17.504
1985,Trinidad and Tobago,1187369,1.982182E+10,20.723
1986,Trinidad and Tobago,1203132,1.91721677E+10,17.355
1987,Trinidad and Tobago,1217366,1.82880256E+10,17.489
1988,Trinidad and Tobago,1230069,1.75771238E+10,15.833
1989,Trinidad and Tobago,1241605,1.743456E+10,16.105
1990,Trinidad and Tobago,1252214,1.771056E+10,16.981
1991,Trinidad and Tobago,1262175,1.774493E+10,16.968
1992,Trinidad and Tobago,1271682,1.80336865E+10,19.103
1993,Trinidad and Tobago,1280473,1.75653417E+10,17.411
1994,Trinidad and Tobago,1288353,1.71365427E+10,15.349
1995,Trinidad and Tobago,1295166,1.82761165E+10,14.733
1996,Trinidad and Tobago,1300937,1.938266E+10,18.458
1997,Trinidad and Tobago,1305837,2.06300815E+10,18.911
1998,Trinidad and Tobago,1310225,2.20813E+10,19.905
1999,Trinidad and Tobago,1314711,2.36182426E+10,22.594
2000,Trinidad and Tobago,1319781,2.49969951E+10,24.366
2001,Trinidad and Tobago,1325573,2.58147881E+10,26.756
2002,Trinidad and Tobago,1332017,2.76652339E+10,28.702
2003,Trinidad and Tobago,1338719,3.14359972E+10,32.391
2004,Trinidad and Tobago,1345386,3.36895611E+10,32.711
2005,Trinidad and Tobago,1352040,3.5495977E+10,38.227
2006,Trinidad and Tobago,1358706,3.985273E+10,42.727
2007,Trinidad and Tobago,1365382,4.14136648E+10,45.582
2008,Trinidad and Tobago,1372090,4.249415E+10,44.465
2009,Trinidad and Tobago,1379056,4.02991555E+10,44.439
2010,Trinidad and Tobago,1386657,4.12854354E+10,47.112
2011,Trinidad and Tobago,1394990,4.081936E+10,47.064
2012,Trinidad and Tobago,1403815,4.26692977E+10,46.176
2013,Trinidad and Tobago,1412658,4.4309504E+10,45.824
2014,Trinidad and Tobago,1421135,4.578191E+10,46.892
2015,Trinidad and Tobago,1429189,4.54357975E+10,45.56
2016,Trinidad and Tobago,1437030,4.23625155E+10,39.893
2017,Trinidad and Tobago,1445265,4.0368513E+10,40.318
2018,Trinidad and Tobago,1470522,4.00169042E+10,40.324
2019,Trinidad and Tobago,1484898,4.00609239E+10,40.783
2020,Trinidad and Tobago,1481026,3.6985045E+10,35.066
2021,Trinidad and Tobago,1487715,3.66052147E+10,36.413
2022,Trinidad and Tobago,1495922,3.75133839E+10,36.306
1951,Tunisia,3682102,6.316776E+09,1.377
1952,Tunisia,3758191,7.09484442E+09,1.443
1953,Tunisia,3837404,7.36386253E+09,1.377
1954,Tunisia,3919527,7.52450048E+09,1.406
1955,Tunisia,4005134,7.134356E+09,1.596
1956,Tunisia,4082608,7.60707738E+09,1.559
1957,Tunisia,4136609,7.297218E+09,1.574
1958,Tunisia,4177718,8.24702362E+09,1.446
1959,Tunisia,4220907,7.905442E+09,1.588
1960,Tunisia,4267298,8.883345E+09,1.724
1961,Tunisia,4316281,9.650494E+09,1.765
1962,Tunisia,4369138,9.421841E+09,1.794
1963,Tunisia,4427132,1.08487025E+10,1.944
1964,Tunisia,4489874,1.131844E+10,2.753
1965,Tunisia,4561393,1.20307436E+10,2.46
1966,Tunisia,4652293,1.23259812E+10,2.882
1967,Tunisia,4760975,1.224511E+10,3.083
1968,Tunisia,4879907,1.35372964E+10,3.592
1969,Tunisia,5004696,1.40146217E+10,3.852
1970,Tunisia,5131394,1.48472023E+10,3.739
1971,Tunisia,5261659,1.64190884E+10,4.208
1972,Tunisia,5396564,1.93312829E+10,4.733
1973,Tunisia,5537243,1.92087941E+10,4.825
1974,Tunisia,5684685,2.07532913E+10,5.393
1975,Tunisia,5839265,2.22397624E+10,5.544
1976,Tunisia,5996993,2.39938089E+10,5.845
1977,Tunisia,6155926,2.48129126E+10,6.754
1978,Tunisia,6309392,2.64105574E+10,7.489
1979,Tunisia,6456418,2.81428173E+10,8.77
1980,Tunisia,6606195,3.02378578E+10,9.496
1981,Tunisia,6758293,3.19055647E+10,9.839
1982,Tunisia,6908648,3.17378048E+10,9.532
1983,Tunisia,7053799,3.32293079E+10,11.319
1984,Tunisia,7220050,3.513235E+10,11.563
1985,Tunisia,7409907,3.71056722E+10,11.961
1986,Tunisia,7600300,3.65354148E+10,12.087
1987,Tunisia,7789990,3.89724E+10,11.78
1988,Tunisia,7974447,3.90188851E+10,12.495
1989,Tunisia,8151665,4.046877E+10,13.268
1990,Tunisia,8324509,4.36497039E+10,13.553
1991,Tunisia,8501827,4.55871078E+10,16.006
1992,Tunisia,8682509,4.938484E+10,15.158
1993,Tunisia,8857916,5.07579761E+10,16.419
1994,Tunisia,9018446,5.275432E+10,16.135
1995,Tunisia,9161263,5.42524867E+10,16.272
1996,Tunisia,9294433,5.808347E+10,16.619
1997,Tunisia,9421273,6.1515604E+10,17.215
1998,Tunisia,9541671,6.470049E+10,17.791
1999,Tunisia,9655966,6.87182029E+10,18.64
2000,Tunisia,9764940,7.18188544E+10,19.552
2001,Tunisia,9869680,7.544459E+10,20.43
2002,Tunisia,9971522,7.687753E+10,20.68
2003,Tunisia,10071637,8.124006E+10,21.142
2004,Tunisia,10166169,8.62323E+10,22.095
2005,Tunisia,10255475,8.980428E+10,22.546
2006,Tunisia,10346408,9.501629E+10,22.97
2007,Tunisia,10441705,1.01102E+11,24.591
2008,Tunisia,10542637,1.05766E+11,25.538
2009,Tunisia,10650682,1.093E+11,25.425
2010,Tunisia,10765982,1.12485E+11,28.138
2011,Tunisia,10886041,1.1076E+11,26.436
2012,Tunisia,11009650,1.15431E+11,28.459
2013,Tunisia,11141365,1.18236E+11,28.333
2014,Tunisia,11274295,1.21889E+11,29.692
2015,Tunisia,11402270,1.23069E+11,31.418
2016,Tunisia,11528676,1.24444E+11,30.595
2017,Tunisia,11650504,1.27229E+11,31.272
2018,Tunisia,11765515,1.30569E+11,31.134
2019,Tunisia,11875085,1.32642E+11,30.353
2020,Tunisia,11974058,1.20946E+11,28.49
2021,Tunisia,12048625,1.26273E+11,31.167
2022,Tunisia,12119336,1.29458E+11,31.948
1951,Turkey,21643879,4.98178E+10,10.184
1952,Turkey,22290092,5.607838E+10,10.474
1953,Turkey,22958552,6.26697667E+10,12.965
1954,Turkey,23636110,6.12170957E+10,13.433
1955,Turkey,24310513,6.64941445E+10,13.619
1956,Turkey,25057602,6.908452E+10,14.359
1957,Turkey,25880920,7.495914E+10,15.97
1958,Turkey,26704965,7.880143E+10,16.035
1959,Turkey,27526336,8.288811E+10,17.192
1960,Turkey,28329894,8.580827E+10,16.799
1961,Turkey,29119233,8.772859E+10,17.341
1962,Turkey,29916149,9.359608E+10,21.605
1963,Turkey,30726846,1.02938E+11,22.64
1964,Turkey,31543071,1.07828E+11,26.303
1965,Turkey,32345215,1.1122E+11,27.353
1966,Turkey,33177680,1.2496E+11,31.506
1967,Turkey,34050420,1.31273E+11,33.479
1968,Turkey,34921677,1.40827E+11,36.265
1969,Turkey,35787778,1.49142E+11,38.753
1970,Turkey,36638459,1.57265E+11,42.579
1971,Turkey,37518611,1.72475E+11,47.638
1972,Turkey,38430215,1.84803E+11,53.722
1973,Turkey,39329534,1.94442E+11,59.31
1974,Turkey,40210234,2.11513E+11,60.929
1975,Turkey,41053124,2.3179E+11,65.419
1976,Turkey,41899990,2.53392E+11,73.359
1977,Turkey,42773300,2.65744E+11,81.121
1978,Turkey,43645306,2.74795E+11,76.714
1979,Turkey,44510430,2.74003E+11,75.038
1980,Turkey,45408816,2.73441E+11,75.212
1981,Turkey,46321190,2.86816E+11,79.186
1982,Turkey,47322103,3.02869E+11,86.21
1983,Turkey,48447413,3.15759E+11,89.812
1984,Turkey,49574064,3.35721E+11,94.906
1985,Turkey,50687118,3.54837E+11,105.662
1986,Turkey,51777769,3.81729E+11,115.618
1987,Turkey,52843669,4.17316E+11,128.442
1988,Turkey,53909627,4.35877E+11,124.728
1989,Turkey,54976718,4.43256E+11,137.57
1990,Turkey,56015626,4.86761E+11,151.615
1991,Turkey,57009892,4.98031E+11,158.126
1992,Turkey,57990120,5.35076E+11,164.065
1993,Turkey,58999167,5.86262E+11,171.139
1994,Turkey,60033831,5.62011E+11,167.566
1995,Turkey,61024501,6.10881E+11,181.355
1996,Turkey,61951134,6.627E+11,199.647
1997,Turkey,62852969,7.22434E+11,212.108
1998,Turkey,63734384,7.54599E+11,212.135
1999,Turkey,64591916,7.25083E+11,207.928
2000,Turkey,65425958,7.85055E+11,229.937
2001,Turkey,66245126,7.32285E+11,213.581
2002,Turkey,67048793,7.96073E+11,221.226
2003,Turkey,67831736,8.4855E+11,236.766
2004,Turkey,68592621,9.31153E+11,244.769
2005,Turkey,69329555,1.01738E+12,264.871
2006,Turkey,70045352,1.09683E+12,282.368
2007,Turkey,70750595,1.15841E+12,313.693
2008,Turkey,71562344,1.17987E+12,310.622
2009,Turkey,72464845,1.12276E+12,316.412
2010,Turkey,73346766,1.2405E+12,316.193
2011,Turkey,74215200,1.36478E+12,342.057
2012,Turkey,75197195,1.43013E+12,356.107
2013,Turkey,76403032,1.55149E+12,347.332
2014,Turkey,78036154,1.62813E+12,364.028
2015,Turkey,80014221,1.72719E+12,384.93
2016,Turkey,81652086,1.78459E+12,405.95
2017,Turkey,83083668,1.91847E+12,430.901
2018,Turkey,84415966,1.97564E+12,422.059
2019,Turkey,85357671,1.99112E+12,402.692
2020,Turkey,86091691,2.02975E+12,412.927
2021,Turkey,86686255,2.2602E+12,452.703
2022,Turkey,87058470,2.386E+12,437.305
1973,Turkmenistan,2370918,1.83060931E+10,23.196
1980,Turkmenistan,2832201,1.94445251E+10,29.493
1981,Turkmenistan,2907194,1.96425421E+10,28.959
1982,Turkmenistan,2985567,1.98462157E+10,29.504
1983,Turkmenistan,3067535,2.02025021E+10,29.928
1984,Turkmenistan,3154080,1.9981353E+10,30.198
1985,Turkmenistan,3247542,2.004556E+10,32.545
1986,Turkmenistan,3347814,2.06200668E+10,35.807
1987,Turkmenistan,3452736,2.11259E+10,36.377
1988,Turkmenistan,3559364,2.305192E+10,37.188
1989,Turkmenistan,3662465,2.112838E+10,37.637
1990,Turkmenistan,3760561,2.12017684E+10,33.344
1991,Turkmenistan,3855900,2.043799E+10,30.425
1992,Turkmenistan,3944689,1.75699886E+10,31.994
1993,Turkmenistan,4032415,1.80375368E+10,27.516
1994,Turkmenistan,4116662,1.50913157E+10,34.216
1995,Turkmenistan,4191210,1.41663969E+10,34.569
1996,Turkmenistan,4263817,1.33666243E+10,31.654
1997,Turkmenistan,4336733,1.19959962E+10,31.196
1998,Turkmenistan,4410512,1.29457848E+10,33.446
1999,Turkmenistan,4492174,1.52519E+10,39.797
2000,Turkmenistan,4582676,1.829921E+10,39.361
2001,Turkmenistan,4675414,2.22827438E+10,34.034
2002,Turkmenistan,4769472,2.609244E+10,30.131
2003,Turkmenistan,4863871,3.09076787E+10,40.568
2004,Turkmenistan,4958093,3.58575759E+10,49.355
2005,Turkmenistan,5052259,4.100051E+10,47.929
2006,Turkmenistan,5147104,4.602E+10,49.5
2007,Turkmenistan,5244047,5.16937032E+10,49.183
2008,Turkmenistan,5345034,6.00012923E+10,59.438
2009,Turkmenistan,5451596,6.4409215E+10,52.462
2010,Turkmenistan,5564355,7.111515E+10,59.184
2011,Turkmenistan,5683413,8.252029E+10,65.155
2012,Turkmenistan,5808547,8.758126E+10,66.939
2013,Turkmenistan,5939347,8.728612E+10,64.34
2014,Turkmenistan,6075286,9.063965E+10,62.799
2015,Turkmenistan,6215775,9.33461443E+10,64.323
2016,Turkmenistan,6360041,9.243415E+10,63.49
2017,Turkmenistan,6507065,9.678503E+10,63.44
2018,Turkmenistan,6655523,9.763867E+10,62.756
2019,Turkmenistan,6803942,9.432971E+10,63.178
2020,Turkmenistan,6949915,9.155923E+10,64.26
2021,Turkmenistan,7092041,9.578928E+10,63.435
2022,Turkmenistan,7230198,9.75029453E+10,64.154
1951,Uganda,5911171,5.80140237E+09,0.139
1952,Uganda,6077046,6.16263526E+09,0.143
1953,Uganda,6249442,6.43813427E+09,0.209
1954,Uganda,6428381,6.35040973E+09,0.22
1955,Uganda,6613776,6.76599347E+09,0.264
1956,Uganda,6805457,7.142697E+09,0.264
1957,Uganda,7003889,7.449859E+09,0.278
1958,Uganda,7209760,7.495622E+09,0.293
1959,Uganda,7423433,7.878386E+09,0.414
1960,Uganda,7640975,8.25673728E+09,0.421
1961,Uganda,7862220,8.16638566E+09,0.406
1962,Uganda,8092231,8.50380954E+09,0.428
1963,Uganda,8333661,9.47301E+09,0.432
1964,Uganda,8586366,1.019233E+10,0.491
1965,Uganda,8849210,1.04195031E+10,0.626
1966,Uganda,9122864,1.10593956E+10,0.732
1967,Uganda,9408921,1.16593848E+10,0.809
1968,Uganda,9708633,1.19578112E+10,0.981
1969,Uganda,10014863,1.32677673E+10,1.175
1970,Uganda,10321608,1.34647337E+10,1.443
1971,Uganda,10618205,1.38622085E+10,1.438
1972,Uganda,10885796,1.39461622E+10,1.378
1973,Uganda,11144237,1.38798694E+10,1.176
1974,Uganda,11424845,1.38952018E+10,1.19
1975,Uganda,11725239,1.36138609E+10,1.129
1976,Uganda,12037301,1.37041285E+10,0.985
1977,Uganda,12359671,1.39300485E+10,0.802
1978,Uganda,12692122,1.31657411E+10,0.695
1979,Uganda,13002168,1.17257574E+10,0.671
1980,Uganda,13275750,1.13222236E+10,0.626
1981,Uganda,13556457,1.1745408E+10,0.527
1982,Uganda,13873636,1.271272E+10,0.545
1983,Uganda,14221891,1.36589783E+10,0.614
1984,Uganda,14607680,1.2485804E+10,0.58
1985,Uganda,15023680,1.27510845E+10,0.617
1986,Uganda,15467581,1.27934013E+10,0.702
1987,Uganda,15954164,1.36111217E+10,0.769
1988,Uganda,16470484,1.45911286E+10,0.863
1989,Uganda,17010704,1.56372849E+10,0.8
1990,Uganda,17569895,1.62687662E+10,0.761
1991,Uganda,18155901,1.6538921E+10,0.78
1992,Uganda,18785037,1.74836163E+10,0.798
1993,Uganda,19445160,1.85996943E+10,0.797
1994,Uganda,20108803,1.99932928E+10,0.708
1995,Uganda,20665674,2.18111488E+10,0.925
1996,Uganda,21231553,2.321644E+10,1.018
1997,Uganda,21856044,2.42831217E+10,1.062
1998,Uganda,22515809,2.57353789E+10,1.209
1999,Uganda,23257278,2.7748053E+10,1.255
2000,Uganda,24000157,2.88390861E+10,1.361
2001,Uganda,24745678,3.1387263E+10,1.417
2002,Uganda,25532870,3.36268554E+10,1.446
2003,Uganda,26352121,3.55937976E+10,1.513
2004,Uganda,27154512,3.74113976E+10,1.607
2005,Uganda,27963287,4.09211167E+10,2.018
2006,Uganda,28794005,4.357225E+10,2.383
2007,Uganda,29653438,4.685386E+10,2.71
2008,Uganda,30539547,5.146891E+10,2.78
2009,Uganda,31451146,5.53036964E+10,3
2010,Uganda,32390800,5.92285368E+10,3.57
2011,Uganda,33354540,6.285584E+10,3.824
2012,Uganda,34337433,6.43222733E+10,3.627
2013,Uganda,35337050,6.685529E+10,3.755
2014,Uganda,36395544,7.069612E+10,4.09
2015,Uganda,37531444,7.635605E+10,4.526
2016,Uganda,38799153,7.64774646E+10,4.817
2017,Uganda,40177383,8.170087E+10,5.409
2018,Uganda,41565839,8.619604E+10,5.549
2019,Uganda,42999636,9.290383E+10,5.761
2020,Uganda,44457149,9.169515E+10,5.571
2021,Uganda,45910932,9.720052E+10,6.167
2022,Uganda,47312718,1.01995E+11,5.638
1973,Ukraine,48277120,3.79633E+11,530.912
1980,Ukraine,49955148,4.23745E+11,674.117
1981,Ukraine,50189280,4.36799E+11,661.046
1982,Ukraine,50402724,4.50251E+11,673.577
1983,Ukraine,50637026,4.69723E+11,683.055
1984,Ukraine,50887600,4.81091E+11,689.077
1985,Ukraine,51108771,4.78214E+11,743.415
1986,Ukraine,51318737,4.80702E+11,740.504
1987,Ukraine,51515727,4.94152E+11,733.884
1988,Ukraine,51724853,4.99008E+11,727.315
1989,Ukraine,51917826,5.19238E+11,683.654
1990,Ukraine,52054094,4.95935E+11,706.227
1991,Ukraine,52170967,4.60353E+11,632.924
1992,Ukraine,52323675,4.2171E+11,589.283
1993,Ukraine,52350122,3.67894E+11,510.32
1994,Ukraine,52076000,2.88419E+11,419.492
1995,Ukraine,51665535,2.57478E+11,390.072
1996,Ukraine,51226110,2.35603E+11,351.77
1997,Ukraine,50786882,2.32333E+11,340.514
1998,Ukraine,50379728,2.31737E+11,328.808
1999,Ukraine,49976444,2.35148E+11,298.579
2000,Ukraine,49556655,2.53196E+11,285.674
2001,Ukraine,49106855,2.8111E+11,303.891
2002,Ukraine,48677280,3.01087E+11,295.901
2003,Ukraine,48315132,3.35257E+11,307.245
2004,Ukraine,47979502,3.81078E+11,310.626
2005,Ukraine,47585558,3.99366E+11,313.531
2006,Ukraine,47278690,4.36787E+11,333.062
2007,Ukraine,47062802,4.80581E+11,336.82
2008,Ukraine,46819168,4.99592E+11,325.983
2009,Ukraine,46623732,4.31074E+11,277.593
2010,Ukraine,46456002,4.3943E+11,294.366
2011,Ukraine,46307852,4.71221E+11,308.376
2012,Ukraine,46210051,4.72277E+11,304.424
2013,Ukraine,46126762,4.72286E+11,297.479
2014,Ukraine,45972378,4.41233E+11,257.639
2015,Ukraine,45784903,3.98045E+11,223.788
2016,Ukraine,45616831,4.07666E+11,233.961
2017,Ukraine,45436036,4.17287E+11,223.081
2018,Ukraine,45208903,4.31842E+11,231.664
2019,Ukraine,44957450,4.45657E+11,221.943
2020,Ukraine,44680009,4.28931E+11,206.824
2021,Ukraine,44298641,4.43313E+11,210.153
2022,Ukraine,41048767,3.09167E+11,141.126
1959,United Arab Emirates,124948,3.342554E+09,0.011
1960,United Arab Emirates,131347,3.68479027E+09,0.011
1961,United Arab Emirates,138000,4.02703462E+09,0.011
1962,United Arab Emirates,144962,4.477177E+09,0.018
1963,United Arab Emirates,152223,4.93630362E+09,0.022
1964,United Arab Emirates,159701,5.44247245E+09,0.018
1965,United Arab Emirates,167119,5.99709542E+09,0.022
1966,United Arab Emirates,173989,6.609458E+09,0.026
1967,United Arab Emirates,179708,7.284736E+09,0.916
1968,United Arab Emirates,199431,8.028547E+09,1.242
1969,United Arab Emirates,239675,8.853532E+09,20.507
1970,United Arab Emirates,286550,9.759056E+09,15.235
1971,United Arab Emirates,335042,1.1392897E+10,21.167
1972,United Arab Emirates,385025,1.32982907E+10,23.435
1973,United Arab Emirates,436407,1.55239475E+10,30.605
1974,United Arab Emirates,489098,2.05522575E+10,31.302
1975,United Arab Emirates,542867,2.12116787E+10,31.045
1976,United Arab Emirates,615870,2.44011315E+10,39.617
1977,United Arab Emirates,710217,2.86561116E+10,38.751
1978,United Arab Emirates,809285,2.79846564E+10,44.754
1979,United Arab Emirates,912016,3.49496361E+10,36.546
1980,United Arab Emirates,1015709,4.41805865E+10,36.823
1981,United Arab Emirates,1099863,4.54161162E+10,36.767
1982,United Arab Emirates,1166384,4.167411E+10,36.753
1983,United Arab Emirates,1235309,3.95823063E+10,35.22
1984,United Arab Emirates,1306007,4.12737126E+10,46.156
1985,United Arab Emirates,1377918,4.03072532E+10,49.653
1986,United Arab Emirates,1467383,3.17508526E+10,47.03
1987,United Arab Emirates,1574258,3.288465E+10,47.45
1988,United Arab Emirates,1681795,3.280383E+10,48.096
1989,United Arab Emirates,1789858,3.628731E+10,54.186
1990,United Arab Emirates,1898221,4.064137E+10,51.704
1993,United Arab Emirates,2222099,5.51496622E+10,65.566
1994,United Arab Emirates,2328192,6.46544179E+10,75.011
1995,United Arab Emirates,2434666,7.524384E+10,72.464
1996,United Arab Emirates,2597571,8.775096E+10,75.412
1997,United Arab Emirates,2817411,1.04923E+11,72.92
1998,United Arab Emirates,3040434,1.15962E+11,80.106
1999,United Arab Emirates,3266012,1.31411E+11,77.316
2000,United Arab Emirates,3493584,1.60531E+11,111.813
2001,United Arab Emirates,3723596,1.77272E+11,101.418
2002,United Arab Emirates,3956828,1.95395E+11,84.649
2003,United Arab Emirates,4192465,2.24547E+11,106.443
2004,United Arab Emirates,4428966,2.52048E+11,111.703
2005,United Arab Emirates,4664796,2.62413E+11,114.399
2006,United Arab Emirates,5009106,3.07379E+11,121.705
2007,United Arab Emirates,5624639,3.67816E+11,133.125
2008,United Arab Emirates,6302669,4.64692E+11,153.684
2009,United Arab Emirates,6707063,4.80552E+11,168.013
2010,United Arab Emirates,6938372,4.90049E+11,184.842
2011,United Arab Emirates,7199437,5.5107E+11,197.573
2012,United Arab Emirates,7497124,5.77395E+11,207.392
2013,United Arab Emirates,7831852,6.06588E+11,213.335
2014,United Arab Emirates,8236880,6.31858E+11,209.98
2015,United Arab Emirates,8674629,6.74743E+11,225.684
2016,United Arab Emirates,9030873,7.12265E+11,226.605
2017,United Arab Emirates,9234330,7.175E+11,212.913
2018,United Arab Emirates,9346870,7.26928E+11,209.702
2019,United Arab Emirates,9377855,7.34983E+11,219.776
2020,United Arab Emirates,9448529,6.98549E+11,217.38
2021,United Arab Emirates,9789054,7.25905E+11,216.232
2022,United Arab Emirates,10242085,7.79702E+11,225.977
1951,United Kingdom,50346822,5.70993E+11,545.253
1952,United Kingdom,50496231,5.7001E+11,528.706
1953,United Kingdom,50727037,5.92393E+11,540.211
1954,United Kingdom,50958246,6.16541E+11,553.01
1955,United Kingdom,51176749,6.38914E+11,576.952
1956,United Kingdom,51400459,6.46915E+11,574.324
1957,United Kingdom,51655911,6.57224E+11,570.714
1958,United Kingdom,51935639,6.55877E+11,556.316
1959,United Kingdom,52226466,6.8239E+11,546.606
1960,United Kingdom,52538549,7.21686E+11,584.02
1961,United Kingdom,52884952,7.45529E+11,588.615
1962,United Kingdom,53272836,7.53069E+11,592.932
1963,United Kingdom,53652940,7.82013E+11,603.386
1964,United Kingdom,54009131,8.23417E+11,607.866
1965,United Kingdom,54359022,8.44871E+11,622.112
1966,United Kingdom,54676346,8.6101E+11,618.075
1967,United Kingdom,54973659,8.80333E+11,592.057
1968,United Kingdom,55240654,9.16166E+11,606.488
1969,United Kingdom,55456208,9.32854E+11,628.383
1970,United Kingdom,55663801,9.54756E+11,652.577
1971,United Kingdom,55890372,9.75018E+11,660.388
1972,United Kingdom,56079239,1.00953E+12,648.026
1973,United Kingdom,56188788,1.07743E+12,659.577
1974,United Kingdom,56224550,1.0628E+12,617.184
1975,United Kingdom,56220138,1.06156E+12,603.247
1976,United Kingdom,56201144,1.08539E+12,598.526
1977,United Kingdom,56175831,1.10897E+12,604.362
1978,United Kingdom,56175552,1.1485E+12,604.714
1979,United Kingdom,56218759,1.18011E+12,644.513
1980,United Kingdom,56282102,1.16074E+12,579.035
1981,United Kingdom,56304591,1.14564E+12,560.555
1982,United Kingdom,56292761,1.16341E+12,548.24
1983,United Kingdom,56332059,1.20467E+12,545.485
1984,United Kingdom,56451312,1.23477E+12,529.108
1985,United Kingdom,56606416,1.27843E+12,559.627
1986,United Kingdom,56751925,1.3346E+12,568.554
1987,United Kingdom,56886020,1.3981E+12,571.668
1988,United Kingdom,57026540,1.4678E+12,570.294
1989,United Kingdom,57182137,1.49984E+12,581.576
1990,United Kingdom,57367867,1.50569E+12,601.945
1991,United Kingdom,57555199,1.48808E+12,609.413
1992,United Kingdom,57719272,1.49175E+12,593.846
1993,United Kingdom,57861036,1.52751E+12,579.613
1994,United Kingdom,58003200,1.58537E+12,574.017
1995,United Kingdom,58154632,1.62386E+12,566.159
1996,United Kingdom,58298563,1.66345E+12,586.761
1997,United Kingdom,58447090,1.71386E+12,562.708
1998,United Kingdom,58626822,1.76662E+12,568.544
1999,United Kingdom,58838660,1.82334E+12,561.65
2000,United Kingdom,59057336,1.88957E+12,569.034
2001,United Kingdom,59288095,1.93927E+12,577.971
2002,United Kingdom,59540763,1.98399E+12,560.273
2003,United Kingdom,59820385,2.05063E+12,571.619
2004,United Kingdom,60169964,2.09953E+12,573.43
2005,United Kingdom,60596108,2.16173E+12,570.338
2006,United Kingdom,61051093,2.21262E+12,567.846
2007,United Kingdom,61535860,2.26763E+12,559.566
2008,United Kingdom,62027303,2.25203E+12,544.932
2009,United Kingdom,62506221,2.15148E+12,494.108
2010,United Kingdom,63006484,2.19092E+12,511.905
2011,United Kingdom,63509285,2.22301E+12,469.713
2012,United Kingdom,63960487,2.25521E+12,487.477
2013,United Kingdom,64389386,2.29625E+12,477.611
2014,United Kingdom,64865914,2.36973E+12,438.807
2015,United Kingdom,65382107,2.42644E+12,422.461
2016,United Kingdom,65893359,2.47897E+12,399.43
2017,United Kingdom,66354474,2.53955E+12,387.367
2018,United Kingdom,66752473,2.58285E+12,379.73
2019,United Kingdom,67110958,2.62429E+12,364.753
2020,United Kingdom,67351860,2.3348E+12,326.263
2021,United Kingdom,67668789,2.51219E+12,344.51
2022,United Kingdom,68179315,2.61523E+12,313.835
1951,United States,156481322,2.49741E+12,2618.711
1952,United States,158794225,2.5908E+12,2551.219
1953,United States,161168319,2.70983E+12,2612.971
1954,United States,163636304,2.69189E+12,2489.462
1955,United States,166200030,2.88222E+12,2728.512
1956,United States,168824963,2.93841E+12,2859.995
1957,United States,171499235,2.99355E+12,2835.772
1958,United States,174215305,2.96355E+12,2747.108
1959,United States,177145772,3.18316E+12,2831.923
1960,United States,180274554,3.26238E+12,2897.315
1961,United States,183489491,3.33858E+12,2886.873
1962,United States,186724277,3.53975E+12,2993.902
1963,United States,189825228,3.69287E+12,3126.488
1964,United States,192819456,3.90686E+12,3264.313
1965,United States,195653775,4.15614E+12,3399.547
1966,United States,198265397,4.4283E+12,3571.421
1967,United States,200699913,4.53898E+12,3705.461
1968,United States,203011021,4.75493E+12,3840.919
1969,United States,205300032,4.90377E+12,4035.145
1970,United States,207796339,4.91264E+12,4339.686
1971,United States,210426424,5.06568E+12,4365.465
1972,United States,212842574,5.3343E+12,4573.015
1973,United States,215006548,5.6372E+12,4785.434
1974,United States,217076474,5.62137E+12,4621.419
1975,United States,219129300,5.60579E+12,4478.563
1976,United States,221168756,5.89959E+12,4748.111
1977,United States,223259417,6.16691E+12,4889.953
1978,United States,225396098,6.51862E+12,4941.708
1979,United States,227575083,6.74017E+12,5008.956
1980,United States,229858654,6.74321E+12,4808.877
1981,United States,232201613,6.91187E+12,4686.743
1982,United States,234583158,6.78221E+12,4447.602
1983,United States,236986362,7.06624E+12,4429.711
1984,United States,239353968,7.58111E+12,4662.488
1985,United States,241690439,7.87487E+12,4652.938
1986,United States,243953810,8.14603E+12,4663.711
1987,United States,246161292,8.43257E+12,4826.013
1988,United States,248393235,8.7872E+12,5050.858
1989,United States,250675047,9.09129E+12,5132.543
1990,United States,253373385,9.25038E+12,5120.957
1991,United States,256471425,9.22469E+12,5062.957
1992,United States,259606020,9.552659E+12,5174.228
1993,United States,262633235,9.81494E+12,5272.851
1994,United States,265474811,1.02112E+13,5364.279
1995,United States,268205794,1.04889E+13,5425.259
1996,United States,270860696,1.0887E+13,5612.983
1997,United States,273468014,1.13756E+13,5688.142
1998,United States,276119323,1.18818E+13,5733.281
1999,United States,278785482,1.24384E+13,5803.918
2000,United States,281484127,1.29474E+13,6010.136
2001,United States,284279629,1.30738E+13,5907.74
2002,United States,287084336,1.33073E+13,5946.308
2003,United States,289908091,1.36809E+13,6010.146
2004,United States,292786247,1.41989E+13,6112.655
2005,United States,295716665,1.46738E+13,6132.183
2006,United States,298730210,1.50652E+13,6052.686
2007,United States,301844227,1.53332E+13,6130.123
2008,United States,304970328,1.52886E+13,5915.119
2009,United States,308023451,1.4864E+13,5480.726
2010,United States,311062786,1.52396E+13,5679.715
2011,United States,314105078,1.54779E+13,5546.116
2012,United States,317115348,1.58309E+13,5344.086
2013,United States,320110753,1.61225E+13,5480.157
2014,United States,323115378,1.64913E+13,5528.681
2015,United States,326126498,1.69376E+13,5376.473
2016,United States,329179421,1.72201E+13,5252.932
2017,United States,332204656,1.76061E+13,5212.162
2018,United States,335056495,1.81247E+13,5377.797
2019,United States,337790068,1.85406E+13,5262.145
2020,United States,339436157,1.80274E+13,4714.628
2021,United States,340161441,1.90994E+13,5032.213
2022,United States,341534041,1.94932E+13,5078.871
1951,Uruguay,2256416,1.67796572E+10,2.622
1952,Uruguay,2281111,1.65660518E+10,3.153
1953,Uruguay,2308051,1.83398769E+10,3.505
1954,Uruguay,2336874,1.916476E+10,3.736
1955,Uruguay,2367034,1.923924E+10,3.919
1956,Uruguay,2398370,1.965191E+10,4.022
1957,Uruguay,2430772,1.98264648E+10,4.432
1958,Uruguay,2463868,1.916168E+10,3.977
1959,Uruguay,2497153,1.85879142E+10,4.388
1960,Uruguay,2529964,1.93441956E+10,4.315
1961,Uruguay,2562047,1.98437663E+10,4.117
1962,Uruguay,2593293,1.94832978E+10,4.007
1963,Uruguay,2623766,1.96092273E+10,4.315
1964,Uruguay,2653182,1.99717478E+10,4.553
1965,Uruguay,2681172,2.01931121E+10,5.516
1966,Uruguay,2707655,2.09342464E+10,5.399
1967,Uruguay,2732282,2.00783688E+10,4.879
1968,Uruguay,2754606,2.04163912E+10,4.878
1969,Uruguay,2773985,2.16863887E+10,5.589
1970,Uruguay,2790810,2.26739814E+10,5.736
1971,Uruguay,2806462,2.24189911E+10,5.802
1972,Uruguay,2821648,2.16260669E+10,6.069
1973,Uruguay,2837142,2.23469978E+10,5.769
1974,Uruguay,2853947,2.32052285E+10,5.677
1975,Uruguay,2872328,2.43531715E+10,5.962
1976,Uruguay,2891395,2.53284332E+10,5.887
1977,Uruguay,2909470,2.576705E+10,5.64
1978,Uruguay,2925715,2.747225E+10,5.729
1979,Uruguay,2939907,2.90409247E+10,6.262
1980,Uruguay,2951956,3.089978E+10,5.819
1981,Uruguay,2963250,3.03112643E+10,5.356
1982,Uruguay,2975488,2.84275036E+10,4.854
1983,Uruguay,2988778,2.675155E+10,3.804
1984,Uruguay,3002495,2.648544E+10,3.438
1985,Uruguay,3017043,2.6809813E+10,3.284
1986,Uruguay,3032845,2.91824681E+10,3.165
1987,Uruguay,3049897,3.1419945E+10,3.543
1988,Uruguay,3067959,3.14654085E+10,4.786
1989,Uruguay,3086255,3.182184E+10,4.853
1990,Uruguay,3104403,3.204855E+10,3.967
1991,Uruguay,3122358,3.30687631E+10,4.528
1992,Uruguay,3139703,3.559818E+10,5.143
1993,Uruguay,3156351,3.64711363E+10,4.439
1994,Uruguay,3172839,3.90364E+10,4.03
1995,Uruguay,3189438,3.839957E+10,4.557
1996,Uruguay,3206330,4.03816161E+10,5.405
1997,Uruguay,3223350,4.24117576E+10,5.514
1998,Uruguay,3239286,4.428008E+10,5.639
1999,Uruguay,3254020,4.316761E+10,6.682
2000,Uruguay,3266211,4.2357506E+10,5.268
2001,Uruguay,3274257,4.05982249E+10,5.03
2002,Uruguay,3278867,3.72508672E+10,4.558
2003,Uruguay,3281189,3.74832046E+10,4.527
2004,Uruguay,3283158,3.92702034E+10,5.565
2005,Uruguay,3285775,4.198812E+10,5.727
2006,Uruguay,3289508,4.3608064E+10,6.597
2007,Uruguay,3295155,4.619743E+10,5.948
2008,Uruguay,3302183,4.9266E+10,8.202
2009,Uruguay,3310093,5.02916956E+10,7.947
2010,Uruguay,3318582,5.464287E+10,6.298
2011,Uruguay,3326829,5.742777E+10,7.653
2012,Uruguay,3335405,5.94595676E+10,8.592
2013,Uruguay,3345335,6.22173E+10,7.489
2014,Uruguay,3356342,6.42325176E+10,6.681
2015,Uruguay,3368022,6.447083E+10,6.738
2016,Uruguay,3379280,6.55603876E+10,6.518
2017,Uruguay,3388444,6.662771E+10,6.159
2018,Uruguay,3394539,6.69461832E+10,6.567
2019,Uruguay,3397205,6.71804948E+10,6.409
2020,Uruguay,3398967,6.30724157E+10,6.474
2021,Uruguay,3396692,6.58488566E+10,7.833
2022,Uruguay,3390913,6.906623E+10,7.82
1973,Uzbekistan,12831047,1.06825E+11,70.74
1980,Uzbekistan,15619936,1.19203E+11,89.841
1981,Uzbekistan,16035030,1.23443E+11,88.246
1982,Uzbekistan,16462742,1.27807E+11,89.929
1983,Uzbekistan,16908401,1.31736E+11,91.223
1984,Uzbekistan,17378854,1.27454E+11,92.068
1985,Uzbekistan,17875337,1.30802E+11,99.241
1986,Uzbekistan,18395619,1.29229E+11,95.196
1987,Uzbekistan,18930069,1.28383E+11,97.647
1988,Uzbekistan,19460634,1.39357E+11,101.068
1989,Uzbekistan,19977193,1.42094E+11,104.087
1990,Uzbekistan,20464963,1.39399E+11,103.087
1991,Uzbekistan,20962908,1.36578E+11,102.287
1992,Uzbekistan,21485096,1.19511E+11,110.984
1993,Uzbekistan,21987959,1.14918E+11,115.617
1994,Uzbekistan,22463293,1.07242E+11,109.785
1995,Uzbekistan,22917586,1.04616E+11,104.803
1996,Uzbekistan,23351981,1.04748E+11,108.184
1997,Uzbekistan,23758960,1.08487E+11,109.028
1998,Uzbekistan,24134929,1.11389E+11,120.975
1999,Uzbekistan,24476012,1.14383E+11,123.587
2000,Uzbekistan,24787051,1.16876E+11,123.477
2001,Uzbekistan,25090288,1.1989E+11,126.221
2002,Uzbekistan,25399988,1.22758E+11,132.575
2003,Uzbekistan,25711261,1.25924E+11,130.294
2004,Uzbekistan,26029350,1.33132E+11,129.098
2005,Uzbekistan,26356977,1.40239E+11,121.6
2006,Uzbekistan,26699044,1.48405E+11,124.901
2007,Uzbekistan,27076013,1.59994E+11,123.821
2008,Uzbekistan,27494779,1.71693E+11,128.388
2009,Uzbekistan,27939333,1.82716E+11,109.227
2010,Uzbekistan,28385508,1.9516E+11,107.666
2011,Uzbekistan,28823194,2.08063E+11,116.756
2012,Uzbekistan,29261908,2.2284E+11,118.858
2013,Uzbekistan,29724066,2.39101E+11,112.286
2014,Uzbekistan,30222995,2.55536E+11,107.4
2015,Uzbekistan,30749349,2.73984E+11,103.696
2016,Uzbekistan,31284565,2.90236E+11,110.139
2017,Uzbekistan,31819172,3.02992E+11,108.931
2018,Uzbekistan,32373490,3.20808E+11,102.288
2019,Uzbekistan,32964702,3.39999E+11,108.429
2020,Uzbekistan,33586372,3.46785E+11,109.632
2021,Uzbekistan,34243696,3.72458E+11,120.241
2022,Uzbekistan,34938955,3.93572E+11,125.039
1951,Venezuela,5732602,4.715664E+10,47.38
1952,Venezuela,5981378,5.063694E+10,50.743
1953,Venezuela,6234772,5.390546E+10,47.855
1954,Venezuela,6492813,5.93053942E+10,51.199
1955,Venezuela,6755819,6.479639E+10,59.751
1956,Venezuela,7024322,7.161867E+10,65.008
1957,Venezuela,7299443,7.991591E+10,69.583
1958,Venezuela,7581980,8.109914E+10,54.455
1959,Venezuela,7869229,8.777912E+10,65.149
1960,Venezuela,8160085,9.155435E+10,57.017
1961,Venezuela,8455922,9.59868846E+10,51.88
1962,Venezuela,8756880,1.04626E+11,54.056
1963,Venezuela,9064020,1.11736E+11,56.152
1964,Venezuela,9377715,1.22695E+11,56.55
1965,Venezuela,9697795,1.30095E+11,60.73
1966,Venezuela,10024859,1.33054E+11,56.974
1967,Venezuela,10358515,1.38361E+11,65.752
1968,Venezuela,10697536,1.45799E+11,65.572
1969,Venezuela,11040280,1.52245E+11,68.933
1970,Venezuela,11387793,1.64479E+11,74.489
1971,Venezuela,11741013,1.69417E+11,62.5
1972,Venezuela,12099184,1.74289E+11,62.514
1973,Venezuela,12463538,1.84818E+11,66.433
1974,Venezuela,12835356,1.95789E+11,75.058
1975,Venezuela,13215889,2.0768E+11,63.75
1976,Venezuela,13606285,2.24671E+11,57.273
1977,Venezuela,14006819,2.38919E+11,63.65
1978,Venezuela,14416681,2.43525E+11,68.591
1979,Venezuela,14834552,2.45975E+11,76.447
1980,Venezuela,15258226,2.40274E+11,90.641
1981,Venezuela,15687305,2.38869E+11,91.792
1982,Venezuela,16121875,2.40919E+11,93.201
1983,Venezuela,16562202,2.27675E+11,92.908
1984,Venezuela,17008838,2.24956E+11,93.003
1985,Venezuela,17461432,2.25557E+11,101.027
1986,Venezuela,17923541,2.39957E+11,109.24
1987,Venezuela,18394970,2.48343E+11,110.661
1988,Venezuela,18871020,2.6296E+11,115.752
1989,Venezuela,19348925,2.40347E+11,108.571
1990,Venezuela,19827007,2.56079E+11,120.764
1991,Venezuela,20304898,2.82132E+11,114.107
1992,Venezuela,20780945,3.01055E+11,104.628
1993,Venezuela,21254524,3.03264E+11,122.944
1994,Venezuela,21725187,2.97729E+11,118.956
1995,Venezuela,22193822,3.10657E+11,124.731
1996,Venezuela,22662116,3.11633E+11,118.253
1997,Venezuela,23131691,3.32908E+11,129.667
1998,Venezuela,23601340,3.35632E+11,134.907
1999,Venezuela,24066596,3.16971E+11,143.05
2000,Venezuela,24526708,3.30236E+11,142.835
2001,Venezuela,24979933,3.43313E+11,130.534
2002,Venezuela,25435673,3.14004E+11,164.153
2003,Venezuela,25892711,2.91334E+11,154.262
2004,Venezuela,26340843,3.46317E+11,142.767
2005,Venezuela,26785797,3.8357E+11,148.311
2006,Venezuela,27224691,4.23879E+11,155.597
2007,Venezuela,27649367,4.62277E+11,153.962
2008,Venezuela,28053694,4.88287E+11,155.505
2009,Venezuela,28438296,4.74359E+11,151.848
2010,Venezuela,28813101,4.77592E+11,189.317
2011,Venezuela,29185219,5.02689E+11,168.413
2012,Venezuela,29553828,5.3097E+11,175.72
2013,Venezuela,29912196,5.38101E+11,198.427
2014,Venezuela,30254080,5.17147E+11,175.961
2015,Venezuela,30573970,4.84975E+11,166.3
2016,Venezuela,30765718,4.02336E+11,152.711
2017,Venezuela,30565331,3.39286E+11,139.073
2018,Venezuela,29807592,2.72599E+11,111.225
2019,Venezuela,28938095,1.97171E+11,105.287
2020,Venezuela,28444078,1.38029E+11,80.927
2021,Venezuela,28237831,1.38656E+11,78.46
2022,Venezuela,28213016,1.49682E+11,87.515
1951,Vietnam,25600272,2.78054748E+10,1.285
1952,Vietnam,26143916,2.90290053E+10,1.864
1953,Vietnam,26757963,3.03318467E+10,1.75
1954,Vietnam,27427908,3.17541028E+10,2.67
1955,Vietnam,28166450,3.31469844E+10,3.524
1956,Vietnam,28922316,3.45026355E+10,2.908
1957,Vietnam,29754431,3.58132E+10,2.876
1958,Vietnam,30658455,3.7248766E+10,5.015
1959,Vietnam,31585549,3.87218227E+10,6.605
1960,Vietnam,32531930,4.03301048E+10,7.484
1961,Vietnam,33409061,4.231556E+10,7.978
1962,Vietnam,34288563,4.76863529E+10,9.338
1963,Vietnam,35249106,4.91150459E+10,9.11
1964,Vietnam,36201568,5.151335E+10,11.788
1965,Vietnam,37129661,5.20871977E+10,13.15
1966,Vietnam,38024835,5.254012E+10,19.181
1967,Vietnam,38895083,4.59754578E+10,22.962
1968,Vietnam,39734609,4.51298427E+10,23.601
1969,Vietnam,40582099,4.89365545E+10,27.056
1970,Vietnam,41475227,4.98998641E+10,28.173
1971,Vietnam,42449280,5.242447E+10,24.504
1972,Vietnam,43429170,5.706911E+10,23.035
1973,Vietnam,44409864,6.096675E+10,25.068
1974,Vietnam,45413538,5.85340641E+10,19.058
1975,Vietnam,46482906,5.44211354E+10,21.771
1976,Vietnam,47684927,6.356219E+10,13.899
1977,Vietnam,48954875,6.58956943E+10,15.247
1978,Vietnam,50249550,6.6386604E+10,15.388
1979,Vietnam,51378214,6.67309179E+10,16.25
1980,Vietnam,52490098,6.48342528E+10,16.789
1981,Vietnam,53738141,6.71459738E+10,17.695
1982,Vietnam,55011292,7.25918351E+10,18.342
1983,Vietnam,56337919,7.656265E+10,19.27
1984,Vietnam,57706070,8.34421E+10,17.495
1985,Vietnam,59060621,8.839691E+10,21.097
1986,Vietnam,60347045,9.099238E+10,20.585
1987,Vietnam,61584645,9.42397358E+10,23.297
1988,Vietnam,62843234,9.991286E+10,23.073
1989,Vietnam,64147353,1.04599E+11,17.398
1990,Vietnam,65504551,1.0994E+11,21.299
1991,Vietnam,66891779,1.15934E+11,21.376
1992,Vietnam,68260336,1.25544E+11,21.466
1993,Vietnam,69586394,1.35211E+11,22.853
1994,Vietnam,70854393,1.46641E+11,27.362
1995,Vietnam,72049945,1.60152E+11,30.089
1996,Vietnam,73156454,1.74451E+11,35.482
1997,Vietnam,74226890,1.88059E+11,45.502
1998,Vietnam,75299665,1.98278E+11,47.866
1999,Vietnam,76287455,2.07067E+11,48.548
2000,Vietnam,77154015,2.20383E+11,53.935
2001,Vietnam,77969356,2.34846E+11,60.984
2002,Vietnam,78772227,2.50683E+11,69.528
2003,Vietnam,79563778,2.68203E+11,77.262
2004,Vietnam,80338978,2.88149E+11,88.939
2005,Vietnam,81088309,3.08989E+11,95.846
2006,Vietnam,82167900,3.29425E+11,99.652
2007,Vietnam,83633377,3.51786E+11,101.43
2008,Vietnam,85175789,3.70682E+11,114.303
2009,Vietnam,86460023,3.89671E+11,124.493
2010,Vietnam,87455150,4.13666E+11,139.564
2011,Vietnam,88468314,4.38355E+11,152.56
2012,Vietnam,89510357,4.62486E+11,144.28
2013,Vietnam,90573104,4.88173E+11,151.438
2014,Vietnam,91679583,5.19523E+11,179.971
2015,Vietnam,92823254,5.55822E+11,213.311
2016,Vietnam,94000115,5.93007E+11,220.98
2017,Vietnam,95176979,6.34161E+11,227.613
2018,Vietnam,96237319,6.81501E+11,255.319
2019,Vietnam,97173778,7.31653E+11,339.147
2020,Vietnam,98079196,7.5263E+11,362.46
2021,Vietnam,98935101,7.71912E+11,313.973
2022,Vietnam,99680656,8.33804E+11,297.634
1951,Yemen,4684152,7.12352973E+09,0.04
1952,Yemen,4758169,7.31172E+09,0.059
1953,Yemen,4837297,7.500629E+09,0.07
1954,Yemen,4921134,7.702441E+09,4.455
1955,Yemen,5009670,7.908521E+09,2.484
1956,Yemen,5103101,8.11319962E+09,2.33
1957,Yemen,5201613,8.33510451E+09,2.957
1958,Yemen,5305736,8.55269171E+09,1.883
1959,Yemen,5415918,8.782463E+09,2.601
1960,Yemen,5532299,9.025005E+09,3.631
1961,Yemen,5655234,9.260464E+09,2.664
1962,Yemen,5782225,9.510606E+09,3.884
1963,Yemen,5911141,9.797187E+09,2.917
1964,Yemen,6048015,1.0052053E+10,3.631
1965,Yemen,6195597,1.03380091E+10,3.928
1966,Yemen,6351492,1.06327316E+10,3.462
1967,Yemen,6516449,1.09470351E+10,3.052
1968,Yemen,6690523,1.124257E+10,11.637
1969,Yemen,6875858,1.15697807E+10,4.675
1970,Yemen,7065279,1.39196467E+10,2.51
1971,Yemen,7257468,1.6344617E+10,1.971
1972,Yemen,7460068,1.765106E+10,1.495
1973,Yemen,7672797,1.98128148E+10,2.73
1974,Yemen,7896789,2.09618166E+10,2.246
1975,Yemen,8133602,2.256571E+10,2.169
1976,Yemen,8384120,2.60884726E+10,2.564
1977,Yemen,8648222,2.896015E+10,2.978
1978,Yemen,8926592,3.14188063E+10,3.102
1979,Yemen,9224195,3.316166E+10,3.218
1980,Yemen,9543357,3.33337887E+10,3.314
1981,Yemen,9882367,3.537265E+10,4.225
1982,Yemen,10241006,3.596497E+10,5.934
1983,Yemen,10621501,3.802606E+10,6.286
1984,Yemen,11025596,3.94952172E+10,7.097
1985,Yemen,11453825,3.91769129E+10,8.573
1986,Yemen,11901044,4.00435323E+10,8.192
1987,Yemen,12369913,4.164619E+10,8.627
1988,Yemen,12859721,4.34317353E+10,9.55
1989,Yemen,13364177,4.49609564E+10,9.935
1990,Yemen,13887864,4.497104E+10,9.52
1991,Yemen,14430206,4.717444E+10,9.127
1992,Yemen,14989498,5.02599148E+10,9.874
1993,Yemen,15563920,5.15486761E+10,8.625
1994,Yemen,16149148,5.434118E+10,9.91
1995,Yemen,16740058,5.67058227E+10,11.062
1996,Yemen,17313181,5.892787E+10,11.303
1997,Yemen,17873943,6.18263224E+10,12.171
1998,Yemen,18446016,6.56131523E+10,12.843
1999,Yemen,19029421,6.825512E+10,14.688
2000,Yemen,19624139,7.259951E+10,15.725
2001,Yemen,20226145,7.547291E+10,17.077
2002,Yemen,20835092,7.858648E+10,16.581
2003,Yemen,21456380,8.15754445E+10,18.482
2004,Yemen,22095162,8.484743E+10,19.977
2005,Yemen,22790082,8.971171E+10,21.662
2006,Yemen,23543089,9.269166E+10,23.791
2007,Yemen,24318089,9.590672E+10,23.571
2008,Yemen,25111939,9.952099E+10,24.407
2009,Yemen,25927724,1.03506E+11,26.777
2010,Yemen,26754384,1.11623E+11,25.713
2011,Yemen,27582901,9.762332E+10,22.515
2012,Yemen,28433654,9.995945E+10,20.355
2013,Yemen,29312956,1.04781E+11,27.16
2014,Yemen,30226310,1.04583E+11,26.48
2015,Yemen,31159379,7.530532E+10,14.08
2016,Yemen,32109023,6.82454426E+10,10.007
2017,Yemen,33090925,6.47840358E+10,9.695
2018,Yemen,34085182,6.52712141E+10,11.595
2019,Yemen,35111417,6.618501E+10,11.837
2020,Yemen,36134868,6.05592822E+10,10.884
2021,Yemen,37140233,5.99536927E+10,10.871
2022,Yemen,38222880,6.0852994E+10,10.296
1951,Zambia,2393307,2.864267E+09,2.569
1952,Zambia,2467262,3.04608E+09,2.89
1953,Zambia,2543548,3.237056E+09,3.15
1954,Zambia,2622274,3.4468E+09,3.464
1955,Zambia,2703549,3.365337E+09,4.085
1956,Zambia,2787417,3.76448E+09,4.453
1957,Zambia,2874074,3.926832E+09,4.584
1958,Zambia,2963873,3.827278E+09,4.095
1959,Zambia,3057056,4.626234E+09,4.568
1960,Zambia,3153731,4.97862E+09,4.355
1961,Zambia,3254086,4.988815E+09,3.709
1962,Zambia,3358099,4.936503E+09,3.583
1963,Zambia,3465912,5.044504E+09,3.444
1964,Zambia,3577016,5.715212E+09,3.275
1965,Zambia,3692090,6.752632E+09,3.912
1966,Zambia,3812003,6.385302E+09,3.498
1967,Zambia,3936350,6.8835E+09,4.788
1968,Zambia,4065602,6.979669E+09,4.568
1969,Zambia,4197117,6.939009E+09,4.271
1970,Zambia,4321727,7.27025664E+09,3.766
1971,Zambia,4442527,7.26915226E+09,3.787
1972,Zambia,4569311,7.935941E+09,4.061
1973,Zambia,4702696,7.860499E+09,4.586
1974,Zambia,4842749,8.4975703E+09,4.197
1975,Zambia,4990086,8.168468E+09,4.076
1976,Zambia,5143847,8.649445E+09,4.019
1977,Zambia,5302477,8.231716E+09,3.735
1978,Zambia,5465378,8.277047E+09,3.471
1979,Zambia,5631735,8.02691738E+09,3.596
1980,Zambia,5802841,8.276076E+09,3.523
1981,Zambia,5983300,8.781337E+09,3.358
1982,Zambia,6178638,8.531077E+09,3.511
1983,Zambia,6381045,8.369125E+09,3.261
1984,Zambia,6580498,8.3337856E+09,2.804
1985,Zambia,6780954,8.48083149E+09,2.733
1986,Zambia,6986475,8.54071245E+09,2.866
1987,Zambia,7191286,8.760605E+09,2.674
1988,Zambia,7391450,9.313933E+09,3.109
1989,Zambia,7589226,9.411492E+09,2.57
1990,Zambia,7786165,1.02513418E+10,2.407
1991,Zambia,7981654,1.05091277E+10,2.382
1992,Zambia,8176676,1.106231E+10,2.425
1993,Zambia,8373922,1.14129623E+10,2.466
1994,Zambia,8576269,1.02211072E+10,2.393
1995,Zambia,8785768,1.08655575E+10,2.142
1996,Zambia,9004058,1.192323E+10,1.838
1997,Zambia,9237064,1.27749908E+10,2.354
1998,Zambia,9482414,1.31309691E+10,2.278
1999,Zambia,9740012,1.41884058E+10,1.778
2000,Zambia,10017634,1.52114074E+10,1.784
2001,Zambia,10325186,1.651907E+10,1.886
2002,Zambia,10647957,1.782794E+10,1.961
2003,Zambia,10983603,1.969124E+10,2.074
2004,Zambia,11338200,2.17702523E+10,2.104
2005,Zambia,11718820,2.4119806E+10,2.243
2006,Zambia,12129559,2.69086536E+10,2.231
2007,Zambia,12565093,3.01526077E+10,2.294
2008,Zambia,13021327,3.35946035E+10,2.553
2009,Zambia,13490394,3.791954E+10,2.94
2010,Zambia,13965592,4.32218563E+10,3.12
2011,Zambia,14437795,4.71439155E+10,3.372
2012,Zambia,14913632,5.07259167E+10,4.166
2013,Zambia,15399000,5.32911227E+10,4.416
2014,Zambia,15895318,5.57947453E+10,4.877
2015,Zambia,16399090,5.742395E+10,5.065
2016,Zambia,16914428,5.95928474E+10,5.864
2017,Zambia,17441329,6.16809841E+10,6.85
2018,Zambia,17973572,6.41698161E+10,7.419
2019,Zambia,18513841,6.50944963E+10,7.751
2020,Zambia,19059395,6.328161E+10,8.144
2021,Zambia,19603610,6.61919375E+10,7.786
2022,Zambia,20152934,6.84696044E+10,7.522
1951,Zimbabwe,2880901,3.396533E+09,3.506
1952,Zimbabwe,2972914,3.55536666E+09,3.944
1953,Zimbabwe,3067169,3.864261E+09,4.299
1954,Zimbabwe,3163885,4.071253E+09,4.727
1955,Zimbabwe,3263220,4.3908137E+09,5.574
1956,Zimbabwe,3365534,5.019289E+09,6.077
1957,Zimbabwe,3471158,5.37105869E+09,6.255
1958,Zimbabwe,3580186,5.43544269E+09,5.588
1959,Zimbabwe,3692810,5.72936E+09,6.233
1960,Zimbabwe,3809393,5.996345E+09,5.943
1961,Zimbabwe,3930400,6.309539E+09,5.061
1962,Zimbabwe,4055968,6.403771E+09,4.889
1963,Zimbabwe,4185876,6.33623962E+09,4.7
1964,Zimbabwe,4320003,6.89210266E+09,4.469
1965,Zimbabwe,4458460,7.346507E+09,5.209
1966,Zimbabwe,4601225,7.4518E+09,6.041
1967,Zimbabwe,4748308,8.082609E+09,5.294
1968,Zimbabwe,4900440,8.23353242E+09,6.378
1969,Zimbabwe,5058186,9.2657E+09,6.744
1970,Zimbabwe,5215918,1.12661975E+10,8.154
1971,Zimbabwe,5374719,1.22607913E+10,8.733
1972,Zimbabwe,5542444,1.3293054E+10,8.216
1973,Zimbabwe,5720412,1.37024492E+10,9.271
1974,Zimbabwe,5908337,1.40425175E+10,9.047
1975,Zimbabwe,6098655,1.41739162E+10,8.311
1976,Zimbabwe,6287108,1.40517519E+10,10.855
1977,Zimbabwe,6449517,1.292554E+10,9.284
1978,Zimbabwe,6543572,1.32908257E+10,9.28
1979,Zimbabwe,6647557,1.32921651E+10,9.432
1980,Zimbabwe,7041304,1.47988142E+10,9.614
1981,Zimbabwe,7498642,1.66637476E+10,9.405
1982,Zimbabwe,7796501,1.71058135E+10,8.78
1983,Zimbabwe,8098407,1.7363073E+10,10.425
1984,Zimbabwe,8391496,1.70345892E+10,9.88
1985,Zimbabwe,8686815,1.82167183E+10,10.214
1986,Zimbabwe,8982580,1.87033825E+10,13.068
1987,Zimbabwe,9284650,1.84698245E+10,15.17
1988,Zimbabwe,9583100,2.02099384E+10,16.029
1989,Zimbabwe,9864797,2.15225446E+10,16.114
1990,Zimbabwe,10137286,2.19370557E+10,15.537
1991,Zimbabwe,10404820,2.31898563E+10,15.491
1992,Zimbabwe,10702697,2.11337789E+10,16.702
1993,Zimbabwe,10860286,2.1406462E+10,16.032
1994,Zimbabwe,10873145,2.34474967E+10,17.383
1995,Zimbabwe,10974606,2.35698E+10,15.017
1996,Zimbabwe,11158363,2.61457756E+10,14.894
1997,Zimbabwe,11369833,2.70125588E+10,13.901
1998,Zimbabwe,11594299,2.7984298E+10,14.127
1999,Zimbabwe,11783451,2.784129E+10,15.724
2000,Zimbabwe,11892057,2.67650048E+10,13.815
2001,Zimbabwe,11971904,2.6781182E+10,12.509
2002,Zimbabwe,12087661,2.487248E+10,11.896
2003,Zimbabwe,12232324,2.09520169E+10,10.61
2004,Zimbabwe,12365901,1.97928448E+10,9.429
2005,Zimbabwe,12483433,1.84444723E+10,10.698
2006,Zimbabwe,12636443,1.80429988E+10,10.365
2007,Zimbabwe,12804062,1.77691054E+10,9.835
2008,Zimbabwe,12959154,1.50502451E+10,7.72
2009,Zimbabwe,13142793,1.6275797E+10,8.25
2010,Zimbabwe,13356552,1.79184189E+10,8.754
2011,Zimbabwe,13595422,1.95541053E+10,10.363
2012,Zimbabwe,13817886,2.28114268E+10,11.254
2013,Zimbabwe,14013810,2.32619561E+10,11.671
2014,Zimbabwe,14207367,2.38188442E+10,11.946
2015,Zimbabwe,14399009,2.424616E+10,12.017
2016,Zimbabwe,14600297,2.43620516E+10,10.581
2017,Zimbabwe,14812484,2.55760138E+10,9.827
2018,Zimbabwe,15034457,2.67862733E+10,11.205
2019,Zimbabwe,15271377,2.51464172E+10,10.263
2020,Zimbabwe,15526888,2.31787069E+10,8.495
2021,Zimbabwe,15797220,2.51400888E+10,10.204
2022,Zimbabwe,16069061,2.59015864E+10,10.425
1951,Hong Kong,2069493,7.535992E+09,1.557
1952,Hong Kong,2164804,8.2115753E+09,1.535
1953,Hong Kong,2264327,8.899769E+09,1.729
1954,Hong Kong,2368614,9.659394E+09,1.799
1955,Hong Kong,2478200,1.05091113E+10,1.879
1956,Hong Kong,2594258,1.14475264E+10,2.121
1957,Hong Kong,2717186,1.24482386E+10,2.363
1958,Hong Kong,2845504,1.34747464E+10,2.374
1959,Hong Kong,2974551,1.44744612E+10,2.703
1960,Hong Kong,3094854,1.53901292E+10,2.953
1961,Hong Kong,3076661,1.61305723E+10,3.37
1962,Hong Kong,2889092,1.854081E+10,3.681
1963,Hong Kong,2662600,2.09829315E+10,4.246
1964,Hong Kong,3136041,2.243036E+10,4.22
1965,Hong Kong,3855424,2.552655E+10,4.803
1966,Hong Kong,4015305,2.609844E+10,5.162
1967,Hong Kong,3474133,2.6904E+10,6.052
1968,Hong Kong,3065330,2.83006874E+10,6.198
1969,Hong Kong,3395527,3.20179876E+10,7.752
1970,Hong Kong,3739918,3.53540547E+10,8.392
1971,Hong Kong,3989231,3.80350546E+10,9.151
1972,Hong Kong,4117125,4.195875E+10,9.276
1973,Hong Kong,4223249,4.69806162E+10,9.286
1974,Hong Kong,4330726,4.787535E+10,10.667
1975,Hong Kong,4438382,4.78812447E+10,11.008
1976,Hong Kong,4545133,5.55447869E+10,12.49
1977,Hong Kong,4650487,6.19755479E+10,14.204
1978,Hong Kong,4754068,6.72003154E+10,15.714
1979,Hong Kong,4857668,7.494694E+10,15.838
1980,Hong Kong,4962487,8.260671E+10,16.6
1981,Hong Kong,5060961,9.035179E+10,18.617
1982,Hong Kong,5150096,9.30562458E+10,19.623
1983,Hong Kong,5235115,9.863883E+10,20.912
1984,Hong Kong,5315980,1.08818E+11,22.225
1985,Hong Kong,5393122,1.09638E+11,22.881
1986,Hong Kong,5451436,1.21782E+11,25.526
1987,Hong Kong,5486376,1.37911E+11,28.086
1988,Hong Kong,5514905,1.4935E+11,29.285
1989,Hong Kong,5540574,1.53499E+11,30.141
1990,Hong Kong,5560598,1.59035E+11,27.148
1991,Hong Kong,5628090,1.66389E+11,28.463
1992,Hong Kong,5759557,1.74712E+11,32.919
1993,Hong Kong,5902508,1.83842E+11,34.778
1994,Hong Kong,6042260,1.93897E+11,31.079
1995,Hong Kong,6177105,1.96081E+11,31.267
1996,Hong Kong,6302468,2.07053E+11,28.909
1997,Hong Kong,6416672,2.16031E+11,30.497
1998,Hong Kong,6521332,2.01422E+11,38.925
1999,Hong Kong,6616524,2.05094E+11,42.549
2000,Hong Kong,6704664,2.18622E+11,40.283
2001,Hong Kong,6774243,2.19159E+11,37.802
2002,Hong Kong,6821411,2.22183E+11,39.485
2003,Hong Kong,6858906,2.25487E+11,43.202
2004,Hong Kong,6888164,2.43896E+11,41.569
2005,Hong Kong,6908482,2.5947E+11,43.731
2006,Hong Kong,6931090,2.74691E+11,41.915
2007,Hong Kong,6971344,2.91247E+11,43.572
2008,Hong Kong,7020689,2.95823E+11,42.791
2009,Hong Kong,7064465,2.85619E+11,41.579
2010,Hong Kong,7101612,3.02377E+11,40.063
2011,Hong Kong,7142969,3.14045E+11,43.15
2012,Hong Kong,7201060,3.19384E+11,42.742
2013,Hong Kong,7264330,3.2929E+11,44.307
2014,Hong Kong,7319503,3.38386E+11,45.492
2015,Hong Kong,7366411,3.46466E+11,42.4
2016,Hong Kong,7408005,3.54003E+11,43.366
2017,Hong Kong,7444890,3.67442E+11,42.431
2018,Hong Kong,7471189,3.77902E+11,42.601
2019,Hong Kong,7485816,3.71582E+11,41.9
2020,Hong Kong,7490240,3.47263E+11,33.497
2021,Hong Kong,7484604,3.69654E+11,33.717
2022,Hong Kong,7465914,3.5669E+11,31.532
